ts,open,high,low,close,volume
1279411200,0.08584,0.08584,0.08584,0.08584,0.0
1279497600,0.0808,0.0808,0.0808,0.0808,0.0
1279584000,0.0747357288135593,0.0747357288135593,0.0747357288135593,0.0747357288135593,0.0
1279670400,0.0791928626534191,0.0791928626534191,0.0791928626534191,0.0791928626534191,0.0
1279756800,0.0584697603740503,0.0584697603740503,0.0584697603740503,0.0584697603740503,0.0
1279843200,0.0605928696668615,0.0605928696668615,0.0605928696668615,0.0605928696668615,0.0
1279929600,0.05454,0.05454,0.05454,0.05454,0.0
1280016000,0.050540618351841,0.050540618351841,0.050540618351841,0.050540618351841,0.0
1280102400,0.056,0.056,0.056,0.056,0.0
1280188800,0.058622016364699,0.058622016364699,0.058622016364699,0.058622016364699,0.0
1280275200,0.0589110987726476,0.0589110987726476,0.0589110987726476,0.0589110987726476,0.0
1280361600,0.0699,0.0699,0.0699,0.0699,0.0
1280448000,0.064657381648159,0.064657381648159,0.064657381648159,0.064657381648159,0.0
1280534400,0.0675457989479836,0.0675457989479836,0.0675457989479836,0.0675457989479836,0.0
1280620800,0.0611,0.0611,0.0611,0.0611,0.0
1280707200,0.06,0.06,0.06,0.06,0.0
1280793600,0.0600121507890123,0.0600121507890123,0.0600121507890123,0.0600121507890123,0.0
1280880000,0.0570157802454705,0.0570157802454705,0.0570157802454705,0.0570157802454705,0.0
1280966400,0.061,0.061,0.061,0.061,0.0
1281052800,0.0616713150204559,0.0616713150204559,0.0616713150204559,0.0616713150204559,0.0
1281139200,0.0590039450613676,0.0590039450613676,0.0590039450613676,0.0590039450613676,0.0
1281225600,0.0609,0.0609,0.0609,0.0609,0.0
1281312000,0.0704,0.0704,0.0704,0.0704,0.0
1281398400,0.0693387288135593,0.0693387288135593,0.0693387288135593,0.0693387288135593,0.0
1281484800,0.067,0.067,0.067,0.067,0.0
1281571200,0.07,0.07,0.07,0.07,0.0
1281657600,0.0645,0.0645,0.0645,0.0645,0.0
1281744000,0.0669964336645237,0.0669964336645237,0.0669964336645237,0.0669964336645237,0.0
1281830400,0.0651179322033898,0.0651179322033898,0.0651179322033898,0.0651179322033898,0.0
1281916800,0.0655,0.0655,0.0655,0.0655,0.0
1282003200,0.07,0.07,0.07,0.07,0.0
1282089600,0.068,0.068,0.068,0.068,0.0
1282176000,0.0667,0.0667,0.0667,0.0667,0.0
1282262400,0.0655,0.0655,0.0655,0.0655,0.0
1282348800,0.0664,0.0664,0.0664,0.0664,0.0
1282435200,0.0659289888953828,0.0659289888953828,0.0659289888953828,0.0659289888953828,0.0
1282521600,0.06491,0.06491,0.06491,0.06491,0.0
1282608000,0.065,0.065,0.065,0.065,0.0
1282694400,0.0648,0.0648,0.0648,0.0648,0.0
1282780800,0.0640751139684395,0.0640751139684395,0.0640751139684395,0.0640751139684395,0.0
1282867200,0.065,0.065,0.065,0.065,0.0
1282953600,0.0646,0.0646,0.0646,0.0646,0.0
1283040000,0.064,0.064,0.064,0.064,0.0
1283126400,0.06497,0.06497,0.06497,0.06497,0.0
1283212800,0.06,0.06,0.06,0.06,0.0
1283299200,0.0620248275862069,0.0620248275862069,0.0620248275862069,0.0620248275862069,0.0
1283385600,0.0634,0.0634,0.0634,0.0634,0.0
1283472000,0.06085,0.06085,0.06085,0.06085,0.0
1283558400,0.062178275862069,0.062178275862069,0.062178275862069,0.062178275862069,0.0
1283644800,0.06165,0.06165,0.06165,0.06165,0.0
1283731200,0.0616,0.0616,0.0616,0.0616,0.0
1283817600,0.0612391180596142,0.0612391180596142,0.0612391180596142,0.0612391180596142,0.0
1283904000,0.061,0.061,0.061,0.061,0.0
1283990400,0.0611149707773232,0.0611149707773232,0.0611149707773232,0.0611149707773232,0.0
1284076800,0.0610115242548218,0.0610115242548218,0.0610115242548218,0.0610115242548218,0.0
1284163200,0.0636208649912332,0.0636208649912332,0.0636208649912332,0.0636208649912332,0.0
1284249600,0.0615,0.0615,0.0615,0.0615,0.0
1284336000,0.06218,0.06218,0.06218,0.06218,0.0
1284422400,0.06199,0.06199,0.06199,0.06199,0.0
1284508800,0.0604,0.0604,0.0604,0.0604,0.0
1284595200,0.0619,0.0619,0.0619,0.0619,0.0
1284681600,0.0600005260081823,0.0600005260081823,0.0600005260081823,0.0600005260081823,0.0
1284768000,0.061,0.061,0.061,0.061,0.0
1284854400,0.0627,0.0627,0.0627,0.0627,0.0
1284940800,0.0621017358270018,0.0621017358270018,0.0621017358270018,0.0621017358270018,0.0
1285027200,0.06265,0.06265,0.06265,0.06265,0.0
1285113600,0.061881870251315,0.061881870251315,0.061881870251315,0.061881870251315,0.0
1285200000,0.062153512565751,0.062153512565751,0.062153512565751,0.062153512565751,0.0
1285286400,0.0622,0.0622,0.0622,0.0622,0.0
1285372800,0.06202,0.06202,0.06202,0.06202,0.0
1285459200,0.062,0.062,0.062,0.062,0.0
1285545600,0.0622004418468732,0.0622004418468732,0.0622004418468732,0.0622004418468732,0.0
1285632000,0.0619038977206312,0.0619038977206312,0.0619038977206312,0.0619038977206312,0.0
1285718400,0.06191,0.06191,0.06191,0.06191,0.0
1285804800,0.0619,0.0619,0.0619,0.0619,0.0
1285891200,0.0619733138515488,0.0619733138515488,0.0619733138515488,0.0619733138515488,0.0
1285977600,0.0614,0.0614,0.0614,0.0614,0.0
1286064000,0.0610648684979544,0.0610648684979544,0.0610648684979544,0.0610648684979544,0.0
1286150400,0.0612944769140853,0.0612944769140853,0.0612944769140853,0.0612944769140853,0.0
1286236800,0.0614,0.0614,0.0614,0.0614,0.0
1286323200,0.06281,0.06281,0.06281,0.06281,0.0
1286409600,0.067,0.067,0.067,0.067,0.0
1286496000,0.0844531081239041,0.0844531081239041,0.0844531081239041,0.0844531081239041,0.0
1286582400,0.0938,0.0938,0.0938,0.0938,0.0
1286668800,0.0971462010520164,0.0971462010520164,0.0971462010520164,0.0971462010520164,0.0
1286755200,0.095,0.095,0.095,0.095,0.0
1286841600,0.0949,0.0949,0.0949,0.0949,0.0
1286928000,0.104865589129164,0.104865589129164,0.104865589129164,0.104865589129164,0.0
1287014400,0.102,0.102,0.102,0.102,0.0
1287100800,0.105,0.105,0.105,0.105,0.0
1287187200,0.101,0.101,0.101,0.101,0.0
1287273600,0.102,0.102,0.102,0.102,0.0
1287360000,0.1024,0.1024,0.1024,0.1024,0.0
1287446400,0.0975448918760959,0.0975448918760959,0.0975448918760959,0.0975448918760959,0.0
1287532800,0.099,0.099,0.099,0.099,0.0
1287619200,0.107,0.107,0.107,0.107,0.0
1287705600,0.1025,0.1025,0.1025,0.1025,0.0
1287792000,0.104556424313267,0.104556424313267,0.104556424313267,0.104556424313267,0.0
1287878400,0.11501,0.11501,0.11501,0.11501,0.0
1287964800,0.139118552893045,0.139118552893045,0.139118552893045,0.139118552893045,0.0
1288051200,0.151,0.151,0.151,0.151,0.0
1288137600,0.1877,0.1877,0.1877,0.1877,0.0
1288224000,0.1731,0.1731,0.1731,0.1731,0.0
1288310400,0.19,0.19,0.19,0.19,0.0
1288396800,0.197610543541789,0.197610543541789,0.197610543541789,0.197610543541789,0.0
1288483200,0.1925,0.1925,0.1925,0.1925,0.0
1288569600,0.194525061367621,0.194525061367621,0.194525061367621,0.194525061367621,0.0
1288656000,0.1938,0.1938,0.1938,0.1938,0.0
1288742400,0.1931,0.1931,0.1931,0.1931,0.0
1288828800,0.229275160724722,0.229275160724722,0.229275160724722,0.229275160724722,0.0
1288915200,0.259112413793104,0.259112413793104,0.259112413793104,0.259112413793104,0.0
1289001600,0.400982302746932,0.400982302746932,0.400982302746932,0.400982302746932,0.0
1289088000,0.34,0.34,0.34,0.34,0.0
1289174400,0.243184628872005,0.243184628872005,0.243184628872005,0.243184628872005,0.0
1289260800,0.217272694330801,0.217272694330801,0.217272694330801,0.217272694330801,0.0
1289347200,0.229549731151373,0.229549731151373,0.229549731151373,0.229549731151373,0.0
1289433600,0.2231,0.2231,0.2231,0.2231,0.0
1289520000,0.2682,0.2682,0.2682,0.2682,0.0
1289606400,0.276,0.276,0.276,0.276,0.0
1289692800,0.27904,0.27904,0.27904,0.27904,0.0
1289779200,0.268464555815313,0.268464555815313,0.268464555815313,0.268464555815313,0.0
1289865600,0.225,0.225,0.225,0.225,0.0
1289952000,0.241939333722969,0.241939333722969,0.241939333722969,0.241939333722969,0.0
1290038400,0.269057790765634,0.269057790765634,0.269057790765634,0.269057790765634,0.0
1290124800,0.27829,0.27829,0.27829,0.27829,0.0
1290211200,0.283015964932788,0.283015964932788,0.283015964932788,0.283015964932788,0.0
1290297600,0.27675,0.27675,0.27675,0.27675,0.0
1290384000,0.285,0.285,0.285,0.285,0.0
1290470400,0.28295,0.28295,0.28295,0.28295,0.0
1290556800,0.282905736411455,0.282905736411455,0.282905736411455,0.282905736411455,0.0
1290643200,0.28,0.28,0.28,0.28,0.0
1290729600,0.2844,0.2844,0.2844,0.2844,0.0
1290816000,0.283,0.283,0.283,0.283,0.0
1290902400,0.271358679135009,0.271358679135009,0.271358679135009,0.271358679135009,0.0
1290988800,0.230559456458212,0.230559456458212,0.230559456458212,0.230559456458212,0.0
1291075200,0.2082,0.2082,0.2082,0.2082,0.0
1291161600,0.2275,0.2275,0.2275,0.2275,0.0
1291248000,0.255,0.255,0.255,0.255,0.0
1291334400,0.251060083576856,0.251060083576856,0.251060083576856,0.251060083576856,0.0
1291420800,0.205000526008182,0.205000526008182,0.205000526008182,0.205000526008182,0.0
1291507200,0.202850017533606,0.202850017533606,0.202850017533606,0.202850017533606,0.0
1291593600,0.204,0.204,0.204,0.204,0.0
1291680000,0.233420385739334,0.233420385739334,0.233420385739334,0.233420385739334,0.0
1291766400,0.2388,0.2388,0.2388,0.2388,0.0
1291852800,0.199991694330801,0.199991694330801,0.199991694330801,0.199991694330801,0.0
1291939200,0.204,0.204,0.204,0.204,0.0
1292025600,0.228,0.228,0.228,0.228,0.0
1292112000,0.219853611922852,0.219853611922852,0.219853611922852,0.219853611922852,0.0
1292198400,0.227605236703682,0.227605236703682,0.227605236703682,0.227605236703682,0.0
1292284800,0.24669,0.24669,0.24669,0.24669,0.0
1292371200,0.24,0.24,0.24,0.24,0.0
1292457600,0.24996,0.24996,0.24996,0.24996,0.0
1292544000,0.242655815312683,0.242655815312683,0.242655815312683,0.242655815312683,0.0
1292630400,0.241,0.241,0.241,0.241,0.0
1292716800,0.2401,0.2401,0.2401,0.2401,0.0
1292803200,0.267,0.267,0.267,0.267,0.0
1292889600,0.241436002337814,0.241436002337814,0.241436002337814,0.241436002337814,0.0
1292976000,0.25,0.25,0.25,0.25,0.0
1293062400,0.249970127995324,0.249970127995324,0.249970127995324,0.249970127995324,0.0
1293148800,0.248,0.248,0.248,0.248,0.0
1293235200,0.2499,0.2499,0.2499,0.2499,0.0
1293321600,0.264962127410871,0.264962127410871,0.264962127410871,0.264962127410871,0.0
1293408000,0.264785388661601,0.264785388661601,0.264785388661601,0.264785388661601,0.0
1293494400,0.281,0.281,0.281,0.281,0.0
1293580800,0.3,0.3,0.3,0.3,0.0
1293667200,0.3,0.3,0.3,0.3,0.0
1293753600,0.3,0.3,0.3,0.3,0.0
1293840000,0.3,0.3,0.3,0.3,0.0
1293926400,0.29997,0.29997,0.29997,0.29997,0.0
1294012800,0.295,0.295,0.295,0.295,0.0
1294099200,0.29895,0.29895,0.29895,0.29895,0.0
1294185600,0.298916302162478,0.298916302162478,0.298916302162478,0.298916302162478,0.0
1294272000,0.298,0.298,0.298,0.298,0.0
1294358400,0.32,0.32,0.32,0.32,0.0
1294444800,0.3229,0.3229,0.3229,0.3229,0.0
1294531200,0.323,0.323,0.323,0.323,0.0
1294617600,0.32659,0.32659,0.32659,0.32659,0.0
1294704000,0.32659,0.32659,0.32659,0.32659,0.0
1294790400,0.318799621274109,0.318799621274109,0.318799621274109,0.318799621274109,0.0
1294876800,0.3176,0.3176,0.3176,0.3176,0.0
1294963200,0.399990005844535,0.399990005844535,0.399990005844535,0.399990005844535,0.0
1295049600,0.386,0.386,0.386,0.386,0.0
1295136000,0.38679,0.38679,0.38679,0.38679,0.0
1295222400,0.3495,0.3495,0.3495,0.3495,0.0
1295308800,0.31299,0.31299,0.31299,0.31299,0.0
1295395200,0.31299,0.31299,0.31299,0.31299,0.0
1295481600,0.39,0.39,0.39,0.39,0.0
1295568000,0.41991,0.41991,0.41991,0.41991,0.0
1295654400,0.44003552893045,0.44003552893045,0.44003552893045,0.44003552893045,0.0
1295740800,0.4424,0.4424,0.4424,0.4424,0.0
1295827200,0.4199,0.4199,0.4199,0.4199,0.0
1295913600,0.41,0.41,0.41,0.41,0.0
1296000000,0.415085129748685,0.415085129748685,0.415085129748685,0.415085129748685,0.0
1296086400,0.4212,0.4212,0.4212,0.4212,0.0
1296172800,0.444484044418469,0.444484044418469,0.444484044418469,0.444484044418469,0.0
1296259200,0.439,0.439,0.439,0.439,0.0
1296345600,0.477142033898305,0.477142033898305,0.477142033898305,0.477142033898305,0.0
1296432000,0.525136870251315,0.525136870251315,0.525136870251315,0.525136870251315,0.0
1296518400,0.707510116890707,0.707510116890707,0.707510116890707,0.707510116890707,0.0
1296604800,0.725434821741671,0.725434821741671,0.725434821741671,0.725434821741671,0.0
1296691200,0.693898367621274,0.693898367621274,0.693898367621274,0.693898367621274,0.0
1296777600,0.810958971361777,0.810958971361777,0.810958971361777,0.810958971361777,0.0
1296864000,0.911671477498539,0.911671477498539,0.911671477498539,0.911671477498539,0.0
1296950400,0.898,0.898,0.898,0.898,0.0
1297036800,0.889421369959088,0.889421369959088,0.889421369959088,0.889421369959088,0.0
1297123200,0.918,0.918,0.918,0.918,0.0
1297209600,1.01605024547049,1.01605024547049,1.01605024547049,1.01605024547049,0.0
1297296000,0.979652963179427,0.979652963179427,0.979652963179427,0.979652963179427,0.0
1297382400,1.05406945353594,1.05406945353594,1.05406945353594,1.05406945353594,0.0
1297468800,1.07870328404442,1.07870328404442,1.07870328404442,1.07870328404442,0.0
1297555200,1.05,1.05,1.05,1.05,0.0
1297641600,1.07001262419638,1.07001262419638,1.07001262419638,1.07001262419638,0.0
1297728000,1.05,1.05,1.05,1.05,0.0
1297814400,1.031687628872,1.031687628872,1.031687628872,1.031687628872,0.0
1297900800,1.0399231975453,1.0399231975453,1.0399231975453,1.0399231975453,0.0
1297987200,0.898955914669784,0.898955914669784,0.898955914669784,0.898955914669784,0.0
1298073600,0.944028116890707,0.944028116890707,0.944028116890707,0.944028116890707,0.0
1298160000,0.865,0.865,0.865,0.865,0.0
1298246400,0.835747428404442,0.835747428404442,0.835747428404442,0.835747428404442,0.0
1298332800,0.877041779661017,0.877041779661017,0.877041779661017,0.877041779661017,0.0
1298419200,0.9,0.9,0.9,0.9,0.0
1298505600,0.989095265926359,0.989095265926359,0.989095265926359,0.989095265926359,0.0
1298592000,0.914652001753361,0.914652001753361,0.914652001753361,0.914652001753361,0.0
1298678400,0.958,0.958,0.958,0.958,0.0
1298764800,0.895033114552893,0.895033114552893,0.895033114552893,0.895033114552893,0.0
1298851200,0.860220923436587,0.860220923436587,0.860220923436587,0.860220923436587,0.0
1298937600,0.921096891876096,0.921096891876096,0.921096891876096,0.921096891876096,0.0
1299024000,0.9399,0.9399,0.9399,0.9399,0.0
1299110400,0.939073383401519,0.939073383401519,0.939073383401519,0.939073383401519,0.0
1299196800,0.9011,0.9011,0.9011,0.9011,0.0
1299283200,0.90784060666277,0.90784060666277,0.90784060666277,0.90784060666277,0.0
1299369600,0.884770973115138,0.884770973115138,0.884770973115138,0.884770973115138,0.0
1299456000,0.877583864406779,0.877583864406779,0.877583864406779,0.877583864406779,0.0
1299542400,0.866071591466979,0.866071591466979,0.866071591466979,0.866071591466979,0.0
1299628800,0.86,0.86,0.86,0.86,0.0
1299715200,0.920670309760374,0.920670309760374,0.920670309760374,0.920670309760374,0.0
1299801600,0.88,0.88,0.88,0.88,0.0
1299888000,0.917815513150205,0.917815513150205,0.917815513150205,0.917815513150205,0.0
1299974400,0.89249,0.89249,0.89249,0.89249,0.0
1300060800,0.893924922852133,0.893924922852133,0.893924922852133,0.893924922852133,0.0
1300147200,0.87224,0.87224,0.87224,0.87224,0.0
1300233600,0.851211665692578,0.851211665692578,0.851211665692578,0.851211665692578,0.0
1300320000,0.82542,0.82542,0.82542,0.82542,0.0
1300406400,0.801959208065459,0.801959208065459,0.801959208065459,0.801959208065459,0.0
1300492800,0.765,0.765,0.765,0.765,0.0
1300579200,0.7415,0.7415,0.7415,0.7415,0.0
1300665600,0.75897,0.75897,0.75897,0.75897,0.0
1300752000,0.809130292811222,0.809130292811222,0.809130292811222,0.809130292811222,0.0
1300838400,0.84971,0.84971,0.84971,0.84971,0.0
1300924800,0.872374365867914,0.872374365867914,0.872374365867914,0.872374365867914,0.0
1301011200,0.88377,0.88377,0.88377,0.88377,0.0
1301097600,0.8552,0.8552,0.8552,0.8552,0.0
1301184000,0.822,0.822,0.822,0.822,0.0
1301270400,0.794740500292227,0.794740500292227,0.794740500292227,0.794740500292227,0.0
1301356800,0.792509941554646,0.792509941554646,0.792509941554646,0.792509941554646,0.0
1301443200,0.789706312098189,0.789706312098189,0.789706312098189,0.789706312098189,0.0
1301529600,0.78461,0.78461,0.78461,0.78461,0.0
1301616000,0.77411,0.77411,0.77411,0.77411,0.0
1301702400,0.78199,0.78199,0.78199,0.78199,0.0
1301788800,0.779,0.779,0.779,0.779,0.0
1301875200,0.68,0.68,0.68,0.68,0.0
1301961600,0.715691834599649,0.715691834599649,0.715691834599649,0.715691834599649,0.0
1302048000,0.74,0.74,0.74,0.74,0.0
1302134400,0.7538,0.7538,0.7538,0.7538,0.0
1302220800,0.74999,0.74999,0.74999,0.74999,0.0
1302307200,0.734060517241379,0.734060517241379,0.734060517241379,0.734060517241379,0.0
1302393600,0.733156820572765,0.733156820572765,0.733156820572765,0.733156820572765,0.0
1302480000,0.770113933372297,0.770113933372297,0.770113933372297,0.770113933372297,0.0
1302566400,0.861381607831677,0.861381607831677,0.861381607831677,0.861381607831677,0.0
1302652800,0.930320058445353,0.930320058445353,0.930320058445353,0.930320058445353,0.0
1302739200,0.998629766218586,0.998629766218586,0.998629766218586,0.998629766218586,0.0
1302825600,0.983673136762127,0.983673136762127,0.983673136762127,0.983673136762127,0.0
1302912000,1.04663285797779,1.04663285797779,1.04663285797779,1.04663285797779,0.0
1302998400,1.09812209789597,1.09812209789597,1.09812209789597,1.09812209789597,0.0
1303084800,1.14943331151373,1.14943331151373,1.14943331151373,1.14943331151373,0.0
1303171200,1.18516222092344,1.18516222092344,1.18516222092344,1.18516222092344,0.0
1303257600,1.14212598480421,1.14212598480421,1.14212598480421,1.14212598480421,0.0
1303344000,1.20733887200468,1.20733887200468,1.20733887200468,1.20733887200468,0.0
1303430400,1.40450508182349,1.40450508182349,1.40450508182349,1.40450508182349,0.0
1303516800,1.82885230099357,1.82885230099357,1.82885230099357,1.82885230099357,0.0
1303603200,1.63198421975453,1.63198421975453,1.63198421975453,1.63198421975453,0.0
1303689600,1.56448363530099,1.56448363530099,1.56448363530099,1.56448363530099,0.0
1303776000,1.77084089012274,1.77084089012274,1.77084089012274,1.77084089012274,0.0
1303862400,1.9031759585038,1.9031759585038,1.9031759585038,1.9031759585038,0.0
1303948800,2.28574446580947,2.28574446580947,2.28574446580947,2.28574446580947,0.0
1304035200,2.85060509000585,2.85060509000585,2.85060509000585,2.85060509000585,0.0
1304121600,3.5,3.5,3.5,3.5,0.0
1304208000,3.0942275534775,3.0942275534775,3.0942275534775,3.0942275534775,0.0
1304294400,3.2,3.2,3.2,3.2,0.0
1304380800,3.36058570368206,3.36058570368206,3.36058570368206,3.36058570368206,0.0
1304467200,3.40867304734074,3.40867304734074,3.40867304734074,3.40867304734074,0.0
1304553600,3.34373668439509,3.34373668439509,3.34373668439509,3.34373668439509,0.0
1304640000,3.45507558445354,3.45507558445354,3.45507558445354,3.45507558445354,0.0
1304726400,3.64126297779077,3.64126297779077,3.64126297779077,3.64126297779077,0.0
1304812800,3.84866837697253,3.84866837697253,3.84866837697253,3.84866837697253,0.0
1304899200,3.80408958211572,3.80408958211572,3.80408958211572,3.80408958211572,0.0
1304985600,5.65166700233781,5.65166700233781,5.65166700233781,5.65166700233781,0.0
1305072000,5.43975104383402,5.43975104383402,5.43975104383402,5.43975104383402,0.0
1305158400,6.3348786943308,6.3348786943308,6.3348786943308,6.3348786943308,0.0
1305244800,8.13903486732905,8.13903486732905,8.13903486732905,8.13903486732905,0.0
1305331200,7.00724382933957,7.00724382933957,7.00724382933957,7.00724382933957,0.0
1305417600,6.92492484453536,6.92492484453536,6.92492484453536,6.92492484453536,0.0
1305504000,7.88514074517826,7.88514074517826,7.88514074517826,7.88514074517826,0.0
1305590400,7.25719954061952,7.25719954061952,7.25719954061952,7.25719954061952,0.0
1305676800,6.76316336236119,6.76316336236119,6.76316336236119,6.76316336236119,0.0
1305763200,6.89014363237873,6.89014363237873,6.89014363237873,6.89014363237873,0.0
1305849600,5.61809621858562,5.61809621858562,5.61809621858562,5.61809621858562,0.0
1305936000,6.08480066744594,6.08480066744594,6.08480066744594,6.08480066744594,0.0
1306022400,6.71195603974284,6.71195603974284,6.71195603974284,6.71195603974284,0.0
1306108800,7.06525678375219,7.06525678375219,7.06525678375219,7.06525678375219,0.0
1306195200,7.40266058211573,7.40266058211573,7.40266058211573,7.40266058211573,0.0
1306281600,8.56928963705436,8.56928963705436,8.56928963705436,8.56928963705436,0.0
1306368000,8.78215543424898,8.78215543424898,8.78215543424898,8.78215543424898,0.0
1306454400,8.52865846814728,8.52865846814728,8.52865846814728,8.52865846814728,0.0
1306540800,8.34926911981298,8.34926911981298,8.34926911981298,8.34926911981298,0.0
1306627200,8.40095347223846,8.40095347223846,8.40095347223846,8.40095347223846,0.0
1306713600,8.77934246464056,8.77934246464056,8.77934246464056,8.77934246464056,0.0
1306800000,8.72157642197545,8.72157642197545,8.72157642197545,8.72157642197545,0.0
1306886400,9.62377723202805,9.62377723202805,9.62377723202805,9.62377723202805,0.0
1306972800,10.7027602279369,10.7027602279369,10.7027602279369,10.7027602279369,0.0
1307059200,14.2646467738165,14.2646467738165,14.2646467738165,14.2646467738165,0.0
1307145600,18.3127387258913,18.3127387258913,18.3127387258913,18.3127387258913,0.0
1307232000,16.5433423962595,16.5433423962595,16.5433423962595,16.5433423962595,0.0
1307318400,18.4020986440678,18.4020986440678,18.4020986440678,18.4020986440678,0.0
1307404800,23.2378784628872,23.2378784628872,23.2378784628872,23.2378784628872,0.0
1307491200,29.0299213267095,29.0299213267095,29.0299213267095,29.0299213267095,0.0
1307577600,28.7905440181181,28.7905440181181,28.7905440181181,28.7905440181181,0.0
1307664000,24.0493992285213,24.0493992285213,24.0493992285213,24.0493992285213,0.0
1307750400,14.7497466277031,14.7497466277031,14.7497466277031,14.7497466277031,0.0
1307836800,18.8501447311514,18.8501447311514,18.8501447311514,18.8501447311514,0.0
1307923200,19.5423291145529,19.5423291145529,19.5423291145529,19.5423291145529,0.0
1308009600,19.2577355055523,19.2577355055523,19.2577355055523,19.2577355055523,0.0
1308096000,19.4641426241964,19.4641426241964,19.4641426241964,19.4641426241964,0.0
1308182400,17.9293625423729,17.9293625423729,17.9293625423729,17.9293625423729,0.0
1308268800,15.4363689129164,15.4363689129164,15.4363689129164,15.4363689129164,0.0
1308355200,16.8754045353594,16.8754045353594,16.8754045353594,16.8754045353594,0.0
1308441600,17.5107167913501,17.5107167913501,17.5107167913501,17.5107167913501,0.0
1308528000,17.5107167913501,17.5107167913501,17.5107167913501,17.5107167913501,0.0
1308614400,17.5107167913501,17.5107167913501,17.5107167913501,17.5107167913501,0.0
1308700800,17.5107167913501,17.5107167913501,17.5107167913501,17.5107167913501,0.0
1308787200,17.5107167913501,17.5107167913501,17.5107167913501,17.5107167913501,0.0
1308873600,17.5107167913501,17.5107167913501,17.5107167913501,17.5107167913501,0.0
1308960000,17.5107167913501,17.5107167913501,17.5107167913501,17.5107167913501,0.0
1309046400,16.3613420157802,16.3613420157802,16.3613420157802,16.3613420157802,0.0
1309132800,16.7522858132671,16.7522858132671,16.7522858132671,16.7522858132671,0.0
1309219200,16.9618353071303,16.9618353071303,16.9618353071303,16.9618353071303,0.0
1309305600,16.8545683179427,16.8545683179427,16.8545683179427,16.8545683179427,0.0
1309392000,16.1852627808299,16.1852627808299,16.1852627808299,16.1852627808299,0.0
1309478400,15.4203573991818,15.4203573991818,15.4203573991818,15.4203573991818,0.0
1309564800,15.38284406955,15.38284406955,15.38284406955,15.38284406955,0.0
1309651200,15.4575505604909,15.4575505604909,15.4575505604909,15.4575505604909,0.0
1309737600,13.8527968123904,13.8527968123904,13.8527968123904,13.8527968123904,0.0
1309824000,12.9648177147867,12.9648177147867,12.9648177147867,12.9648177147867,0.0
1309910400,14.7147835832846,14.7147835832846,14.7147835832846,14.7147835832846,0.0
1309996800,14.7972891613092,14.7972891613092,14.7972891613092,14.7972891613092,0.0
1310083200,14.2990376969608,14.2990376969608,14.2990376969608,14.2990376969608,0.0
1310169600,14.3815006697838,14.3815006697838,14.3815006697838,14.3815006697838,0.0
1310256000,14.6229375511397,14.6229375511397,14.6229375511397,14.6229375511397,0.0
1310342400,14.3101554330801,14.3101554330801,14.3101554330801,14.3101554330801,0.0
1310428800,14.0212726215663,14.0212726215663,14.0212726215663,14.0212726215663,0.0
1310515200,13.9714545225015,13.9714545225015,13.9714545225015,13.9714545225015,0.0
1310601600,13.997974547633,13.997974547633,13.997974547633,13.997974547633,0.0
1310688000,13.8063904056108,13.8063904056108,13.8063904056108,13.8063904056108,0.0
1310774400,13.7130792992402,13.7130792992402,13.7130792992402,13.7130792992402,0.0
1310860800,13.2581353109293,13.2581353109293,13.2581353109293,13.2581353109293,0.0
1310947200,13.6305212504383,13.6305212504383,13.6305212504383,13.6305212504383,0.0
1311033600,13.8247948386908,13.8247948386908,13.8247948386908,13.8247948386908,0.0
1311120000,13.6783305920514,13.6783305920514,13.6783305920514,13.6783305920514,0.0
1311206400,13.6118084418469,13.6118084418469,13.6118084418469,13.6118084418469,0.0
1311292800,13.6985473310929,13.6985473310929,13.6985473310929,13.6985473310929,0.0
1311379200,13.6817183424898,13.6817183424898,13.6817183424898,13.6817183424898,0.0
1311465600,13.992515176505,13.992515176505,13.992515176505,13.992515176505,0.0
1311552000,14.0334253787259,14.0334253787259,14.0334253787259,14.0334253787259,0.0
1311638400,13.8780323232028,13.8780323232028,13.8780323232028,13.8780323232028,0.0
1311724800,13.878224755114,13.878224755114,13.878224755114,13.878224755114,0.0
1311811200,13.4915910756867,13.4915910756867,13.4915910756867,13.4915910756867,0.0
1311897600,13.5123163901227,13.5123163901227,13.5123163901227,13.5123163901227,0.0
1311984000,13.5402806738749,13.5402806738749,13.5402806738749,13.5402806738749,0.0
1312070400,13.3729061022794,13.3729061022794,13.3729061022794,13.3729061022794,0.0
1312156800,13.0191138468732,13.0191138468732,13.0191138468732,13.0191138468732,0.0
1312243200,12.2141564389246,12.2141564389246,12.2141564389246,12.2141564389246,0.0
1312329600,9.28635691350088,9.28635691350088,9.28635691350088,9.28635691350088,0.0
1312416000,10.7685037481005,10.7685037481005,10.7685037481005,10.7685037481005,0.0
1312502400,9.73015395967271,9.73015395967271,9.73015395967271,9.73015395967271,0.0
1312588800,6.964169735827,6.964169735827,6.964169735827,6.964169735827,0.0
1312675200,8.50179329222677,8.50179329222677,8.50179329222677,8.50179329222677,0.0
1312761600,7.77533763793104,7.77533763793104,7.77533763793104,7.77533763793104,0.0
1312848000,9.80249948100526,9.80249948100526,9.80249948100526,9.80249948100526,0.0
1312934400,10.0512531274109,10.0512531274109,10.0512531274109,10.0512531274109,0.0
1313020800,9.43841299473992,9.43841299473992,9.43841299473992,9.43841299473992,0.0
1313107200,9.45299328521333,9.45299328521333,9.45299328521333,9.45299328521333,0.0
1313193600,10.0040247445938,10.0040247445938,10.0040247445938,10.0040247445938,0.0
1313280000,10.8068207665108,10.8068207665108,10.8068207665108,10.8068207665108,0.0
1313366400,11.1306965499708,11.1306965499708,11.1306965499708,11.1306965499708,0.0
1313452800,10.9919655669199,10.9919655669199,10.9919655669199,10.9919655669199,0.0
1313539200,10.9639640561075,10.9639640561075,10.9639640561075,10.9639640561075,0.0
1313625600,10.8584714558738,10.8584714558738,10.8584714558738,10.8584714558738,0.0
1313712000,11.6704730432496,11.6704730432496,11.6704730432496,11.6704730432496,0.0
1313798400,11.4597317393337,11.4597317393337,11.4597317393337,11.4597317393337,0.0
1313884800,11.3544813407364,11.3544813407364,11.3544813407364,11.3544813407364,0.0
1313971200,10.9208958246639,10.9208958246639,10.9208958246639,10.9208958246639,0.0
1314057600,10.9172450543542,10.9172450543542,10.9172450543542,10.9172450543542,0.0
1314144000,10.870444289889,10.870444289889,10.870444289889,10.870444289889,0.0
1314230400,9.5460936735827,9.5460936735827,9.5460936735827,9.5460936735827,0.0
1314316800,8.12692016306254,8.12692016306254,8.12692016306254,8.12692016306254,0.0
1314403200,8.59649760666277,8.59649760666277,8.59649760666277,8.59649760666277,0.0
1314489600,9.03086639976622,9.03086639976622,9.03086639976622,9.03086639976622,0.0
1314576000,8.96115727060199,8.96115727060199,8.96115727060199,8.96115727060199,0.0
1314662400,8.80994873816481,8.80994873816481,8.80994873816481,8.80994873816481,0.0
1314748800,8.19915176446523,8.19915176446523,8.19915176446523,8.19915176446523,0.0
1314835200,8.23428166510813,8.23428166510813,8.23428166510813,8.23428166510813,0.0
1314921600,8.6214244377557,8.6214244377557,8.6214244377557,8.6214244377557,0.0
1315008000,8.44965344067796,8.44965344067796,8.44965344067796,8.44965344067796,0.0
1315094400,8.20347060227937,8.20347060227937,8.20347060227937,8.20347060227937,0.0
1315180800,7.5973325251315,7.5973325251315,7.5973325251315,7.5973325251315,0.0
1315267200,6.84653002893045,6.84653002893045,6.84653002893045,6.84653002893045,0.0
1315353600,7.16297027352426,7.16297027352426,7.16297027352426,7.16297027352426,0.0
1315440000,6.67818000029223,6.67818000029223,6.67818000029223,6.67818000029223,0.0
1315526400,4.98677704178843,4.98677704178843,4.98677704178843,4.98677704178843,0.0
1315612800,4.74284665517242,4.74284665517242,4.74284665517242,4.74284665517242,0.0
1315699200,5.85290397253068,5.85290397253068,5.85290397253068,5.85290397253068,0.0
1315785600,6.09062947223846,6.09062947223846,6.09062947223846,6.09062947223846,0.0
1315872000,5.80252327703098,5.80252327703098,5.80252327703098,5.80252327703098,0.0
1315958400,5.59743261016949,5.59743261016949,5.59743261016949,5.59743261016949,0.0
1316044800,4.86775518468732,4.86775518468732,4.86775518468732,4.86775518468732,0.0
1316131200,4.83116810052601,4.83116810052601,4.83116810052601,4.83116810052601,0.0
1316217600,4.775285635301,4.775285635301,4.775285635301,4.775285635301,0.0
1316304000,5.23673227819988,5.23673227819988,5.23673227819988,5.23673227819988,0.0
1316390400,5.52037669199299,5.52037669199299,5.52037669199299,5.52037669199299,0.0
1316476800,6.14666555172414,6.14666555172414,6.14666555172414,6.14666555172414,0.0
1316563200,5.59706749795441,5.59706749795441,5.59706749795441,5.59706749795441,0.0
1316649600,5.47504877673875,5.47504877673875,5.47504877673875,5.47504877673875,0.0
1316736000,5.56342141963764,5.56342141963764,5.56342141963764,5.56342141963764,0.0
1316822400,5.45788968731736,5.45788968731736,5.45788968731736,5.45788968731736,0.0
1316908800,5.34115488135593,5.34115488135593,5.34115488135593,5.34115488135593,0.0
1316995200,4.87382608123904,4.87382608123904,4.87382608123904,4.87382608123904,0.0
1317081600,4.91115779251899,4.91115779251899,4.91115779251899,4.91115779251899,0.0
1317168000,4.76341532144945,4.76341532144945,4.76341532144945,4.76341532144945,0.0
1317254400,4.77766097837522,4.77766097837522,4.77766097837522,4.77766097837522,0.0
1317340800,5.14368590999416,5.14368590999416,5.14368590999416,5.14368590999416,0.0
1317427200,5.03407054471069,5.03407054471069,5.03407054471069,5.03407054471069,0.0
1317513600,5.00706259672706,5.00706259672706,5.00706259672706,5.00706259672706,0.0
1317600000,5.02284486031561,5.02284486031561,5.02284486031561,5.02284486031561,0.0
1317686400,4.95680562068966,4.95680562068966,4.95680562068966,4.95680562068966,0.0
1317772800,4.88506713091759,4.88506713091759,4.88506713091759,4.88506713091759,0.0
1317859200,4.73016629573349,4.73016629573349,4.73016629573349,4.73016629573349,0.0
1317945600,4.27603575686733,4.27603575686733,4.27603575686733,4.27603575686733,0.0
1318032000,3.98125299415546,3.98125299415546,3.98125299415546,3.98125299415546,0.0
1318118400,4.11163464348334,4.11163464348334,4.11163464348334,4.11163464348334,0.0
1318204800,4.07496248392753,4.07496248392753,4.07496248392753,4.07496248392753,0.0
1318291200,4.00892449590883,4.00892449590883,4.00892449590883,4.00892449590883,0.0
1318377600,4.16623534248977,4.16623534248977,4.16623534248977,4.16623534248977,0.0
1318464000,4.03698109000584,4.03698109000584,4.03698109000584,4.03698109000584,0.0
1318550400,3.98628088544711,3.98628088544711,3.98628088544711,3.98628088544711,0.0
1318636800,3.83733856049094,3.83733856049094,3.83733856049094,3.83733856049094,0.0
1318723200,3.60974171654003,3.60974171654003,3.60974171654003,3.60974171654003,0.0
1318809600,2.58124672180012,2.58124672180012,2.58124672180012,2.58124672180012,0.0
1318896000,2.42227473816482,2.42227473816482,2.42227473816482,2.42227473816482,0.0
1318982400,2.21725471303331,2.21725471303331,2.21725471303331,2.21725471303331,0.0
1319068800,2.35612350847458,2.35612350847458,2.35612350847458,2.35612350847458,0.0
1319155200,2.57009230508475,2.57009230508475,2.57009230508475,2.57009230508475,0.0
1319241600,3.15548613851549,3.15548613851549,3.15548613851549,3.15548613851549,0.0
1319328000,3.14775092986558,3.14775092986558,3.14775092986558,3.14775092986558,0.0
1319414400,2.52293599766219,2.52293599766219,2.52293599766219,2.52293599766219,0.0
1319500800,2.80192383109293,2.80192383109293,2.80192383109293,2.80192383109293,0.0
1319587200,2.7775052390415,2.7775052390415,2.7775052390415,2.7775052390415,0.0
1319673600,3.04540782758621,3.04540782758621,3.04540782758621,3.04540782758621,0.0
1319760000,3.17963943658679,3.17963943658679,3.17963943658679,3.17963943658679,0.0
1319846400,3.56918896873174,3.56918896873174,3.56918896873174,3.56918896873174,0.0
1319932800,3.25740372296902,3.25740372296902,3.25740372296902,3.25740372296902,0.0
1320019200,3.26509821274109,3.26509821274109,3.26509821274109,3.26509821274109,0.0
1320105600,3.17100774284044,3.17100774284044,3.17100774284044,3.17100774284044,0.0
1320192000,3.2558005666277,3.2558005666277,3.2558005666277,3.2558005666277,0.0
1320278400,3.16831638515488,3.16831638515488,3.16831638515488,3.16831638515488,0.0
1320364800,3.12011817182934,3.12011817182934,3.12011817182934,3.12011817182934,0.0
1320451200,2.97781759789597,2.97781759789597,2.97781759789597,2.97781759789597,0.0
1320537600,2.96272057685564,2.96272057685564,2.96272057685564,2.96272057685564,0.0
1320624000,3.01775768731736,3.01775768731736,3.01775768731736,3.01775768731736,0.0
1320710400,3.05656711104617,3.05656711104617,3.05656711104617,3.05656711104617,0.0
1320796800,2.9195672238457,2.9195672238457,2.9195672238457,2.9195672238457,0.0
1320883200,2.85670208533022,2.85670208533022,2.85670208533022,2.85670208533022,0.0
1320969600,3.06786173348919,3.06786173348919,3.06786173348919,3.06786173348919,0.0
1321056000,3.02552299590883,3.02552299590883,3.02552299590883,3.02552299590883,0.0
1321142400,2.98637330333139,2.98637330333139,2.98637330333139,2.98637330333139,0.0
1321228800,2.22422446434833,2.22422446434833,2.22422446434833,2.22422446434833,0.0
1321315200,2.3223841157218,2.3223841157218,2.3223841157218,2.3223841157218,0.0
1321401600,2.54678093074226,2.54678093074226,2.54678093074226,2.54678093074226,0.0
1321488000,2.27909583576856,2.27909583576856,2.27909583576856,2.27909583576856,0.0
1321574400,2.10506600321449,2.10506600321449,2.10506600321449,2.10506600321449,0.0
1321660800,2.20345672180012,2.20345672180012,2.20345672180012,2.20345672180012,0.0
1321747200,2.20198950964348,2.20198950964348,2.20198950964348,2.20198950964348,0.0
1321833600,2.27987916540035,2.27987916540035,2.27987916540035,2.27987916540035,0.0
1321920000,2.32245859614261,2.32245859614261,2.32245859614261,2.32245859614261,0.0
1322006400,2.33032356750438,2.33032356750438,2.33032356750438,2.33032356750438,0.0
1322092800,2.43887900029223,2.43887900029223,2.43887900029223,2.43887900029223,0.0
1322179200,2.49616100292227,2.49616100292227,2.49616100292227,2.49616100292227,0.0
1322265600,2.47179996902396,2.47179996902396,2.47179996902396,2.47179996902396,0.0
1322352000,2.47756495119813,2.47756495119813,2.47756495119813,2.47756495119813,0.0
1322438400,2.5412402521917,2.5412402521917,2.5412402521917,2.5412402521917,0.0
1322524800,2.75769848275862,2.75769848275862,2.75769848275862,2.75769848275862,0.0
1322611200,2.9660415458796,2.9660415458796,2.9660415458796,2.9660415458796,0.0
1322697600,3.08258945002922,3.08258945002922,3.08258945002922,3.08258945002922,0.0
1322784000,3.10040233313852,3.10040233313852,3.10040233313852,3.10040233313852,0.0
1322870400,2.80385618527177,2.80385618527177,2.80385618527177,2.80385618527177,0.0
1322956800,2.81969397603741,2.81969397603741,2.81969397603741,2.81969397603741,0.0
1323043200,2.87479622735242,2.87479622735242,2.87479622735242,2.87479622735242,0.0
1323129600,3.02536045149036,3.02536045149036,3.02536045149036,3.02536045149036,0.0
1323216000,2.98550242109877,2.98550242109877,2.98550242109877,2.98550242109877,0.0
1323302400,2.99188048305085,2.99188048305085,2.99188048305085,2.99188048305085,0.0
1323388800,2.95579195207481,2.95579195207481,2.95579195207481,2.95579195207481,0.0
1323475200,3.06897526709527,3.06897526709527,3.06897526709527,3.06897526709527,0.0
1323561600,3.2492688471654,3.2492688471654,3.2492688471654,3.2492688471654,0.0
1323648000,3.18733535651666,3.18733535651666,3.18733535651666,3.18733535651666,0.0
1323734400,3.24108840853302,3.24108840853302,3.24108840853302,3.24108840853302,0.0
1323820800,3.1550865043834,3.1550865043834,3.1550865043834,3.1550865043834,0.0
1323907200,3.20313854061952,3.20313854061952,3.20313854061952,3.20313854061952,0.0
1323993600,3.2091377773232,3.2091377773232,3.2091377773232,3.2091377773232,0.0
1324080000,3.19254170426651,3.19254170426651,3.19254170426651,3.19254170426651,0.0
1324166400,3.19401080888369,3.19401080888369,3.19401080888369,3.19401080888369,0.0
1324252800,3.52577391934541,3.52577391934541,3.52577391934541,3.52577391934541,0.0
1324339200,3.95255082729398,3.95255082729398,3.95255082729398,3.95255082729398,0.0
1324425600,3.88899325073057,3.88899325073057,3.88899325073057,3.88899325073057,0.0
1324512000,3.90306042051432,3.90306042051432,3.90306042051432,3.90306042051432,0.0
1324598400,3.93796507597896,3.93796507597896,3.93796507597896,3.93796507597896,0.0
1324684800,3.93941911864407,3.93941911864407,3.93941911864407,3.93941911864407,0.0
1324771200,4.23386687784921,4.23386687784921,4.23386687784921,4.23386687784921,0.0
1324857600,3.99912196405611,3.99912196405611,3.99912196405611,3.99912196405611,0.0
1324944000,4.0955185458796,4.0955185458796,4.0955185458796,4.0955185458796,0.0
1325030400,4.20729587609585,4.20729587609585,4.20729587609585,4.20729587609585,0.0
1325116800,4.17335222676797,4.17335222676797,4.17335222676797,4.17335222676797,0.0
1325203200,4.31063509000584,4.31063509000584,4.31063509000584,4.31063509000584,0.0
1325289600,4.71430633138515,4.71430633138515,4.71430633138515,4.71430633138515,0.0
1325376000,5.2948427773232,5.2948427773232,5.2948427773232,5.2948427773232,0.0
1325462400,5.2048778918761,5.2048778918761,5.2048778918761,5.2048778918761,0.0
1325548800,4.87050882875511,4.87050882875511,4.87050882875511,4.87050882875511,0.0
1325635200,5.58570626709527,5.58570626709527,5.58570626709527,5.58570626709527,0.0
1325721600,6.87400087726476,6.87400087726476,6.87400087726476,6.87400087726476,0.0
1325808000,6.68331663997662,6.68331663997662,6.68331663997662,6.68331663997662,0.0
1325894400,6.79622798071303,6.79622798071303,6.79622798071303,6.79622798071303,0.0
1325980800,7.09665056633548,7.09665056633548,7.09665056633548,7.09665056633548,0.0
1326067200,6.28853834248977,6.28853834248977,6.28853834248977,6.28853834248977,0.0
1326153600,6.52847455523086,6.52847455523086,6.52847455523086,6.52847455523086,0.0
1326240000,6.88912772121566,6.88912772121566,6.88912772121566,6.88912772121566,0.0
1326326400,6.77356419579194,6.77356419579194,6.77356419579194,6.77356419579194,0.0
1326412800,6.45436889012273,6.45436889012273,6.45436889012273,6.45436889012273,0.0
1326499200,6.76172714260666,6.76172714260666,6.76172714260666,6.76172714260666,0.0
1326585600,7.04692255815312,7.04692255815312,7.04692255815312,7.04692255815312,0.0
1326672000,6.71560766656926,6.71560766656926,6.71560766656926,6.71560766656926,0.0
1326758400,5.59962195032145,5.59962195032145,5.59962195032145,5.59962195032145,0.0
1326844800,5.9002312881356,5.9002312881356,5.9002312881356,5.9002312881356,0.0
1326931200,6.31570634161309,6.31570634161309,6.31570634161309,6.31570634161309,0.0
1327017600,6.50149198831093,6.50149198831093,6.50149198831093,6.50149198831093,0.0
1327104000,6.18056832554062,6.18056832554062,6.18056832554062,6.18056832554062,0.0
1327190400,6.30296722676797,6.30296722676797,6.30296722676797,6.30296722676797,0.0
1327276800,6.37487607714787,6.37487607714787,6.37487607714787,6.37487607714787,0.0
1327363200,6.27447647574518,6.27447647574518,6.27447647574518,6.27447647574518,0.0
1327449600,5.81046507247224,5.81046507247224,5.81046507247224,5.81046507247224,0.0
1327536000,5.36722695441262,5.36722695441262,5.36722695441262,5.36722695441262,0.0
1327622400,5.30313719696084,5.30313719696084,5.30313719696084,5.30313719696084,0.0
1327708800,5.65979677498539,5.65979677498539,5.65979677498539,5.65979677498539,0.0
1327795200,5.39142945733489,5.39142945733489,5.39142945733489,5.39142945733489,0.0
1327881600,5.50348193863238,5.50348193863238,5.50348193863238,5.50348193863238,0.0
1327968000,5.53822029573349,5.53822029573349,5.53822029573349,5.53822029573349,0.0
1328054400,6.07523265225015,6.07523265225015,6.07523265225015,6.07523265225015,0.0
1328140800,6.09957291291642,6.09957291291642,6.09957291291642,6.09957291291642,0.0
1328227200,5.95161092752776,5.95161092752776,5.95161092752776,5.95161092752776,0.0
1328313600,5.8954132390415,5.8954132390415,5.8954132390415,5.8954132390415,0.0
1328400000,5.67811571712449,5.67811571712449,5.67811571712449,5.67811571712449,0.0
1328486400,5.48266405844535,5.48266405844535,5.48266405844535,5.48266405844535,0.0
1328572800,5.66202770017534,5.66202770017534,5.66202770017534,5.66202770017534,0.0
1328659200,5.6185281899474,5.6185281899474,5.6185281899474,5.6185281899474,0.0
1328745600,5.83569985417884,5.83569985417884,5.83569985417884,5.83569985417884,0.0
1328832000,5.93783415546464,5.93783415546464,5.93783415546464,5.93783415546464,0.0
1328918400,5.61213285330216,5.61213285330216,5.61213285330216,5.61213285330216,0.0
1329004800,5.51909716949152,5.51909716949152,5.51909716949152,5.51909716949152,0.0
1329091200,5.34835455932203,5.34835455932203,5.34835455932203,5.34835455932203,0.0
1329177600,4.48365409175921,4.48365409175921,4.48365409175921,4.48365409175921,0.0
1329264000,4.3255203220339,4.3255203220339,4.3255203220339,4.3255203220339,0.0
1329350400,4.25523904500292,4.25523904500292,4.25523904500292,4.25523904500292,0.0
1329436800,4.39153837288136,4.39153837288136,4.39153837288136,4.39153837288136,0.0
1329523200,4.27008127761543,4.27008127761543,4.27008127761543,4.27008127761543,0.0
1329609600,4.38955145821157,4.38955145821157,4.38955145821157,4.38955145821157,0.0
1329696000,4.36513593892461,4.36513593892461,4.36513593892461,4.36513593892461,0.0
1329782400,4.31511560198714,4.31511560198714,4.31511560198714,4.31511560198714,0.0
1329868800,4.41931028755114,4.41931028755114,4.41931028755114,4.41931028755114,0.0
1329955200,5.03951511805961,5.03951511805961,5.03951511805961,5.03951511805961,0.0
1330041600,5.02560875891292,5.02560875891292,5.02560875891292,5.02560875891292,0.0
1330128000,4.77256738106371,4.77256738106371,4.77256738106371,4.77256738106371,0.0
1330214400,4.9264208515488,4.9264208515488,4.9264208515488,4.9264208515488,0.0
1330300800,4.95251575628287,4.95251575628287,4.95251575628287,4.95251575628287,0.0
1330387200,4.85725777556984,4.85725777556984,4.85725777556984,4.85725777556984,0.0
1330473600,4.87274875569842,4.87274875569842,4.87274875569842,4.87274875569842,0.0
1330560000,4.92207212361192,4.92207212361192,4.92207212361192,4.92207212361192,0.0
1330646400,4.71482358708358,4.71482358708358,4.71482358708358,4.71482358708358,0.0
1330732800,4.62819325248393,4.62819325248393,4.62819325248393,4.62819325248393,0.0
1330819200,4.83414448158971,4.83414448158971,4.83414448158971,4.83414448158971,0.0
1330905600,4.98239290385739,4.98239290385739,4.98239290385739,4.98239290385739,0.0
1330992000,4.98784135242548,4.98784135242548,4.98784135242548,4.98784135242548,0.0
1331078400,4.94911288457043,4.94911288457043,4.94911288457043,4.94911288457043,0.0
1331164800,4.93497949503214,4.93497949503214,4.93497949503214,4.93497949503214,0.0
1331251200,4.87229784745763,4.87229784745763,4.87229784745763,4.87229784745763,0.0
1331337600,4.84142380479252,4.84142380479252,4.84142380479252,4.84142380479252,0.0
1331424000,4.89202875160724,4.89202875160724,4.89202875160724,4.89202875160724,0.0
1331510400,4.91083937931035,4.91083937931035,4.91083937931035,4.91083937931035,0.0
1331596800,5.29088027878434,5.29088027878434,5.29088027878434,5.29088027878434,0.0
1331683200,5.39054329222677,5.39054329222677,5.39054329222677,5.39054329222677,0.0
1331769600,5.34082089888954,5.34082089888954,5.34082089888954,5.34082089888954,0.0
1331856000,5.33957479135009,5.33957479135009,5.33957479135009,5.33957479135009,0.0
1331942400,5.23600355406195,5.23600355406195,5.23600355406195,5.23600355406195,0.0
1332028800,5.27014898538866,5.27014898538866,5.27014898538866,5.27014898538866,0.0
1332115200,4.67867255289305,4.67867255289305,4.67867255289305,4.67867255289305,0.0
1332201600,4.83083021624781,4.83083021624781,4.83083021624781,4.83083021624781,0.0
1332288000,4.81722952483928,4.81722952483928,4.81722952483928,4.81722952483928,0.0
1332374400,4.72960850496785,4.72960850496785,4.72960850496785,4.72960850496785,0.0
1332460800,4.69164317650497,4.69164317650497,4.69164317650497,4.69164317650497,0.0
1332547200,4.65198626592636,4.65198626592636,4.65198626592636,4.65198626592636,0.0
1332633600,4.55227026241964,4.55227026241964,4.55227026241964,4.55227026241964,0.0
1332720000,4.63272235973115,4.63272235973115,4.63272235973115,4.63272235973115,0.0
1332806400,4.81134073524255,4.81134073524255,4.81134073524255,4.81134073524255,0.0
1332892800,4.79058939158387,4.79058939158387,4.79058939158387,4.79058939158387,0.0
1332979200,4.79406657218001,4.79406657218001,4.79406657218001,4.79406657218001,0.0
1333065600,4.86140935651666,4.86140935651666,4.86140935651666,4.86140935651666,0.0
1333152000,4.88977687317358,4.88977687317358,4.88977687317358,4.88977687317358,0.0
1333238400,4.79332567738165,4.79332567738165,4.79332567738165,4.79332567738165,0.0
1333324800,4.98304547866745,4.98304547866745,4.98304547866745,4.98304547866745,0.0
1333411200,4.95623319286967,4.95623319286967,4.95623319286967,4.95623319286967,0.0
1333497600,4.91784217767387,4.91784217767387,4.91784217767387,4.91784217767387,0.0
1333584000,4.92084924488603,4.92084924488603,4.92084924488603,4.92084924488603,0.0
1333670400,4.94910743220339,4.94910743220339,4.94910743220339,4.94910743220339,0.0
1333756800,4.70971191028638,4.70971191028638,4.70971191028638,4.70971191028638,0.0
1333843200,4.77881884921099,4.77881884921099,4.77881884921099,4.77881884921099,0.0
1333929600,4.85254738106371,4.85254738106371,4.85254738106371,4.85254738106371,0.0
1334016000,4.84141759380479,4.84141759380479,4.84141759380479,4.84141759380479,0.0
1334102400,4.91525071712449,4.91525071712449,4.91525071712449,4.91525071712449,0.0
1334188800,4.90115814728229,4.90115814728229,4.90115814728229,4.90115814728229,0.0
1334275200,4.93440673348919,4.93440673348919,4.93440673348919,4.93440673348919,0.0
1334361600,4.95636466101695,4.95636466101695,4.95636466101695,4.95636466101695,0.0
1334448000,4.9616003383986,4.9616003383986,4.9616003383986,4.9616003383986,0.0
1334534400,4.95076456925774,4.95076456925774,4.95076456925774,4.95076456925774,0.0
1334620800,4.9687445075979,4.9687445075979,4.9687445075979,4.9687445075979,0.0
1334707200,5.12437744301578,5.12437744301578,5.12437744301578,5.12437744301578,0.0
1334793600,5.13090651139684,5.13090651139684,5.13090651139684,5.13090651139684,0.0
1334880000,5.36651596814728,5.36651596814728,5.36651596814728,5.36651596814728,0.0
1334966400,5.28255033898305,5.28255033898305,5.28255033898305,5.28255033898305,0.0
1335052800,5.19560899473992,5.19560899473992,5.19560899473992,5.19560899473992,0.0
1335139200,5.11088819170076,5.11088819170076,5.11088819170076,5.11088819170076,0.0
1335225600,5.08786726241964,5.08786726241964,5.08786726241964,5.08786726241964,0.0
1335312000,5.14881624547048,5.14881624547048,5.14881624547048,5.14881624547048,0.0
1335398400,5.09741928579778,5.09741928579778,5.09741928579778,5.09741928579778,0.0
1335484800,5.09588733985973,5.09588733985973,5.09588733985973,5.09588733985973,0.0
1335571200,4.9707366528346,4.9707366528346,4.9707366528346,4.9707366528346,0.0
1335657600,4.90260617767387,4.90260617767387,4.90260617767387,4.90260617767387,0.0
1335744000,4.9421168100526,4.9421168100526,4.9421168100526,4.9421168100526,0.0
1335830400,4.98713722735243,4.98713722735243,4.98713722735243,4.98713722735243,0.0
1335916800,5.05343735388662,5.05343735388662,5.05343735388662,5.05343735388662,0.0
1336003200,5.11887297895967,5.11887297895967,5.11887297895967,5.11887297895967,0.0
1336089600,5.08550708825248,5.08550708825248,5.08550708825248,5.08550708825248,0.0
1336176000,5.05663956458212,5.05663956458212,5.05663956458212,5.05663956458212,0.0
1336262400,5.0478007729398,5.0478007729398,5.0478007729398,5.0478007729398,0.0
1336348800,5.06755586703682,5.06755586703682,5.06755586703682,5.06755586703682,0.0
1336435200,5.02346642285213,5.02346642285213,5.02346642285213,5.02346642285213,0.0
1336521600,5.04130623553478,5.04130623553478,5.04130623553478,5.04130623553478,0.0
1336608000,4.92748871975453,4.92748871975453,4.92748871975453,4.92748871975453,0.0
1336694400,4.96370997749854,4.96370997749854,4.96370997749854,4.96370997749854,0.0
1336780800,4.94653223495032,4.94653223495032,4.94653223495032,4.94653223495032,0.0
1336867200,4.94479505376973,4.94479505376973,4.94479505376973,4.94479505376973,0.0
1336953600,5.01143592197545,5.01143592197545,5.01143592197545,5.01143592197545,0.0
1337040000,5.03364040035067,5.03364040035067,5.03364040035067,5.03364040035067,0.0
1337126400,5.08778450905903,5.08778450905903,5.08778450905903,5.08778450905903,0.0
1337212800,5.08966168644068,5.08966168644068,5.08966168644068,5.08966168644068,0.0
1337299200,5.11830148275862,5.11830148275862,5.11830148275862,5.11830148275862,0.0
1337385600,5.11254581122151,5.11254581122151,5.11254581122151,5.11254581122151,0.0
1337472000,5.09420096843951,5.09420096843951,5.09420096843951,5.09420096843951,0.0
1337558400,5.0942213100526,5.0942213100526,5.0942213100526,5.0942213100526,0.0
1337644800,5.08913918877849,5.08913918877849,5.08913918877849,5.08913918877849,0.0
1337731200,5.12885889976622,5.12885889976622,5.12885889976622,5.12885889976622,0.0
1337817600,5.11915775920514,5.11915775920514,5.11915775920514,5.11915775920514,0.0
1337904000,5.13727680654588,5.13727680654588,5.13727680654588,5.13727680654588,0.0
1337990400,5.10397880479252,5.10397880479252,5.10397880479252,5.10397880479252,0.0
1338076800,5.13461613500877,5.13461613500877,5.13461613500877,5.13461613500877,0.0
1338163200,5.13632541905318,5.13632541905318,5.13632541905318,5.13632541905318,0.0
1338249600,5.14847069783752,5.14847069783752,5.14847069783752,5.14847069783752,0.0
1338336000,5.13826456925774,5.13826456925774,5.13826456925774,5.13826456925774,0.0
1338422400,5.18163972121566,5.18163972121566,5.18163972121566,5.18163972121566,0.0
1338508800,5.26694375803624,5.26694375803624,5.26694375803624,5.26694375803624,0.0
1338595200,5.24363906019871,5.24363906019871,5.24363906019871,5.24363906019871,0.0
1338681600,5.21270498480421,5.21270498480421,5.21270498480421,5.21270498480421,0.0
1338768000,5.25876585739334,5.25876585739334,5.25876585739334,5.25876585739334,0.0
1338854400,5.42601429485681,5.42601429485681,5.42601429485681,5.42601429485681,0.0
1338940800,5.44616942197545,5.44616942197545,5.44616942197545,5.44616942197545,0.0
1339027200,5.58716980976037,5.58716980976037,5.58716980976037,5.58716980976037,0.0
1339113600,5.62252910169492,5.62252910169492,5.62252910169492,5.62252910169492,0.0
1339200000,5.55700233547633,5.55700233547633,5.55700233547633,5.55700233547633,0.0
1339286400,5.45789356925774,5.45789356925774,5.45789356925774,5.45789356925774,0.0
1339372800,5.58699698158971,5.58699698158971,5.58699698158971,5.58699698158971,0.0
1339459200,5.72749129865575,5.72749129865575,5.72749129865575,5.72749129865575,0.0
1339545600,5.90930132378726,5.90930132378726,5.90930132378726,5.90930132378726,0.0
1339632000,5.96202318205728,5.96202318205728,5.96202318205728,5.96202318205728,0.0
1339718400,6.52338071917008,6.52338071917008,6.52338071917008,6.52338071917008,0.0
1339804800,6.44415828229106,6.44415828229106,6.44415828229106,6.44415828229106,0.0
1339891200,6.1999664880187,6.1999664880187,6.1999664880187,6.1999664880187,0.0
1339977600,6.31084466861485,6.31084466861485,6.31084466861485,6.31084466861485,0.0
1340064000,6.49482671595558,6.49482671595558,6.49482671595558,6.49482671595558,0.0
1340150400,6.69355105552309,6.69355105552309,6.69355105552309,6.69355105552309,0.0
1340236800,6.67226250379895,6.67226250379895,6.67226250379895,6.67226250379895,0.0
1340323200,6.56376169783752,6.56376169783752,6.56376169783752,6.56376169783752,0.0
1340409600,6.44754168907072,6.44754168907072,6.44754168907072,6.44754168907072,0.0
1340496000,6.35049403857393,6.35049403857393,6.35049403857393,6.35049403857393,0.0
1340582400,6.31747363004091,6.31747363004091,6.31747363004091,6.31747363004091,0.0
1340668800,6.43286082875511,6.43286082875511,6.43286082875511,6.43286082875511,0.0
1340755200,6.61571340151958,6.61571340151958,6.61571340151958,6.61571340151958,0.0
1340841600,6.59006463296318,6.59006463296318,6.59006463296318,6.59006463296318,0.0
1340928000,6.65877675715956,6.65877675715956,6.65877675715956,6.65877675715956,0.0
1341014400,6.68042762302747,6.68042762302747,6.68042762302747,6.68042762302747,0.0
1341100800,6.62686009234366,6.62686009234366,6.62686009234366,6.62686009234366,0.0
1341187200,6.74347805084746,6.74347805084746,6.74347805084746,6.74347805084746,0.0
1341273600,6.44999240327294,6.44999240327294,6.44999240327294,6.44999240327294,0.0
1341360000,6.51483533313852,6.51483533313852,6.51483533313852,6.51483533313852,0.0
1341446400,6.64239860432496,6.64239860432496,6.64239860432496,6.64239860432496,0.0
1341532800,6.67218118936295,6.67218118936295,6.67218118936295,6.67218118936295,0.0
1341619200,6.80827371186441,6.80827371186441,6.80827371186441,6.80827371186441,0.0
1341705600,6.79631768790181,6.79631768790181,6.79631768790181,6.79631768790181,0.0
1341792000,7.03239588603156,7.03239588603156,7.03239588603156,7.03239588603156,0.0
1341878400,7.17858003565167,7.17858003565167,7.17858003565167,7.17858003565167,0.0
1341964800,7.18514778901227,7.18514778901227,7.18514778901227,7.18514778901227,0.0
1342051200,7.55593565020456,7.55593565020456,7.55593565020456,7.55593565020456,0.0
1342137600,7.63092125599065,7.63092125599065,7.63092125599065,7.63092125599065,0.0
1342224000,7.58012917825833,7.58012917825833,7.58012917825833,7.58012917825833,0.0
1342310400,7.62723485973115,7.62723485973115,7.62723485973115,7.62723485973115,0.0
1342396800,8.49340567738165,8.49340567738165,8.49340567738165,8.49340567738165,0.0
1342483200,8.75198485505552,8.75198485505552,8.75198485505552,8.75198485505552,0.0
1342569600,9.09519268614845,9.09519268614845,9.09519268614845,9.09519268614845,0.0
1342656000,8.87953341350087,8.87953341350087,8.87953341350087,8.87953341350087,0.0
1342742400,8.53245067913501,8.53245067913501,8.53245067913501,8.53245067913501,0.0
1342828800,8.87564584102864,8.87564584102864,8.87564584102864,8.87564584102864,0.0
1342915200,8.50656254412624,8.50656254412624,8.50656254412624,8.50656254412624,0.0
1343001600,8.53121126943308,8.53121126943308,8.53121126943308,8.53121126943308,0.0
1343088000,8.57458517066043,8.57458517066043,8.57458517066043,8.57458517066043,0.0
1343174400,8.7693472729398,8.7693472729398,8.7693472729398,8.7693472729398,0.0
1343260800,8.87576504617183,8.87576504617183,8.87576504617183,8.87576504617183,0.0
1343347200,8.89145989421391,8.89145989421391,8.89145989421391,8.89145989421391,0.0
1343433600,8.84256089421391,8.84256089421391,8.84256089421391,8.84256089421391,0.0
1343520000,8.74768065926359,8.74768065926359,8.74768065926359,8.74768065926359,0.0
1343606400,9.08831724897721,9.08831724897721,9.08831724897721,9.08831724897721,0.0
1343692800,9.32099840210403,9.32099840210403,9.32099840210403,9.32099840210403,0.0
1343779200,9.56802090385739,9.56802090385739,9.56802090385739,9.56802090385739,0.0
1343865600,10.5510396960842,10.5510396960842,10.5510396960842,10.5510396960842,0.0
1343952000,10.9158647466394,10.9158647466394,10.9158647466394,10.9158647466394,0.0
1344038400,10.9197148807715,10.9197148807715,10.9197148807715,10.9197148807715,0.0
1344124800,10.805117377557,10.805117377557,10.805117377557,10.805117377557,0.0
1344211200,10.8694465017534,10.8694465017534,10.8694465017534,10.8694465017534,0.0
1344297600,10.9412794400935,10.9412794400935,10.9412794400935,10.9412794400935,0.0
1344384000,11.0703915967271,11.0703915967271,11.0703915967271,11.0703915967271,0.0
1344470400,11.1037247440094,11.1037247440094,11.1037247440094,11.1037247440094,0.0
1344556800,11.4475688045003,11.4475688045003,11.4475688045003,11.4475688045003,0.0
1344643200,11.5425355271771,11.5425355271771,11.5425355271771,11.5425355271771,0.0
1344729600,11.5925523898305,11.5925523898305,11.5925523898305,11.5925523898305,0.0
1344816000,11.9849629903565,11.9849629903565,11.9849629903565,11.9849629903565,0.0
1344902400,12.1870974810053,12.1870974810053,12.1870974810053,12.1870974810053,0.0
1344988800,13.1700773538866,13.1700773538866,13.1700773538866,13.1700773538866,0.0
1345075200,13.4507908246639,13.4507908246639,13.4507908246639,13.4507908246639,0.0
1345161600,12.0770055423729,12.0770055423729,12.0770055423729,12.0770055423729,0.0
1345248000,11.5775071648159,11.5775071648159,11.5775071648159,11.5775071648159,0.0
1345334400,7.83062184190532,7.83062184190532,7.83062184190532,7.83062184190532,0.0
1345420800,9.97987664874343,9.97987664874343,9.97987664874343,9.97987664874343,0.0
1345507200,9.90298201811806,9.90298201811806,9.90298201811806,9.90298201811806,0.0
1345593600,9.772554578609,9.772554578609,9.772554578609,9.772554578609,0.0
1345680000,10.0886574260666,10.0886574260666,10.0886574260666,10.0886574260666,0.0
1345766400,10.5940425943892,10.5940425943892,10.5940425943892,10.5940425943892,0.0
1345852800,10.5836766715371,10.5836766715371,10.5836766715371,10.5836766715371,0.0
1345939200,10.545530742256,10.545530742256,10.545530742256,10.545530742256,0.0
1346025600,10.9003800806546,10.9003800806546,10.9003800806546,10.9003800806546,0.0
1346112000,10.9329585336061,10.9329585336061,10.9329585336061,10.9329585336061,0.0
1346198400,10.8677839018118,10.8677839018118,10.8677839018118,10.8677839018118,0.0
1346284800,10.7277488383986,10.7277488383986,10.7277488383986,10.7277488383986,0.0
1346371200,10.1024098205728,10.1024098205728,10.1024098205728,10.1024098205728,0.0
1346457600,10.0065329374635,10.0065329374635,10.0065329374635,10.0065329374635,0.0
1346544000,10.2261162016365,10.2261162016365,10.2261162016365,10.2261162016365,0.0
1346630400,10.4971343091759,10.4971343091759,10.4971343091759,10.4971343091759,0.0
1346716800,10.3640018942139,10.3640018942139,10.3640018942139,10.3640018942139,0.0
1346803200,11.0255228784337,11.0255228784337,11.0255228784337,11.0255228784337,0.0
1346889600,11.1607690157802,11.1607690157802,11.1607690157802,11.1607690157802,0.0
1346976000,11.0761223366452,11.0761223366452,11.0761223366452,11.0761223366452,0.0
1347062400,11.0432700333139,11.0432700333139,11.0432700333139,11.0432700333139,0.0
1347148800,11.0620954932788,11.0620954932788,11.0620954932788,11.0620954932788,0.0
1347235200,11.1252888047925,11.1252888047925,11.1252888047925,11.1252888047925,0.0
1347321600,11.2680929552893,11.2680929552893,11.2680929552893,11.2680929552893,0.0
1347408000,11.3152859082408,11.3152859082408,11.3152859082408,11.3152859082408,0.0
1347494400,11.38029928872,11.38029928872,11.38029928872,11.38029928872,0.0
1347580800,11.730107622443,11.730107622443,11.730107622443,11.730107622443,0.0
1347667200,11.7183934155465,11.7183934155465,11.7183934155465,11.7183934155465,0.0
1347753600,11.8869112238457,11.8869112238457,11.8869112238457,11.8869112238457,0.0
1347840000,11.908317157218,11.908317157218,11.908317157218,11.908317157218,0.0
1347926400,12.2596508386908,12.2596508386908,12.2596508386908,12.2596508386908,0.0
1348012800,12.5048540981882,12.5048540981882,12.5048540981882,12.5048540981882,0.0
1348099200,12.3671766493279,12.3671766493279,12.3671766493279,12.3671766493279,0.0
1348185600,12.3336578357686,12.3336578357686,12.3336578357686,12.3336578357686,0.0
1348272000,12.2137276250731,12.2137276250731,12.2137276250731,12.2137276250731,0.0
1348358400,12.1654630263004,12.1654630263004,12.1654630263004,12.1654630263004,0.0
1348444800,12.11358871654,12.11358871654,12.11358871654,12.11358871654,0.0
1348531200,12.1824053945061,12.1824053945061,12.1824053945061,12.1824053945061,0.0
1348617600,12.3198168597312,12.3198168597312,12.3198168597312,12.3198168597312,0.0
1348704000,12.3187514018118,12.3187514018118,12.3187514018118,12.3187514018118,0.0
1348790400,12.3814573892461,12.3814573892461,12.3814573892461,12.3814573892461,0.0
1348876800,12.4047515055523,12.4047515055523,12.4047515055523,12.4047515055523,0.0
1348963200,12.3916224728229,12.3916224728229,12.3916224728229,12.3916224728229,0.0
1349049600,12.3893951601403,12.3893951601403,12.3893951601403,12.3893951601403,0.0
1349136000,12.8072380958504,12.8072380958504,12.8072380958504,12.8072380958504,0.0
1349222400,12.9554304944477,12.9554304944477,12.9554304944477,12.9554304944477,0.0
1349308800,12.8623857779077,12.8623857779077,12.8623857779077,12.8623857779077,0.0
1349395200,12.7522194190532,12.7522194190532,12.7522194190532,12.7522194190532,0.0
1349481600,12.5051297136178,12.5051297136178,12.5051297136178,12.5051297136178,0.0
1349568000,11.8739970853302,11.8739970853302,11.8739970853302,11.8739970853302,0.0
1349654400,11.7333297481005,11.7333297481005,11.7333297481005,11.7333297481005,0.0
1349740800,11.8286634354179,11.8286634354179,11.8286634354179,11.8286634354179,0.0
1349827200,12.109188478083,12.109188478083,12.109188478083,12.109188478083,0.0
1349913600,12.0675518082992,12.0675518082992,12.0675518082992,12.0675518082992,0.0
1350000000,12.0280681648159,12.0280681648159,12.0280681648159,12.0280681648159,0.0
1350086400,11.9268038293396,11.9268038293396,11.9268038293396,11.9268038293396,0.0
1350172800,11.6505779608416,11.6505779608416,11.6505779608416,11.6505779608416,0.0
1350259200,11.9083095268849,11.9083095268849,11.9083095268849,11.9083095268849,0.0
1350345600,11.8480180689655,11.8480180689655,11.8480180689655,11.8480180689655,0.0
1350432000,11.9193881607247,11.9193881607247,11.9193881607247,11.9193881607247,0.0
1350518400,11.9259328445354,11.9259328445354,11.9259328445354,11.9259328445354,0.0
1350604800,11.7574857971946,11.7574857971946,11.7574857971946,11.7574857971946,0.0
1350691200,11.6943775517241,11.6943775517241,11.6943775517241,11.6943775517241,0.0
1350777600,11.657411405903,11.657411405903,11.657411405903,11.657411405903,0.0
1350864000,11.7410779129164,11.7410779129164,11.7410779129164,11.7410779129164,0.0
1350950400,11.7077817299825,11.7077817299825,11.7077817299825,11.7077817299825,0.0
1351036800,11.6343523869082,11.6343523869082,11.6343523869082,11.6343523869082,0.0
1351123200,10.7536298202805,10.7536298202805,10.7536298202805,10.7536298202805,0.0
1351209600,10.130619493571,10.130619493571,10.130619493571,10.130619493571,0.0
1351296000,10.4581862957335,10.4581862957335,10.4581862957335,10.4581862957335,0.0
1351382400,10.7099620838691,10.7099620838691,10.7099620838691,10.7099620838691,0.0
1351468800,10.6307389760374,10.6307389760374,10.6307389760374,10.6307389760374,0.0
1351555200,10.8593230584454,10.8593230584454,10.8593230584454,10.8593230584454,0.0
1351641600,11.1460718381064,11.1460718381064,11.1460718381064,11.1460718381064,0.0
1351728000,10.6135357510228,10.6135357510228,10.6135357510228,10.6135357510228,0.0
1351814400,10.5305036388077,10.5305036388077,10.5305036388077,10.5305036388077,0.0
1351900800,10.650747019287,10.650747019287,10.650747019287,10.650747019287,0.0
1351987200,10.7968828924605,10.7968828924605,10.7968828924605,10.7968828924605,0.0
1352073600,10.7408207352425,10.7408207352425,10.7408207352425,10.7408207352425,0.0
1352160000,10.8681974991233,10.8681974991233,10.8681974991233,10.8681974991233,0.0
1352246400,10.9540989444769,10.9540989444769,10.9540989444769,10.9540989444769,0.0
1352332800,10.892699371128,10.892699371128,10.892699371128,10.892699371128,0.0
1352419200,10.8158672180012,10.8158672180012,10.8158672180012,10.8158672180012,0.0
1352505600,10.8632604430158,10.8632604430158,10.8632604430158,10.8632604430158,0.0
1352592000,10.8418406388077,10.8418406388077,10.8418406388077,10.8418406388077,0.0
1352678400,11.0313424552893,11.0313424552893,11.0313424552893,11.0313424552893,0.0
1352764800,10.9980027790766,10.9980027790766,10.9980027790766,10.9980027790766,0.0
1352851200,10.9589524184687,10.9589524184687,10.9589524184687,10.9589524184687,0.0
1352937600,11.1751098585622,11.1751098585622,11.1751098585622,11.1751098585622,0.0
1353024000,11.705044829924,11.705044829924,11.705044829924,11.705044829924,0.0
1353110400,11.7500423991818,11.7500423991818,11.7500423991818,11.7500423991818,0.0
1353196800,11.6656310321449,11.6656310321449,11.6656310321449,11.6656310321449,0.0
1353283200,11.7505293506721,11.7505293506721,11.7505293506721,11.7505293506721,0.0
1353369600,11.6991703167738,11.6991703167738,11.6991703167738,11.6991703167738,0.0
1353456000,11.7291351759205,11.7291351759205,11.7291351759205,11.7291351759205,0.0
1353542400,12.2919979465225,12.2919979465225,12.2919979465225,12.2919979465225,0.0
1353628800,12.2802876195207,12.2802876195207,12.2802876195207,12.2802876195207,0.0
1353715200,12.4132043997662,12.4132043997662,12.4132043997662,12.4132043997662,0.0
1353801600,12.5296894897721,12.5296894897721,12.5296894897721,12.5296894897721,0.0
1353888000,12.1846262399182,12.1846262399182,12.1846262399182,12.1846262399182,0.0
1353974400,12.1592753845704,12.1592753845704,12.1592753845704,12.1592753845704,0.0
1354060800,12.3316598270018,12.3316598270018,12.3316598270018,12.3316598270018,0.0
1354147200,12.4976616534191,12.4976616534191,12.4976616534191,12.4976616534191,0.0
1354233600,12.5861389275278,12.5861389275278,12.5861389275278,12.5861389275278,0.0
1354320000,12.5923868702513,12.5923868702513,12.5923868702513,12.5923868702513,0.0
1354406400,12.4979447565751,12.4979447565751,12.4979447565751,12.4979447565751,0.0
1354492800,12.6569578369375,12.6569578369375,12.6569578369375,12.6569578369375,0.0
1354579200,13.3695895815313,13.3695895815313,13.3695895815313,13.3695895815313,0.0
1354665600,13.3127502220923,13.3127502220923,13.3127502220923,13.3127502220923,0.0
1354752000,13.4779245403273,13.4779245403273,13.4779245403273,13.4779245403273,0.0
1354838400,13.4772824494448,13.4772824494448,13.4772824494448,13.4772824494448,0.0
1354924800,13.4999844091175,13.4999844091175,13.4999844091175,13.4999844091175,0.0
1355011200,13.3465108907072,13.3465108907072,13.3465108907072,13.3465108907072,0.0
1355097600,13.4922565809468,13.4922565809468,13.4922565809468,13.4922565809468,0.0
1355184000,13.615415666277,13.615415666277,13.615415666277,13.615415666277,0.0
1355270400,13.6682136426067,13.6682136426067,13.6682136426067,13.6682136426067,0.0
1355356800,13.7552515207481,13.7552515207481,13.7552515207481,13.7552515207481,0.0
1355443200,13.6009222527762,13.6009222527762,13.6009222527762,13.6009222527762,0.0
1355529600,13.5309482887201,13.5309482887201,13.5309482887201,13.5309482887201,0.0
1355616000,13.3328610765634,13.3328610765634,13.3328610765634,13.3328610765634,0.0
1355702400,13.3200719514904,13.3200719514904,13.3200719514904,13.3200719514904,0.0
1355788800,13.2720338690824,13.2720338690824,13.2720338690824,13.2720338690824,0.0
1355875200,13.5385431800117,13.5385431800117,13.5385431800117,13.5385431800117,0.0
1355961600,13.5700270263004,13.5700270263004,13.5700270263004,13.5700270263004,0.0
1356048000,13.4289680023378,13.4289680023378,13.4289680023378,13.4289680023378,0.0
1356134400,13.4272139129164,13.4272139129164,13.4272139129164,13.4272139129164,0.0
1356220800,13.3181057568673,13.3181057568673,13.3181057568673,13.3181057568673,0.0
1356307200,13.4266626715371,13.4266626715371,13.4266626715371,13.4266626715371,0.0
1356393600,13.3655670046756,13.3655670046756,13.3655670046756,13.3655670046756,0.0
1356480000,13.4546990175336,13.4546990175336,13.4546990175336,13.4546990175336,0.0
1356566400,13.3993031811806,13.3993031811806,13.3993031811806,13.3993031811806,0.0
1356652800,13.4555072215079,13.4555072215079,13.4555072215079,13.4555072215079,0.0
1356739200,13.3740038603156,13.3740038603156,13.3740038603156,13.3740038603156,0.0
1356825600,13.445013798948,13.445013798948,13.445013798948,13.445013798948,0.0
1356912000,13.5455524436002,13.5455524436002,13.5455524436002,13.5455524436002,0.0
1356998400,13.3313714219755,13.3313714219755,13.3313714219755,13.3313714219755,0.0
1357084800,13.2806068129749,13.2806068129749,13.2806068129749,13.2806068129749,0.0
1357171200,13.3840811484512,13.3840811484512,13.3840811484512,13.3840811484512,0.0
1357257600,13.4517211496201,13.4517211496201,13.4517211496201,13.4517211496201,0.0
1357344000,13.459406766803,13.459406766803,13.459406766803,13.459406766803,0.0
1357430400,13.5044965078901,13.5044965078901,13.5044965078901,13.5044965078901,0.0
1357516800,13.5560616578025,13.5560616578025,13.5560616578025,13.5560616578025,0.0
1357603200,13.7803506312098,13.7803506312098,13.7803506312098,13.7803506312098,0.0
1357689600,13.8209552565751,13.8209552565751,13.8209552565751,13.8209552565751,0.0
1357776000,14.12317285564,14.12317285564,14.12317285564,14.12317285564,0.0
1357862400,14.2276211227352,14.2276211227352,14.2276211227352,14.2276211227352,0.0
1357948800,14.2142856560491,14.2142856560491,14.2142856560491,14.2142856560491,0.0
1358035200,14.1607882670953,14.1607882670953,14.1607882670953,14.1607882670953,0.0
1358121600,14.3179703202805,14.3179703202805,14.3179703202805,14.3179703202805,0.0
1358208000,14.3136377516072,14.3136377516072,14.3136377516072,14.3136377516072,0.0
1358294400,14.7078140479252,14.7078140479252,14.7078140479252,14.7078140479252,0.0
1358380800,15.598599739626,15.598599739626,15.598599739626,15.598599739626,0.0
1358467200,15.7157911239042,15.7157911239042,15.7157911239042,15.7157911239042,0.0
1358553600,15.5881263997662,15.5881263997662,15.5881263997662,15.5881263997662,0.0
1358640000,15.7195921373466,15.7195921373466,15.7195921373466,15.7195921373466,0.0
1358726400,16.7810195207481,16.7810195207481,16.7810195207481,16.7810195207481,0.0
1358812800,17.3001788386908,17.3001788386908,17.3001788386908,17.3001788386908,0.0
1358899200,17.5363954228521,17.5363954228521,17.5363954228521,17.5363954228521,0.0
1358985600,16.90108607218,16.90108607218,16.90108607218,16.90108607218,0.0
1359072000,17.4072020292227,17.4072020292227,17.4072020292227,17.4072020292227,0.0
1359158400,17.5536291760608,17.5536291760608,17.5536291760608,17.5536291760608,0.0
1359244800,17.8646280148217,17.8646280148217,17.8646280148217,17.8646280148217,0.0
1359331200,18.7942648743425,18.7942648743425,18.7942648743425,18.7942648743425,0.0
1359417600,19.5147141861484,19.5147141861484,19.5147141861484,19.5147141861484,0.0
1359504000,19.7374466864407,19.7374466864407,19.7374466864407,19.7374466864407,0.0
1359590400,20.5116430306838,20.5116430306838,20.5116430306838,20.5116430306838,0.0
1359676800,20.443091956166,20.443091956166,20.443091956166,20.443091956166,0.0
1359763200,19.6359017054354,19.6359017054354,19.6359017054354,19.6359017054354,0.0
1359849600,20.5789396832262,20.5789396832262,20.5789396832262,20.5789396832262,0.0
1359936000,20.4404879614261,20.4404879614261,20.4404879614261,20.4404879614261,0.0
1360022400,20.6593447276446,20.6593447276446,20.6593447276446,20.6593447276446,0.0
1360108800,21.2085655318527,21.2085655318527,21.2085655318527,21.2085655318527,0.0
1360195200,22.1177651789246,22.1177651789246,22.1177651789246,22.1177651789246,0.0
1360281600,22.7873650499299,22.7873650499299,22.7873650499299,22.7873650499299,0.0
1360368000,23.7338601537113,23.7338601537113,23.7338601537113,23.7338601537113,0.0
1360454400,23.9002893571011,23.9002893571011,23.9002893571011,23.9002893571011,0.0
1360540800,24.4972726949153,24.4972726949153,24.4972726949153,24.4972726949153,0.0
1360627200,24.9797364073641,24.9797364073641,24.9797364073641,24.9797364073641,0.0
1360713600,24.6416509347867,24.6416509347867,24.6416509347867,24.6416509347867,0.0
1360800000,27.2823898203039,27.2823898203039,27.2823898203039,27.2823898203039,0.0
1360886400,27.1712692291058,27.1712692291058,27.1712692291058,27.1712692291058,0.0
1360972800,27.3461635619521,27.3461635619521,27.3461635619521,27.3461635619521,0.0
1361059200,26.9272513763881,26.9272513763881,26.9272513763881,26.9272513763881,0.0
1361145600,26.9288676370544,26.9288676370544,26.9288676370544,26.9288676370544,0.0
1361232000,29.4136243807715,29.4136243807715,29.4136243807715,29.4136243807715,0.0
1361318400,29.8198072276447,29.8198072276447,29.8198072276447,29.8198072276447,0.0
1361404800,29.8180689158387,29.8180689158387,29.8180689158387,29.8180689158387,0.0
1361491200,30.4726565324372,30.4726565324372,30.4726565324372,30.4726565324372,0.0
1361577600,29.8064545458796,29.8064545458796,29.8064545458796,29.8064545458796,0.0
1361664000,29.8828484924021,29.8828484924021,29.8828484924021,29.8828484924021,0.0
1361750400,30.3520330949737,30.3520330949737,30.3520330949737,30.3520330949737,0.0
1361836800,31.1555373506721,31.1555373506721,31.1555373506721,31.1555373506721,0.0
1361923200,31.2402610829924,31.2402610829924,31.2402610829924,31.2402610829924,0.0
1362009600,33.3752939365868,33.3752939365868,33.3752939365868,33.3752939365868,0.0
1362096000,34.6062570341204,34.6062570341204,34.6062570341204,34.6062570341204,0.0
1362182400,34.143515924021,34.143515924021,34.143515924021,34.143515924021,0.0
1362268800,34.451740484512,34.451740484512,34.451740484512,34.451740484512,0.0
1362355200,36.3762652507306,36.3762652507306,36.3762652507306,36.3762652507306,0.0
1362441600,40.6729539902747,40.6729539902747,40.6729539902747,40.6729539902747,0.0
1362528000,43.2849961852133,43.2849961852133,43.2849961852133,43.2849961852133,0.0
1362614400,41.9474407158387,41.9474407158387,41.9474407158387,41.9474407158387,0.0
1362700800,43.902928914962,43.902928914962,43.902928914962,43.902928914962,0.0
1362787200,46.8885866123086,46.8885866123086,46.8885866123086,46.8885866123086,0.0
1362873600,46.0660384590181,46.0660384590181,46.0660384590181,46.0660384590181,0.0
1362960000,48.275074577218,48.275074577218,48.275074577218,48.275074577218,0.0
1363046400,44.4135452582116,44.4135452582116,44.4135452582116,44.4135452582116,0.0
1363132800,47.0161908515809,47.0161908515809,47.0161908515809,47.0161908515809,0.0
1363219200,46.9255625535453,46.9255625535453,46.9255625535453,46.9255625535453,0.0
1363305600,46.9025172478223,46.9025172478223,46.9025172478223,46.9025172478223,0.0
1363392000,47.1570156995909,47.1570156995909,47.1570156995909,47.1570156995909,0.0
1363478400,47.3334997837522,47.3334997837522,47.3334997837522,47.3334997837522,0.0
1363564800,51.3654363912578,51.3654363912578,51.3654363912578,51.3654363912578,0.0
1363651200,59.4986011114249,59.4986011114249,59.4986011114249,59.4986011114249,0.0
1363737600,63.6874854981899,63.6874854981899,63.6874854981899,63.6874854981899,0.0
1363824000,70.9175250053215,70.9175250053215,70.9175250053215,70.9175250053215,0.0
1363910400,69.8460845417884,69.8460845417884,69.8460845417884,69.8460845417884,0.0
1363996800,64.3831163705435,64.3831163705435,64.3831163705435,64.3831163705435,0.0
1364083200,71.6904242064758,71.6904242064758,71.6904242064758,71.6904242064758,0.0
1364169600,74.3140892495617,74.3140892495617,74.3140892495617,74.3140892495617,0.0
1364256000,78.6141974320088,78.6141974320088,78.6141974320088,78.6141974320088,0.0
1364342400,88.8520799138223,88.8520799138223,88.8520799138223,88.8520799138223,0.0
1364428800,87.6731739608416,87.6731739608416,87.6731739608416,87.6731739608416,0.0
1364515200,90.29569935827,90.29569935827,90.29569935827,90.29569935827,0.0
1364601600,92.1899599883109,92.1899599883109,92.1899599883109,92.1899599883109,0.0
1364688000,93.8992384231444,93.8992384231444,93.8992384231444,93.8992384231444,0.0
1364774400,103.580346911163,103.580346911163,103.580346911163,103.580346911163,0.0
1364860800,116.679944241173,116.679944241173,116.679944241173,116.679944241173,0.0
1364947200,131.384809378154,131.384809378154,131.384809378154,131.384809378154,0.0
1365033600,133.007120475745,133.007120475745,133.007120475745,133.007120475745,0.0
1365120000,142.626065488019,142.626065488019,142.626065488019,142.626065488019,0.0
1365206400,143.081822964933,143.081822964933,143.081822964933,143.081822964933,0.0
1365292800,162.852214576856,162.852214576856,162.852214576856,162.852214576856,0.0
1365379200,186.351161848042,186.351161848042,186.351161848042,186.351161848042,0.0
1365465600,230.682996695207,230.682996695207,230.682996695207,230.682996695207,0.0
1365552000,161.192889661017,161.192889661017,161.192889661017,161.192889661017,0.0
1365638400,82.9015850379895,82.9015850379895,82.9015850379895,82.9015850379895,0.0
1365724800,111.476373194039,111.476373194039,111.476373194039,111.476373194039,0.0
1365811200,97.6090718702513,97.6090718702513,97.6090718702513,97.6090718702513,0.0
1365897600,88.8614913997663,88.8614913997663,88.8614913997663,88.8614913997663,0.0
1365984000,80.8746931659848,80.8746931659848,80.8746931659848,80.8746931659848,0.0
1366070400,68.2831387270602,68.2831387270602,68.2831387270602,68.2831387270602,0.0
1366156800,92.8640369135009,92.8640369135009,92.8640369135009,92.8640369135009,0.0
1366243200,108.628345092344,108.628345092344,108.628345092344,108.628345092344,0.0
1366329600,119.012283239042,119.012283239042,119.012283239042,119.012283239042,0.0
1366416000,128.208288893045,128.208288893045,128.208288893045,128.208288893045,0.0
1366502400,118.483243756283,118.483243756283,118.483243756283,118.483243756283,0.0
1366588800,126.31427175979,126.31427175979,126.31427175979,126.31427175979,0.0
1366675200,142.127218053185,142.127218053185,142.127218053185,142.127218053185,0.0
1366761600,154.1332778045,154.1332778045,154.1332778045,154.1332778045,0.0
1366848000,141.008659278492,141.008659278492,141.008659278492,141.008659278492,0.0
1366934400,137.209600419638,137.209600419638,137.209600419638,137.209600419638,0.0
1367020800,128.226669605202,128.226669605202,128.226669605202,128.226669605202,0.0
1367107200,134.62356956166,134.62356956166,134.62356956166,134.62356956166,0.0
1367193600,143.810378192577,143.810378192577,143.810378192577,143.810378192577,0.0
1367280000,139.129647545295,139.129647545295,139.129647545295,139.129647545295,0.0
1367366400,116.113801040327,116.113801040327,116.113801040327,116.113801040327,0.0
1367452800,106.340984697253,106.340984697253,106.340984697253,106.340984697253,0.0
1367539200,96.3168402741087,96.3168402741087,96.3168402741087,96.3168402741087,0.0
1367625600,112.497636369082,112.497636369082,112.497636369082,112.497636369082,0.0
1367712000,116.488715827002,116.488715827002,116.488715827002,116.488715827002,0.0
1367798400,112.118596195207,112.118596195207,112.118596195207,112.118596195207,0.0
1367884800,111.609212873466,111.609212873466,111.609212873466,111.609212873466,0.0
1367971200,113.136061854763,113.136061854763,113.136061854763,113.136061854763,0.0
1368057600,111.974532710696,111.974532710696,111.974532710696,111.974532710696,0.0
1368144000,117.691036883694,117.691036883694,117.691036883694,117.691036883694,0.0
1368230400,115.49977766277,115.49977766277,115.49977766277,115.49977766277,0.0
1368316800,114.885675559614,114.885675559614,114.885675559614,114.885675559614,0.0
1368403200,117.404456646113,117.404456646113,117.404456646113,117.404456646113,0.0
1368489600,107.865566569258,107.865566569258,107.865566569258,107.865566569258,0.0
1368576000,108.986852425482,108.986852425482,108.986852425482,108.986852425482,0.0
1368662400,112.917874050263,112.917874050263,112.917874050263,112.917874050263,0.0
1368748800,117.284616014027,117.284616014027,117.284616014027,117.284616014027,0.0
1368835200,118.169876680304,118.169876680304,118.169876680304,118.169876680304,0.0
1368921600,117.033880187025,117.033880187025,117.033880187025,117.033880187025,0.0
1369008000,117.818636469901,117.818636469901,117.818636469901,117.818636469901,0.0
1369094400,117.252040911748,117.252040911748,117.252040911748,117.252040911748,0.0
1369180800,118.9781735827,118.9781735827,118.9781735827,118.9781735827,0.0
1369267200,123.726156049094,123.726156049094,123.726156049094,123.726156049094,0.0
1369353600,128.971080654588,128.971080654588,128.971080654588,128.971080654588,0.0
1369440000,128.844915254237,128.844915254237,128.844915254237,128.844915254237,0.0
1369526400,130.158601110462,130.158601110462,130.158601110462,130.158601110462,0.0
1369612800,126.392905902981,126.392905902981,126.392905902981,126.392905902981,0.0
1369699200,125.904595265926,125.904595265926,125.904595265926,125.904595265926,0.0
1369785600,129.564812390415,129.564812390415,129.564812390415,129.564812390415,0.0
1369872000,126.513068381064,126.513068381064,126.513068381064,126.513068381064,0.0
1369958400,127.816488895383,127.816488895383,127.816488895383,127.816488895383,0.0
1370044800,128.791151081239,128.791151081239,128.791151081239,128.791151081239,0.0
1370131200,122.626708942139,122.626708942139,122.626708942139,122.626708942139,0.0
1370217600,122.949187901812,122.949187901812,122.949187901812,122.949187901812,0.0
1370304000,120.189968731736,120.189968731736,120.189968731736,120.189968731736,0.0
1370390400,120.869923845704,120.869923845704,120.869923845704,120.869923845704,0.0
1370476800,119.053975669784,119.053975669784,119.053975669784,119.053975669784,0.0
1370563200,110.1977314436,110.1977314436,110.1977314436,110.1977314436,0.0
1370649600,109.178545341321,109.178545341321,109.178545341321,109.178545341321,0.0
1370736000,99.9036034482759,99.9036034482759,99.9036034482759,99.9036034482759,0.0
1370822400,104.357566627703,104.357566627703,104.357566627703,104.357566627703,0.0
1370908800,107.507520455874,107.507520455874,107.507520455874,107.507520455874,0.0
1370995200,106.378116306254,106.378116306254,106.378116306254,106.378116306254,0.0
1371081600,101.323897720631,101.323897720631,101.323897720631,101.323897720631,0.0
1371168000,99.2132443015781,99.2132443015781,99.2132443015781,99.2132443015781,0.0
1371254400,99.8750374050263,99.8750374050263,99.8750374050263,99.8750374050263,0.0
1371340800,99.0383512565751,99.0383512565751,99.0383512565751,99.0383512565751,0.0
1371427200,100.126305084746,100.126305084746,100.126305084746,100.126305084746,0.0
1371513600,104.289176382233,104.289176382233,104.289176382233,104.289176382233,0.0
1371600000,104.417150789012,104.417150789012,104.417150789012,104.417150789012,0.0
1371686400,104.323499707773,104.323499707773,104.323499707773,104.323499707773,0.0
1371772800,101.416857393337,101.416857393337,101.416857393337,101.416857393337,0.0
1371859200,100.039508474576,100.039508474576,100.039508474576,100.039508474576,0.0
1371945600,100.314744593805,100.314744593805,100.314744593805,100.314744593805,0.0
1372032000,99.0456832261835,99.0456832261835,99.0456832261835,99.0456832261835,0.0
1372118400,97.8327887200468,97.8327887200468,97.8327887200468,97.8327887200468,0.0
1372204800,98.6517007597896,98.6517007597896,98.6517007597896,98.6517007597896,0.0
1372291200,96.8039495990649,96.8039495990649,96.8039495990649,96.8039495990649,0.0
1372377600,89.4245067212157,89.4245067212157,89.4245067212157,89.4245067212157,0.0
1372464000,88.7972910578609,88.7972910578609,88.7972910578609,88.7972910578609,0.0
1372550400,89.4809076563413,89.4809076563413,89.4809076563413,89.4809076563413,0.0
1372636800,82.8675701344243,82.8675701344243,82.8675701344243,82.8675701344243,0.0
1372723200,87.8164666861484,87.8164666861484,87.8164666861484,87.8164666861484,0.0
1372809600,77.6913308007014,77.6913308007014,77.6913308007014,77.6913308007014,0.0
1372896000,79.1348708357686,79.1348708357686,79.1348708357686,79.1348708357686,0.0
1372982400,67.4476238527177,67.4476238527177,67.4476238527177,67.4476238527177,0.0
1373068800,66.3416808883694,66.3416808883694,66.3416808883694,66.3416808883694,0.0
1373155200,72.1095223728814,72.1095223728814,72.1095223728814,72.1095223728814,0.0
1373241600,73.9885537697253,73.9885537697253,73.9885537697253,73.9885537697253,0.0
1373328000,74.8919108708358,74.8919108708358,74.8919108708358,74.8919108708358,0.0
1373414400,85.0136791350088,85.0136791350088,85.0136791350088,85.0136791350088,0.0
1373500800,87.4975493863238,87.4975493863238,87.4975493863238,87.4975493863238,0.0
1373587200,90.0466987142022,90.0466987142022,90.0466987142022,90.0466987142022,0.0
1373673600,91.5925978959673,91.5925978959673,91.5925978959673,91.5925978959673,0.0
1373760000,89.892269275862,89.892269275862,89.892269275862,89.892269275862,0.0
1373846400,93.7961525423729,93.7961525423729,93.7961525423729,93.7961525423729,0.0
1373932800,91.7810356516657,91.7810356516657,91.7810356516657,91.7810356516657,0.0
1374019200,91.0313512565751,91.0313512565751,91.0313512565751,91.0313512565751,0.0
1374105600,84.9617291174752,84.9617291174752,84.9617291174752,84.9617291174752,0.0
1374192000,86.2387945996493,86.2387945996493,86.2387945996493,86.2387945996493,0.0
1374278400,84.9108591466978,84.9108591466978,84.9108591466978,84.9108591466978,0.0
1374364800,85.6643502618352,85.6643502618352,85.6643502618352,85.6643502618352,0.0
1374451200,85.6490286382233,85.6490286382233,85.6490286382233,85.6490286382233,0.0
1374537600,86.977056691993,86.977056691993,86.977056691993,86.977056691993,0.0
1374624000,88.15173056692,88.15173056692,88.15173056692,88.15173056692,0.0
1374710400,90.166092226768,90.166092226768,90.166092226768,90.166092226768,0.0
1374796800,89.9839859731151,89.9839859731151,89.9839859731151,89.9839859731151,0.0
1374883200,88.165275862069,88.165275862069,88.165275862069,88.165275862069,0.0
1374969600,92.7458421975453,92.7458421975453,92.7458421975453,92.7458421975453,0.0
1375056000,93.2986972530684,93.2986972530684,93.2986972530684,93.2986972530684,0.0
1375142400,96.659552893045,96.659552893045,96.659552893045,96.659552893045,0.0
1375228800,98.0244199298656,98.0244199298656,98.0244199298656,98.0244199298656,0.0
1375315200,96.5680178258329,96.5680178258329,96.5680178258329,96.5680178258329,0.0
1375401600,96.0745306838106,96.0745306838106,96.0745306838106,96.0745306838106,0.0
1375488000,95.5067095265926,95.5067095265926,95.5067095265926,95.5067095265926,0.0
1375574400,96.3654821741672,96.3654821741672,96.3654821741672,96.3654821741672,0.0
1375660800,97.5271338398598,97.5271338398598,97.5271338398598,97.5271338398598,0.0
1375747200,97.6712066043249,97.6712066043249,97.6712066043249,97.6712066043249,0.0
1375833600,97.0542068965517,97.0542068965517,97.0542068965517,97.0542068965517,0.0
1375920000,94.2572717708942,94.2572717708942,94.2572717708942,94.2572717708942,0.0
1376006400,92.4727767387493,92.4727767387493,92.4727767387493,92.4727767387493,0.0
1376092800,93.293552893045,93.293552893045,93.293552893045,93.293552893045,0.0
1376179200,94.271312390415,94.271312390415,94.271312390415,94.271312390415,0.0
1376265600,95.4464707773232,95.4464707773232,95.4464707773232,95.4464707773232,0.0
1376352000,97.7590750847458,97.7590750847458,97.7590750847458,97.7590750847458,0.0
1376438400,99.1212875511397,99.1212875511397,99.1212875511397,99.1212875511397,0.0
1376524800,98.1063331385155,98.1063331385155,98.1063331385155,98.1063331385155,0.0
1376611200,98.2909602571596,98.2909602571596,98.2909602571596,98.2909602571596,0.0
1376697600,99.6305043834015,99.6305043834015,99.6305043834015,99.6305043834015,0.0
1376784000,99.1780397428405,99.1780397428405,99.1780397428405,99.1780397428405,0.0
1376870400,102.784012273524,102.784012273524,102.784012273524,102.784012273524,0.0
1376956800,104.500210987726,104.500210987726,104.500210987726,104.500210987726,0.0
1377043200,110.801603740503,110.801603740503,110.801603740503,110.801603740503,0.0
1377129600,109.523216832262,109.523216832262,109.523216832262,109.523216832262,0.0
1377216000,107.697571595558,107.697571595558,107.697571595558,107.697571595558,0.0
1377302400,108.882675043834,108.882675043834,108.882675043834,108.882675043834,0.0
1377388800,113.082563413209,113.082563413209,113.082563413209,113.082563413209,0.0
1377475200,112.11811484512,112.11811484512,112.11811484512,112.11811484512,0.0
1377561600,117.759790765634,117.759790765634,117.759790765634,117.759790765634,0.0
1377648000,118.317414377557,118.317414377557,118.317414377557,118.317414377557,0.0
1377734400,118.835638223261,118.835638223261,118.835638223261,118.835638223261,0.0
1377820800,124.885379602572,124.885379602572,124.885379602572,124.885379602572,0.0
1377907200,128.377978959673,128.377978959673,128.377978959673,128.377978959673,0.0
1377993600,130.536372004676,130.536372004676,130.536372004676,130.536372004676,0.0
1378080000,129.565371712449,129.565371712449,129.565371712449,129.565371712449,0.0
1378166400,129.182803623612,129.182803623612,129.182803623612,129.182803623612,0.0
1378252800,122.529238749269,122.529238749269,122.529238749269,122.529238749269,0.0
1378339200,122.370085037989,122.370085037989,122.370085037989,122.370085037989,0.0
1378425600,117.861146405611,117.861146405611,117.861146405611,117.861146405611,0.0
1378512000,119.814989479836,119.814989479836,119.814989479836,119.814989479836,0.0
1378598400,118.057386323787,118.057386323787,118.057386323787,118.057386323787,0.0
1378684800,121.259272647575,121.259272647575,121.259272647575,121.259272647575,0.0
1378771200,122.215530189363,122.215530189363,122.215530189363,122.215530189363,0.0
1378857600,127.088227060199,127.088227060199,127.088227060199,127.088227060199,0.0
1378944000,126.780723553478,126.780723553478,126.780723553478,126.780723553478,0.0
1379030400,127.407745178258,127.407745178258,127.407745178258,127.407745178258,0.0
1379116800,124.348477498539,124.348477498539,124.348477498539,124.348477498539,0.0
1379203200,125.076417884278,125.076417884278,125.076417884278,125.076417884278,0.0
1379289600,126.204665984804,126.204665984804,126.204665984804,126.204665984804,0.0
1379376000,126.897250146113,126.897250146113,126.897250146113,126.897250146113,0.0
1379462400,126.903819403857,126.903819403857,126.903819403857,126.903819403857,0.0
1379548800,124.180957334892,124.180957334892,124.180957334892,124.180957334892,0.0
1379635200,122.921635885447,122.921635885447,122.921635885447,122.921635885447,0.0
1379721600,123.508256867329,123.508256867329,123.508256867329,123.508256867329,0.0
1379808000,123.124935125658,123.124935125658,123.124935125658,123.124935125658,0.0
1379894400,122.865699006429,122.865699006429,122.865699006429,122.865699006429,0.0
1379980800,123.797357685564,123.797357685564,123.797357685564,123.797357685564,0.0
1380067200,123.614078609001,123.614078609001,123.614078609001,123.614078609001,0.0
1380153600,124.68567445938,124.68567445938,124.68567445938,124.68567445938,0.0
1380240000,126.605347749854,126.605347749854,126.605347749854,126.605347749854,0.0
1380326400,126.796551724138,126.796551724138,126.796551724138,126.796551724138,0.0
1380412800,127.108627703098,127.108627703098,127.108627703098,127.108627703098,0.0
1380499200,126.090261835184,126.090261835184,126.090261835184,126.090261835184,0.0
1380585600,127.575424313267,127.575424313267,127.575424313267,127.575424313267,0.0
1380672000,104.105092928112,104.105092928112,104.105092928112,104.105092928112,0.0
1380758400,117.575495032145,117.575495032145,117.575495032145,117.575495032145,0.0
1380844800,121.930347749854,121.930347749854,121.930347749854,121.930347749854,0.0
1380931200,121.393402688486,121.393402688486,121.393402688486,121.393402688486,0.0
1381017600,122.475261250731,122.475261250731,122.475261250731,122.475261250731,0.0
1381104000,123.906872589129,123.906872589129,123.906872589129,123.906872589129,0.0
1381190400,124.76652893045,124.76652893045,124.76652893045,124.76652893045,0.0
1381276800,125.933520312683,125.933520312683,125.933520312683,125.933520312683,0.0
1381363200,126.704650496785,126.704650496785,126.704650496785,126.704650496785,0.0
1381449600,127.25529924021,127.25529924021,127.25529924021,127.25529924021,0.0
1381536000,127.851263004091,127.851263004091,127.851263004091,127.851263004091,0.0
1381622400,132.415658679135,132.415658679135,132.415658679135,132.415658679135,0.0
1381708800,135.339194915254,135.339194915254,135.339194915254,135.339194915254,0.0
1381795200,141.493908533022,141.493908533022,141.493908533022,141.493908533022,0.0
1381881600,138.327921917008,138.327921917008,138.327921917008,138.327921917008,0.0
1381968000,143.74713383986,143.74713383986,143.74713383986,143.74713383986,0.0
1382054400,152.775572180012,152.775572180012,152.775572180012,152.775572180012,0.0
1382140800,165.772717124489,165.772717124489,165.772717124489,165.772717124489,0.0
1382227200,166.500151081239,166.500151081239,166.500151081239,166.500151081239,0.0
1382313600,179.910628579778,179.910628579778,179.910628579778,179.910628579778,0.0
1382400000,190.402781414378,190.402781414378,190.402781414378,190.402781414378,0.0
1382486400,204.600350964348,204.600350964348,204.600350964348,204.600350964348,0.0
1382572800,194.41004376505,194.41004376505,194.41004376505,194.41004376505,0.0
1382659200,185.64378762595,185.64378762595,185.64378762595,185.64378762595,0.0
1382745600,179.808218001169,179.808218001169,179.808218001169,179.808218001169,0.0
1382832000,194.546133255406,194.546133255406,194.546133255406,194.546133255406,0.0
1382918400,196.274687317358,196.274687317358,196.274687317358,196.274687317358,0.0
1383004800,204.428174167154,204.428174167154,204.428174167154,204.428174167154,0.0
1383091200,197.900599420982,197.900599420982,197.900599420982,197.900599420982,0.0
1383177600,203.283649912332,203.283649912332,203.283649912332,203.283649912332,0.0
1383264000,203.037109849386,203.037109849386,203.037109849386,203.037109849386,0.0
1383350400,204.792881355932,204.792881355932,204.792881355932,204.792881355932,0.0
1383436800,210.275382611748,210.275382611748,210.275382611748,210.275382611748,0.0
1383523200,228.79103886616,228.79103886616,228.79103886616,228.79103886616,0.0
1383609600,243.641668907072,243.641668907072,243.641668907072,243.641668907072,0.0
1383696000,263.209583987142,263.209583987142,263.209583987142,263.209583987142,0.0
1383782400,290.124226183518,290.124226183518,290.124226183518,290.124226183518,0.0
1383868800,333.750656511981,333.750656511981,333.750656511981,333.750656511981,0.0
1383955200,331.051148451198,331.051148451198,331.051148451198,331.051148451198,0.0
1384041600,327.558653499708,327.558653499708,327.558653499708,327.558653499708,0.0
1384128000,342.697692869667,342.697692869667,342.697692869667,342.697692869667,0.0
1384214400,354.645488310929,354.645488310929,354.645488310929,354.645488310929,0.0
1384300800,394.50449522443,394.50449522443,394.50449522443,394.50449522443,0.0
1384387200,416.706303302747,416.706303302747,416.706303302747,416.706303302747,0.0
1384473600,408.398797334892,408.398797334892,408.398797334892,408.398797334892,0.0
1384560000,435.798442767387,435.798442767387,435.798442767387,435.798442767387,0.0
1384646400,485.33657685564,485.33657685564,485.33657685564,485.33657685564,0.0
1384732800,657.778503874927,657.778503874927,657.778503874927,657.778503874927,0.0
1384819200,546.878397311514,546.878397311514,546.878397311514,546.878397311514,0.0
1384905600,595.339099649328,595.339099649328,595.339099649328,595.339099649328,0.0
1384992000,720.764425260082,720.764425260082,720.764425260082,720.764425260082,0.0
1385078400,802.916933718294,802.916933718294,802.916933718294,802.916933718294,0.0
1385164800,834.295339989129,834.295339989129,834.295339989129,834.295339989129,0.0
1385251200,807.166695499708,807.166695499708,807.166695499708,807.166695499708,0.0
1385337600,816.243386616014,816.243386616014,816.243386616014,816.243386616014,0.0
1385424000,916.097160140269,916.097160140269,916.097160140269,916.097160140269,0.0
1385510400,962.910560911748,962.910560911748,962.910560911748,962.910560911748,0.0
1385596800,1007.38716364699,1007.38716364699,1007.38716364699,1007.38716364699,0.0
1385683200,1128.7254880187,1128.7254880187,1128.7254880187,1128.7254880187,0.0
1385769600,1119.29671478667,1119.29671478667,1119.29671478667,1119.29671478667,0.0
1385856000,964.485793687902,964.485793687902,964.485793687902,964.485793687902,0.0
1385942400,1040.80821770894,1040.80821770894,1040.80821770894,1040.80821770894,0.0
1386028800,1053.62102744828,1053.62102744828,1053.62102744828,1053.62102744828,0.0
1386115200,1134.93223088837,1134.93223088837,1134.93223088837,1134.93223088837,0.0
1386201600,1027.411772827,1027.411772827,1027.411772827,1027.411772827,0.0
1386288000,824.581710337814,824.581710337814,824.581710337814,824.581710337814,0.0
1386374400,703.748376025716,703.748376025716,703.748376025716,703.748376025716,0.0
1386460800,783.573348334307,783.573348334307,783.573348334307,783.573348334307,0.0
1386547200,896.079289888954,896.079289888954,896.079289888954,896.079289888954,0.0
1386633600,977.165367329047,977.165367329047,977.165367329047,977.165367329047,0.0
1386720000,875.464034272355,875.464034272355,875.464034272355,875.464034272355,0.0
1386806400,873.324805987727,873.324805987727,873.324805987727,873.324805987727,0.0
1386892800,879.156135300994,879.156135300994,879.156135300994,879.156135300994,0.0
1386979200,852.856120526008,852.856120526008,852.856120526008,852.856120526008,0.0
1387065600,864.0616578609,864.0616578609,864.0616578609,864.0616578609,0.0
1387152000,677.894106801286,677.894106801286,677.894106801286,677.894106801286,0.0
1387238400,682.62677270602,682.62677270602,682.62677270602,682.62677270602,0.0
1387324800,526.12097632671,526.12097632671,526.12097632671,526.12097632671,0.0
1387411200,685.525128959673,685.525128959673,685.525128959673,685.525128959673,0.0
1387497600,600.216954260666,600.216954260666,600.216954260666,600.216954260666,0.0
1387584000,597.033502548217,597.033502548217,597.033502548217,597.033502548217,0.0
1387670400,615.013035271771,615.013035271771,615.013035271771,615.013035271771,0.0
1387756800,657.926634155465,657.926634155465,657.926634155465,657.926634155465,0.0
1387843200,650.664745178258,650.664745178258,650.664745178258,650.664745178258,0.0
1387929600,678.290158094681,678.290158094681,678.290158094681,678.290158094681,0.0
1388016000,749.996594956166,749.996594956166,749.996594956166,749.996594956166,0.0
1388102400,722.570567492694,722.570567492694,722.570567492694,722.570567492694,0.0
1388188800,715.852363078901,715.852363078901,715.852363078901,715.852363078901,0.0
1388275200,727.271215663355,727.271215663355,727.271215663355,727.271215663355,0.0
1388361600,735.741997077732,735.741997077732,735.741997077732,735.741997077732,0.0
1388448000,729.557582910579,729.557582910579,729.557582910579,729.557582910579,0.0
1388534400,752.404549944594,752.404549944594,752.404549944594,752.404549944594,0.0
1388620800,784.954921314436,784.954921314436,784.954921314436,784.954921314436,0.0
1388707200,807.222939029807,807.222939029807,807.222939029807,807.222939029807,0.0
1388793600,828.602062618352,828.602062618352,828.602062618352,828.602062618352,0.0
1388880000,902.487380263004,902.487380263004,902.487380263004,902.487380263004,0.0
1388966400,914.459960841613,914.459960841613,914.459960841613,914.459960841613,0.0
1389052800,803.351796198714,803.351796198714,803.351796198714,803.351796198714,0.0
1389139200,820.690009503214,820.690009503214,820.690009503214,820.690009503214,0.0
1389225600,831.334750487434,831.334750487434,831.334750487434,831.334750487434,0.0
1389312000,853.298854844603,853.298854844603,853.298854844603,853.298854844603,0.0
1389398400,889.555837119345,889.555837119345,889.555837119345,889.555837119345,0.0
1389484800,845.191332220924,845.191332220924,845.191332220924,845.191332220924,0.0
1389571200,822.877012197545,822.877012197545,822.877012197545,822.877012197545,0.0
1389657600,815.293602711864,815.293602711864,815.293602711864,815.293602711864,0.0
1389744000,841.089857364115,841.089857364115,841.089857364115,841.089857364115,0.0
1389830400,815.854800298071,815.854800298071,815.854800298071,815.854800298071,0.0
1389916800,792.829506475745,792.829506475745,792.829506475745,792.829506475745,0.0
1390003200,809.783528356386,809.783528356386,809.783528356386,809.783528356386,0.0
1390089600,838.428474734073,838.428474734073,838.428474734073,838.428474734073,0.0
1390176000,828.885216592636,828.885216592636,828.885216592636,828.885216592636,0.0
1390262400,823.817963763881,823.817963763881,823.817963763881,823.817963763881,0.0
1390348800,818.976386323787,818.976386323787,818.976386323787,818.976386323787,0.0
1390435200,810.922425195792,810.922425195792,810.922425195792,810.922425195792,0.0
1390521600,781.042513950906,781.042513950906,781.042513950906,781.042513950906,0.0
1390608000,804.403240800701,804.403240800701,804.403240800701,804.403240800701,0.0
1390694400,814.499381373466,814.499381373466,814.499381373466,814.499381373466,0.0
1390780800,742.701374970777,742.701374970777,742.701374970777,742.701374970777,0.0
1390867200,790.176401876096,790.176401876096,790.176401876096,790.176401876096,0.0
1390953600,793.38442490941,793.38442490941,793.38442490941,793.38442490941,0.0
1391040000,799.474479836353,799.474479836353,799.474479836353,799.474479836353,0.0
1391126400,803.237598784921,803.237598784921,803.237598784921,803.237598784921,0.0
1391212800,813.219549216833,813.219549216833,813.219549216833,813.219549216833,0.0
1391299200,814.490870426651,814.490870426651,814.490870426651,814.490870426651,0.0
1391385600,806.997428372531,806.997428372531,806.997428372531,806.997428372531,0.0
1391472000,800.078231893629,800.078231893629,800.078231893629,800.078231893629,0.0
1391558400,784.473692777791,784.473692777791,784.473692777791,784.473692777791,0.0
1391644800,763.569382232612,763.569382232612,763.569382232612,763.569382232612,0.0
1391731200,711.571273419053,711.571273419053,711.571273419053,711.571273419053,0.0
1391817600,677.682300941379,677.682300941379,677.682300941379,677.682300941379,0.0
1391904000,687.406054576271,687.406054576271,687.406054576271,687.406054576271,0.0
1391990400,685.457498836938,685.457498836938,685.457498836938,685.457498836938,0.0
1392076800,671.89969169024,671.89969169024,671.89969169024,671.89969169024,0.0
1392163200,653.765780911747,653.765780911747,653.765780911747,653.765780911747,0.0
1392249600,612.918414962011,612.918414962011,612.918414962011,612.918414962011,0.0
1392336000,668.788602659264,668.788602659264,668.788602659264,668.788602659264,0.0
1392422400,654.377060198714,654.377060198714,654.377060198714,654.377060198714,0.0
1392508800,623.250321948568,623.250321948568,623.250321948568,623.250321948568,0.0
1392595200,631.334596306254,631.334596306254,631.334596306254,631.334596306254,0.0
1392681600,627.271761415484,627.271761415484,627.271761415484,627.271761415484,0.0
1392768000,623.54013694623,623.54013694623,623.54013694623,623.54013694623,0.0
1392854400,563.768561098773,563.768561098773,563.768561098773,563.768561098773,0.0
1392940800,580.324315973115,580.324315973115,580.324315973115,580.324315973115,0.0
1393027200,607.12463333723,607.12463333723,607.12463333723,607.12463333723,0.0
1393113600,610.082323746347,610.082323746347,610.082323746347,610.082323746347,0.0
1393200000,542.266650753945,542.266650753945,542.266650753945,542.266650753945,0.0
1393286400,533.707644436002,533.707644436002,533.707644436002,533.707644436002,0.0
1393372800,587.57858829924,587.57858829924,587.57858829924,587.57858829924,0.0
1393459200,585.393925650058,585.393925650058,585.393925650058,585.393925650058,0.0
1393545600,551.29477030976,551.29477030976,551.29477030976,551.29477030976,0.0
1393632000,567.534235441262,567.534235441262,567.534235441262,567.534235441262,0.0
1393718400,558.527707156633,558.527707156633,558.527707156633,558.527707156633,0.0
1393804800,676.505732781999,676.505732781999,676.505732781999,676.505732781999,0.0
1393891200,674.51139943308,674.51139943308,674.51139943308,674.51139943308,0.0
1393977600,670.338851099514,670.338851099514,670.338851099514,670.338851099514,0.0
1394064000,667.712834003507,667.712834003507,667.712834003507,667.712834003507,0.0
1394150400,631.770295213326,631.770295213326,631.770295213326,631.770295213326,0.0
1394236800,621.524114496201,621.524114496201,621.524114496201,621.524114496201,0.0
1394323200,640.578889322034,640.578889322034,640.578889322034,640.578889322034,0.0
1394409600,628.151241165985,628.151241165985,628.151241165985,628.151241165985,0.0
1394496000,633.73383823495,633.73383823495,633.73383823495,633.73383823495,0.0
1394582400,634.646823717125,634.646823717125,634.646823717125,634.646823717125,0.0
1394668800,643.432100859147,643.432100859147,643.432100859147,643.432100859147,0.0
1394755200,628.308590005845,628.308590005845,628.308590005845,628.308590005845,0.0
1394841600,636.218650061368,636.218650061368,636.218650061368,636.218650061368,0.0
1394928000,634.168900970894,634.168900970894,634.168900970894,634.168900970894,0.0
1395014400,622.760208649912,622.760208649912,622.760208649912,622.760208649912,0.0
1395100800,614.309513717125,614.309513717125,614.309513717125,614.309513717125,0.0
1395187200,610.511203474576,610.511203474576,610.511203474576,610.511203474576,0.0
1395273600,586.607595710111,586.607595710111,586.607595710111,586.607595710111,0.0
1395360000,569.694517995324,569.694517995324,569.694517995324,569.694517995324,0.0
1395446400,564.700026703682,564.700026703682,564.700026703682,564.700026703682,0.0
1395532800,558.958861691408,558.958861691408,558.958861691408,558.958861691408,0.0
1395619200,585.023250518995,585.023250518995,585.023250518995,585.023250518995,0.0
1395705600,583.771189094097,583.771189094097,583.771189094097,583.771189094097,0.0
1395792000,579.243850400994,579.243850400994,579.243850400994,579.243850400994,0.0
1395878400,483.164012612507,483.164012612507,483.164012612507,483.164012612507,0.0
1395964800,498.661328949153,498.661328949153,498.661328949153,498.661328949153,0.0
1396051200,489.517023547633,489.517023547633,489.517023547633,489.517023547633,0.0
1396137600,458.966328275862,458.966328275862,458.966328275862,458.966328275862,0.0
1396224000,455.355354056108,455.355354056108,455.355354056108,455.355354056108,0.0
1396310400,479.008465867913,479.008465867913,479.008465867913,479.008465867913,0.0
1396396800,439.011492524839,439.011492524839,439.011492524839,439.011492524839,0.0
1396483200,449.441151519579,449.441151519579,449.441151519579,449.441151519579,0.0
1396569600,449.719869736996,449.719869736996,449.719869736996,449.719869736996,0.0
1396656000,461.675331482174,461.675331482174,461.675331482174,461.675331482174,0.0
1396742400,458.633480544535,458.633480544535,458.633480544535,458.633480544535,0.0
1396828800,448.655275066394,448.655275066394,448.655275066394,448.655275066394,0.0
1396915200,452.803098796026,452.803098796026,452.803098796026,452.803098796026,0.0
1397001600,442.837984932203,442.837984932203,442.837984932203,442.837984932203,0.0
1397088000,366.911866063413,366.911866063413,366.911866063413,366.911866063413,0.0
1397174400,421.943528071303,421.943528071303,421.943528071303,421.943528071303,0.0
1397260800,424.274212647575,424.274212647575,424.274212647575,424.274212647575,0.0
1397347200,416.362321654004,416.362321654004,416.362321654004,416.362321654004,0.0
1397433600,461.108246586649,461.108246586649,461.108246586649,461.108246586649,0.0
1397520000,521.615299606078,521.615299606078,521.615299606078,521.615299606078,0.0
1397606400,531.481846731999,531.481846731999,531.481846731999,531.481846731999,0.0
1397692800,499.837551544721,499.837551544721,499.837551544721,499.837551544721,0.0
1397779200,483.020013533606,483.020013533606,483.020013533606,483.020013533606,0.0
1397865600,504.365595178488,504.365595178488,504.365595178488,504.365595178488,0.0
1397952000,501.55718444916,501.55718444916,501.55718444916,501.55718444916,0.0
1398038400,498.084530300994,498.084530300994,498.084530300994,498.084530300994,0.0
1398124800,489.503510029223,489.503510029223,489.503510029223,489.503510029223,0.0
1398211200,490.63296754332,490.63296754332,490.63296754332,490.63296754332,0.0
1398297600,503.291801028638,503.291801028638,503.291801028638,503.291801028638,0.0
1398384000,466.426171344243,466.426171344243,466.426171344243,466.426171344243,0.0
1398470400,459.22670981882,459.22670981882,459.22670981882,459.22670981882,0.0
1398556800,438.709363717287,438.709363717287,438.709363717287,438.709363717287,0.0
1398643200,441.547805468089,441.547805468089,441.547805468089,441.547805468089,0.0
1398729600,447.709930772047,447.709930772047,447.709930772047,447.709930772047,0.0
1398816000,448.875715514009,448.875715514009,448.875715514009,448.875715514009,0.0
1398902400,460.194698255991,460.194698255991,460.194698255991,460.194698255991,0.0
1398988800,452.239779761701,452.239779761701,452.239779761701,452.239779761701,0.0
1399075200,438.978588005844,438.978588005844,438.978588005844,438.978588005844,0.0
1399161600,436.675398644705,436.675398644705,436.675398644705,436.675398644705,0.0
1399248000,432.338179035394,432.338179035394,432.338179035394,432.338179035394,0.0
1399334400,430.128205394506,430.128205394506,430.128205394506,430.128205394506,0.0
1399420800,442.18287609585,442.18287609585,442.18287609585,442.18287609585,0.0
1399507200,440.402762711864,440.402762711864,440.402762711864,440.402762711864,0.0
1399593600,452.697999723553,452.697999723553,452.697999723553,452.697999723553,0.0
1399680000,456.75584628872,456.75584628872,456.75584628872,456.75584628872,0.0
1399766400,439.114476037405,439.114476037405,439.114476037405,439.114476037405,0.0
1399852800,441.280955581531,441.280955581531,441.280955581531,441.280955581531,0.0
1399939200,439.005774985389,439.005774985389,439.005774985389,439.005774985389,0.0
1400025600,444.848205727645,444.848205727645,444.848205727645,444.848205727645,0.0
1400112000,446.96155873758,446.96155873758,446.96155873758,446.96155873758,0.0
1400198400,448.74215371128,448.74215371128,448.74215371128,448.74215371128,0.0
1400284800,449.2222893045,449.2222893045,449.2222893045,449.2222893045,0.0
1400371200,446.962641437756,446.962641437756,446.962641437756,446.962641437756,0.0
1400457600,447.404856808884,447.404856808884,447.404856808884,447.404856808884,0.0
1400544000,490.335648158971,490.335648158971,490.335648158971,490.335648158971,0.0
1400630400,493.933491817651,493.933491817651,493.933491817651,493.933491817651,0.0
1400716800,526.81428842782,526.81428842782,526.81428842782,526.81428842782,0.0
1400803200,523.699320280538,523.699320280538,523.699320280538,523.699320280538,0.0
1400889600,527.691243132671,527.691243132671,527.691243132671,527.691243132671,0.0
1400976000,573.312458796026,573.312458796026,573.312458796026,573.312458796026,0.0
1401062400,584.847974868498,584.847974868498,584.847974868498,584.847974868498,0.0
1401148800,573.928269245471,573.928269245471,573.928269245471,573.928269245471,0.0
1401235200,579.189318819404,579.189318819404,579.189318819404,579.189318819404,0.0
1401321600,570.349310929281,570.349310929281,570.349310929281,570.349310929281,0.0
1401408000,620.846360607832,620.846360607832,620.846360607832,620.846360607832,0.0
1401494400,627.892420689655,627.892420689655,627.892420689655,627.892420689655,0.0
1401580800,630.074953535944,630.074953535944,630.074953535944,630.074953535944,0.0
1401667200,663.505723845704,663.505723845704,663.505723845704,663.505723845704,0.0
1401753600,672.387897136178,672.387897136178,672.387897136178,672.387897136178,0.0
1401840000,643.887368790181,643.887368790181,643.887368790181,643.887368790181,0.0
1401926400,661.503558153127,661.503558153127,661.503558153127,661.503558153127,0.0
1402012800,650.133315897136,650.133315897136,650.133315897136,650.133315897136,0.0
1402099200,656.800271770894,656.800271770894,656.800271770894,656.800271770894,0.0
1402185600,657.819974868498,657.819974868498,657.819974868498,657.819974868498,0.0
1402272000,648.336322326125,648.336322326125,648.336322326125,648.336322326125,0.0
1402358400,650.936609585038,650.936609585038,650.936609585038,650.936609585038,0.0
1402444800,631.489022209235,631.489022209235,631.489022209235,631.489022209235,0.0
1402531200,591.975077147867,591.975077147867,591.975077147867,591.975077147867,0.0
1402617600,597.044999707773,597.044999707773,597.044999707773,597.044999707773,0.0
1402704000,575.559461718293,575.559461718293,575.559461718293,575.559461718293,0.0
1402790400,589.724646405611,589.724646405611,589.724646405611,589.724646405611,0.0
1402876800,590.567482174167,590.567482174167,590.567482174167,590.567482174167,0.0
1402963200,609.080002922268,609.080002922268,609.080002922268,609.080002922268,0.0
1403049600,607.629796025716,607.629796025716,607.629796025716,607.629796025716,0.0
1403136000,595.751476914085,595.751476914085,595.751476914085,595.751476914085,0.0
1403222400,591.531522793688,591.531522793688,591.531522793688,591.531522793688,0.0
1403308800,592.764349503215,592.764349503215,592.764349503215,592.764349503215,0.0
1403395200,599.634633547633,599.634633547633,599.634633547633,599.634633547633,0.0
1403481600,589.552299824664,589.552299824664,589.552299824664,589.552299824664,0.0
1403568000,579.973718585622,579.973718585622,579.973718585622,579.973718585622,0.0
1403654400,562.236779953244,562.236779953244,562.236779953244,562.236779953244,0.0
1403740800,580.749230274693,580.749230274693,580.749230274693,580.749230274693,0.0
1403827200,600.638305376973,600.638305376973,600.638305376973,600.638305376973,0.0
1403913600,594.390304208065,594.390304208065,594.390304208065,594.390304208065,0.0
1404000000,600.840518410286,600.840518410286,600.840518410286,600.840518410286,0.0
1404086400,638.94611396844,638.94611396844,638.94611396844,638.94611396844,0.0
1404172800,642.95659672706,642.95659672706,642.95659672706,642.95659672706,0.0
1404259200,651.298347749854,651.298347749854,651.298347749854,651.298347749854,0.0
1404345600,646.413389130333,646.413389130333,646.413389130333,646.413389130333,0.0
1404432000,630.635502922268,630.635502922268,630.635502922268,630.635502922268,0.0
1404518400,630.468341905318,630.468341905318,630.468341905318,630.468341905318,0.0
1404604800,634.67267445938,634.67267445938,634.67267445938,634.67267445938,0.0
1404691200,622.854978959673,622.854978959673,622.854978959673,622.854978959673,0.0
1404777600,624.894331092928,624.894331092928,624.894331092928,624.894331092928,0.0
1404864000,621.939091759205,621.939091759205,621.939091759205,621.939091759205,0.0
1404950400,616.522849795441,616.522849795441,616.522849795441,616.522849795441,0.0
1405036800,634.494378141438,634.494378141438,634.494378141438,634.494378141438,0.0
1405123200,636.923957934541,636.923957934541,636.923957934541,636.923957934541,0.0
1405209600,629.87575043834,629.87575043834,629.87575043834,629.87575043834,0.0
1405296000,619.197459088252,619.197459088252,619.197459088252,619.197459088252,0.0
1405382400,621.934601402689,621.934601402689,621.934601402689,621.934601402689,0.0
1405468800,616.351882232612,616.351882232612,616.351882232612,616.351882232612,0.0
1405555200,624.259274985389,624.259274985389,624.259274985389,624.259274985389,0.0
1405641600,630.750140268849,630.750140268849,630.750140268849,630.750140268849,0.0
1405728000,629.17336440678,629.17336440678,629.17336440678,629.17336440678,0.0
1405814400,625.248676212741,625.248676212741,625.248676212741,625.248676212741,0.0
1405900800,621.305331385155,621.305331385155,621.305331385155,621.305331385155,0.0
1405987200,619.823264465225,619.823264465225,619.823264465225,619.823264465225,0.0
1406073600,619.772816773817,619.772816773817,619.772816773817,619.772816773817,0.0
1406160000,602.87964552893,602.87964552893,602.87964552893,602.87964552893,0.0
1406246400,601.578514319112,601.578514319112,601.578514319112,601.578514319112,0.0
1406332800,594.702607247224,594.702607247224,594.702607247224,594.702607247224,0.0
1406419200,591.575444184687,591.575444184687,591.575444184687,591.575444184687,0.0
1406505600,587.493004967855,587.493004967855,587.493004967855,587.493004967855,0.0
1406592000,584.11239333723,584.11239333723,584.11239333723,584.11239333723,0.0
1406678400,562.914625073057,562.914625073057,562.914625073057,562.914625073057,0.0
1406764800,581.975561952075,581.975561952075,581.975561952075,581.975561952075,0.0
1406851200,596.506759205143,596.506759205143,596.506759205143,596.506759205143,0.0
1406937600,589.757261542957,589.757261542957,589.757261542957,589.757261542957,0.0
1407024000,586.753736703682,586.753736703682,586.753736703682,586.753736703682,0.0
1407110400,587.60833547633,587.60833547633,587.60833547633,587.60833547633,0.0
1407196800,581.881988603156,581.881988603156,581.881988603156,581.881988603156,0.0
1407283200,582.248371420222,582.248371420222,582.248371420222,582.248371420222,0.0
1407369600,586.046633547633,586.046633547633,586.046633547633,586.046633547633,0.0
1407456000,589.024412624196,589.024412624196,589.024412624196,589.024412624196,0.0
1407542400,588.978521332554,588.978521332554,588.978521332554,588.978521332554,0.0
1407628800,589.373502045587,589.373502045587,589.373502045587,589.373502045587,0.0
1407715200,573.441483927528,573.441483927528,573.441483927528,573.441483927528,0.0
1407801600,568.307520163647,568.307520163647,568.307520163647,568.307520163647,0.0
1407888000,548.370175336061,548.370175336061,548.370175336061,548.370175336061,0.0
1407974400,505.107499707773,505.107499707773,505.107499707773,505.107499707773,0.0
1408060800,500.323060132671,500.323060132671,500.323060132671,500.323060132671,0.0
1408147200,521.7479628872,521.7479628872,521.7479628872,521.7479628872,0.0
1408233600,497.764658971362,497.764658971362,497.764658971362,497.764658971362,0.0
1408320000,468.957918176505,468.957918176505,468.957918176505,468.957918176505,0.0
1408406400,486.794350672122,486.794350672122,486.794350672122,486.794350672122,0.0
1408492800,515.120353886616,515.120353886616,515.120353886616,515.120353886616,0.0
1408579200,519.307852133255,519.307852133255,519.307852133255,519.307852133255,0.0
1408665600,516.159368790181,516.159368790181,516.159368790181,516.159368790181,0.0
1408752000,497.12575949737,497.12575949737,497.12575949737,497.12575949737,0.0
1408838400,508.430741963764,508.430741963764,508.430741963764,508.430741963764,0.0
1408924800,501.610286674459,501.610286674459,501.610286674459,501.610286674459,0.0
1409011200,511.852321741672,511.852321741672,511.852321741672,511.852321741672,0.0
1409097600,510.162323787259,510.162323787259,510.162323787259,510.162323787259,0.0
1409184000,506.285151665693,506.285151665693,506.285151665693,506.285151665693,0.0
1409270400,508.866571887785,508.866571887785,508.866571887785,508.866571887785,0.0
1409356800,501.275723261251,501.275723261251,501.275723261251,501.275723261251,0.0
1409443200,478.511425482174,478.511425482174,478.511425482174,478.511425482174,0.0
1409529600,474.541489772063,474.541489772063,474.541489772063,474.541489772063,0.0
1409616000,474.430670660433,474.430670660433,474.430670660433,474.430670660433,0.0
1409702400,473.95920338983,473.95920338983,473.95920338983,473.95920338983,0.0
1409788800,489.555201344243,489.555201344243,489.555201344243,489.555201344243,0.0
1409875200,478.749782875511,478.749782875511,478.749782875511,478.749782875511,0.0
1409961600,480.64249181765,480.64249181765,480.64249181765,480.64249181765,0.0
1410048000,478.36550087668,478.36550087668,478.36550087668,478.36550087668,0.0
1410134400,468.975495908825,468.975495908825,468.975495908825,468.975495908825,0.0
1410220800,473.51202717709,473.51202717709,473.51202717709,473.51202717709,0.0
1410307200,477.778417592051,477.778417592051,477.778417592051,477.778417592051,0.0
1410393600,477.270682057276,477.270682057276,477.270682057276,477.270682057276,0.0
1410480000,473.997282291058,473.997282291058,473.997282291058,473.997282291058,0.0
1410566400,477.960973991818,477.960973991818,477.960973991818,477.960973991818,0.0
1410652800,475.648063997662,475.648063997662,475.648063997662,475.648063997662,0.0
1410739200,472.655629748685,472.655629748685,472.655629748685,472.655629748685,0.0
1410825600,464.177754529515,464.177754529515,464.177754529515,464.177754529515,0.0
1410912000,456.339891291642,456.339891291642,456.339891291642,456.339891291642,0.0
1410998400,426.880106954997,426.880106954997,426.880106954997,426.880106954997,0.0
1411084800,393.893890707189,393.893890707189,393.893890707189,393.893890707189,0.0
1411171200,411.041342781999,411.041342781999,411.041342781999,411.041342781999,0.0
1411257600,400.404530683811,400.404530683811,400.404530683811,400.404530683811,0.0
1411344000,400.881622150789,400.881622150789,400.881622150789,400.881622150789,0.0
1411430400,438.491800993571,438.491800993571,438.491800993571,438.491800993571,0.0
1411516800,423.700091759205,423.700091759205,423.700091759205,423.700091759205,0.0
1411603200,409.537749853887,409.537749853887,409.537749853887,409.537749853887,0.0
1411689600,405.298251899474,405.298251899474,405.298251899474,405.298251899474,0.0
1411776000,400.599334599649,400.599334599649,400.599334599649,400.599334599649,0.0
1411862400,375.549989772063,375.549989772063,375.549989772063,375.549989772063,0.0
1411948800,373.0645578609,373.0645578609,373.0645578609,373.0645578609,0.0
1412035200,389.264040411455,389.264040411455,389.264040411455,389.264040411455,0.0
1412121600,382.909365867914,382.909365867914,382.909365867914,382.909365867914,0.0
1412208000,372.525699006429,372.525699006429,372.525699006429,372.525699006429,0.0
1412294400,357.665713617767,357.665713617767,357.665713617767,357.665713617767,0.0
1412380800,328.826113091759,328.826113091759,328.826113091759,328.826113091759,0.0
1412467200,322.826261542957,322.826261542957,322.826261542957,322.826261542957,0.0
1412553600,326.803532729398,326.803532729398,326.803532729398,326.803532729398,0.0
1412640000,333.570194915254,333.570194915254,333.570194915254,333.570194915254,0.0
1412726400,354.407334307423,354.407334307423,354.407334307423,354.407334307423,0.0
1412812800,361.716424897721,361.716424897721,361.716424897721,361.716424897721,0.0
1412899200,358.890390810053,358.890390810053,358.890390810053,358.890390810053,0.0
1412985600,361.908376972531,361.908376972531,361.908376972531,361.908376972531,0.0
1413072000,377.871243717124,377.871243717124,377.871243717124,377.871243717124,0.0
1413158400,391.994208942139,391.994208942139,391.994208942139,391.994208942139,0.0
1413244800,400.880592054354,400.880592054354,400.880592054354,400.880592054354,0.0
1413331200,394.625879894798,394.625879894798,394.625879894798,394.625879894798,0.0
1413417600,382.321476329632,382.321476329632,382.321476329632,382.321476329632,0.0
1413504000,382.200789596727,382.200789596727,382.200789596727,382.200789596727,0.0
1413590400,391.293177089421,391.293177089421,391.293177089421,391.293177089421,0.0
1413676800,388.684497954413,388.684497954413,388.684497954413,388.684497954413,0.0
1413763200,381.190858562244,381.190858562244,381.190858562244,381.190858562244,0.0
1413849600,385.204633541204,385.204633541204,385.204633541204,385.204633541204,0.0
1413936000,380.778763296318,380.778763296318,380.778763296318,380.778763296318,0.0
1414022400,357.344793103448,357.344793103448,357.344793103448,357.344793103448,0.0
1414108800,357.48843395675,357.48843395675,357.48843395675,357.48843395675,0.0
1414195200,345.811246639392,345.811246639392,345.811246639392,345.811246639392,0.0
1414281600,353.081956165985,353.081956165985,353.081956165985,353.081956165985,0.0
1414368000,350.015711864407,350.015711864407,350.015711864407,350.015711864407,0.0
1414454400,354.653805084746,354.653805084746,354.653805084746,354.653805084746,0.0
1414540800,333.599350087668,333.599350087668,333.599350087668,333.599350087668,0.0
1414627200,344.609382232613,344.609382232613,344.609382232613,344.609382232613,0.0
1414713600,337.182912624196,337.182912624196,337.182912624196,337.182912624196,0.0
1414800000,324.371315020456,324.371315020456,324.371315020456,324.371315020456,0.0
1414886400,324.248566627703,324.248566627703,324.248566627703,324.248566627703,0.0
1414972800,325.361865575687,325.361865575687,325.361865575687,325.361865575687,0.0
1415059200,329.657703974284,329.657703974284,329.657703974284,329.657703974284,0.0
1415145600,338.805765341905,338.805765341905,338.805765341905,338.805765341905,0.0
1415232000,349.689911747516,349.689911747516,349.689911747516,349.689911747516,0.0
1415318400,342.133288135593,342.133288135593,342.133288135593,342.133288135593,0.0
1415404800,345.716332554062,345.716332554062,345.716332554062,345.716332554062,0.0
1415491200,363.610051724138,363.610051724138,363.610051724138,363.610051724138,0.0
1415577600,365.502253945061,365.502253945061,365.502253945061,365.502253945061,0.0
1415664000,367.825466978375,367.825466978375,367.825466978375,367.825466978375,0.0
1415750400,422.591419637639,422.591419637639,422.591419637639,422.591419637639,0.0
1415836800,421.914471654004,421.914471654004,421.914471654004,421.914471654004,0.0
1415923200,398.388882817066,398.388882817066,398.388882817066,398.388882817066,0.0
1416009600,377.993840736411,377.993840736411,377.993840736411,377.993840736411,0.0
1416096000,390.205823495032,390.205823495032,390.205823495032,390.205823495032,0.0
1416182400,387.501031560491,387.501031560491,387.501031560491,387.501031560491,0.0
1416268800,373.864564582116,373.864564582116,373.864564582116,373.864564582116,0.0
1416355200,377.613398012858,377.613398012858,377.613398012858,377.613398012858,0.0
1416441600,356.181265341905,356.181265341905,356.181265341905,356.181265341905,0.0
1416528000,350.748858854471,350.748858854471,350.748858854471,350.748858854471,0.0
1416614400,352.455514611338,352.455514611338,352.455514611338,352.455514611338,0.0
1416700800,367.773242255991,367.773242255991,367.773242255991,367.773242255991,0.0
1416787200,376.994223845704,376.994223845704,376.994223845704,376.994223845704,0.0
1416873600,376.755630040912,376.755630040912,376.755630040912,376.755630040912,0.0
1416960000,367.530208065459,367.530208065459,367.530208065459,367.530208065459,0.0
1417046400,369.530227352425,369.530227352425,369.530227352425,369.530227352425,0.0
1417132800,377.896931911163,377.896931911163,377.896931911163,377.896931911163,0.0
1417219200,376.07633547633,376.07633547633,376.07633547633,376.07633547633,0.0
1417305600,378.690397136178,378.690397136178,378.690397136178,378.690397136178,0.0
1417392000,379.111978959673,379.111978959673,379.111978959673,379.111978959673,0.0
1417478400,382.946796317943,382.946796317943,382.946796317943,382.946796317943,0.0
1417564800,375.916019286967,375.916019286967,375.916019286967,375.916019286967,0.0
1417651200,368.845568088837,368.845568088837,368.845568088837,368.845568088837,0.0
1417737600,378.428329631794,378.428329631794,378.428329631794,378.428329631794,0.0
1417824000,375.13795119813,375.13795119813,375.13795119813,375.13795119813,0.0
1417910400,376.639793103448,376.639793103448,376.639793103448,376.639793103448,0.0
1417996800,363.215676797195,363.215676797195,363.215676797195,363.215676797195,0.0
1418083200,351.106837814144,351.106837814144,351.106837814144,351.106837814144,0.0
1418169600,347.881393921683,347.881393921683,347.881393921683,347.881393921683,0.0
1418256000,348.593006136762,348.593006136762,348.593006136762,348.593006136762,0.0
1418342400,353.190612507306,353.190612507306,353.190612507306,353.190612507306,0.0
1418428800,349.242945061368,349.242945061368,349.242945061368,349.242945061368,0.0
1418515200,356.07972150789,356.07972150789,356.07972150789,356.07972150789,0.0
1418601600,347.095181472823,347.095181472823,347.095181472823,347.095181472823,0.0
1418688000,328.613320280538,328.613320280538,328.613320280538,328.613320280538,0.0
1418774400,320.297613383986,320.297613383986,320.297613383986,320.297613383986,0.0
1418860800,313.511651179427,313.511651179427,313.511651179427,313.511651179427,0.0
1418947200,318.242888661601,318.242888661601,318.242888661601,318.242888661601,0.0
1419033600,330.065758328463,330.065758328463,330.065758328463,330.065758328463,0.0
1419120000,320.992670075979,320.992670075979,320.992670075979,320.992670075979,0.0
1419206400,331.842584453536,331.842584453536,331.842584453536,331.842584453536,0.0
1419292800,336.084128579778,336.084128579778,336.084128579778,336.084128579778,0.0
1419379200,323.032297779077,323.032297779077,323.032297779077,323.032297779077,0.0
1419465600,318.996144360023,318.996144360023,318.996144360023,318.996144360023,0.0
1419552000,329.210341905319,329.210341905319,329.210341905319,329.210341905319,0.0
1419638400,315.968443892461,315.968443892461,315.968443892461,315.968443892461,0.0
1419724800,317.010480420807,317.010480420807,317.010480420807,317.010480420807,0.0
1419811200,313.065531560491,313.065531560491,313.065531560491,313.065531560491,0.0
1419897600,310.442004091175,310.442004091175,310.442004091175,310.442004091175,0.0
1419984000,320.662287258913,320.662287258913,320.662287258913,320.662287258913,0.0
1420070400,314.77647194623,314.77647194623,314.77647194623,314.77647194623,0.0
1420156800,315.942731735827,315.942731735827,315.942731735827,315.942731735827,0.0
1420243200,285.647309760374,285.647309760374,285.647309760374,285.647309760374,0.0
1420329600,263.334574810053,263.334574810053,263.334574810053,263.334574810053,0.0
1420416000,275.003851548802,275.003851548802,275.003851548802,275.003851548802,0.0
1420502400,287.549521040327,287.549521040327,287.549521040327,287.549521040327,0.0
1420588800,297.535565166569,297.535565166569,297.535565166569,297.535565166569,0.0
1420675200,284.342391876096,284.342391876096,284.342391876096,284.342391876096,0.0
1420761600,292.501114552893,292.501114552893,292.501114552893,292.501114552893,0.0
1420848000,276.230532144944,276.230532144944,276.230532144944,276.230532144944,0.0
1420934400,268.755515488019,268.755515488019,268.755515488019,268.755515488019,0.0
1421020800,268.617232028054,268.617232028054,268.617232028054,268.617232028054,0.0
1421107200,224.108117767388,224.108117767388,224.108117767388,224.108117767388,0.0
1421193600,175.637640561075,175.637640561075,175.637640561075,175.637640561075,0.0
1421280000,212.341011396844,212.341011396844,212.341011396844,212.341011396844,0.0
1421366400,207.595204850964,207.595204850964,207.595204850964,207.595204850964,0.0
1421452800,199.824836645237,199.824836645237,199.824836645237,199.824836645237,0.0
1421539200,211.132518410286,211.132518410286,211.132518410286,211.132518410286,0.0
1421625600,216.894694915254,216.894694915254,216.894694915254,216.894694915254,0.0
1421712000,211.919853886616,211.919853886616,211.919853886616,211.919853886616,0.0
1421798400,227.904210403273,227.904210403273,227.904210403273,227.904210403273,0.0
1421884800,233.647382817066,233.647382817066,233.647382817066,233.647382817066,0.0
1421971200,233.132852425482,233.132852425482,233.132852425482,233.132852425482,0.0
1422057600,249.08212390415,249.08212390415,249.08212390415,249.08212390415,0.0
1422144000,254.51794126242,254.51794126242,254.51794126242,254.51794126242,0.0
1422230400,273.952244886032,273.952244886032,273.952244886032,273.952244886032,0.0
1422316800,264.753804500292,264.753804500292,264.753804500292,264.753804500292,0.0
1422403200,235.735840444185,235.735840444185,235.735840444185,235.735840444185,0.0
1422489600,233.957373465809,233.957373465809,233.957373465809,233.957373465809,0.0
1422576000,228.896189947399,228.896189947399,228.896189947399,228.896189947399,0.0
1422662400,217.332156049094,217.332156049094,217.332156049094,217.332156049094,0.0
1422748800,227.111301285798,227.111301285798,227.111301285798,227.111301285798,0.0
1422835200,240.092419929866,240.092419929866,240.092419929866,240.092419929866,0.0
1422921600,227.775695791935,227.775695791935,227.775695791935,227.775695791935,0.0
1423008000,226.781134132087,226.781134132087,226.781134132087,226.781134132087,0.0
1423094400,217.011151081239,217.011151081239,217.011151081239,217.011151081239,0.0
1423180800,222.724969316189,222.724969316189,222.724969316189,222.724969316189,0.0
1423267200,228.647127410871,228.647127410871,228.647127410871,228.647127410871,0.0
1423353600,224.035988895383,224.035988895383,224.035988895383,224.035988895383,0.0
1423440000,220.768493863238,220.768493863238,220.768493863238,220.768493863238,0.0
1423526400,220.888154295734,220.888154295734,220.888154295734,220.888154295734,0.0
1423612800,219.495859731151,219.495859731151,219.495859731151,219.495859731151,0.0
1423699200,222.583227936879,222.583227936879,222.583227936879,222.583227936879,0.0
1423785600,236.555363822326,236.555363822326,236.555363822326,236.555363822326,0.0
1423872000,257.627695791935,257.627695791935,257.627695791935,257.627695791935,0.0
1423958400,234.445803039158,234.445803039158,234.445803039158,234.445803039158,0.0
1424044800,235.086126826417,235.086126826417,235.086126826417,235.086126826417,0.0
1424131200,243.905794272355,243.905794272355,243.905794272355,243.905794272355,0.0
1424217600,235.995232320281,235.995232320281,235.995232320281,235.995232320281,0.0
1424304000,241.872253945061,241.872253945061,241.872253945061,241.872253945061,0.0
1424390400,245.530775277615,245.530775277615,245.530775277615,245.530775277615,0.0
1424476800,245.596002630041,245.596002630041,245.596002630041,245.596002630041,0.0
1424563200,236.690668322618,236.690668322618,236.690668322618,236.690668322618,0.0
1424649600,239.066017825833,239.066017825833,239.066017825833,239.066017825833,0.0
1424736000,239.869262127411,239.869262127411,239.869262127411,239.869262127411,0.0
1424822400,238.236111046172,238.236111046172,238.236111046172,238.236111046172,0.0
1424908800,237.044402396259,237.044402396259,237.044402396259,237.044402396259,0.0
1424995200,255.116774400935,255.116774400935,255.116774400935,255.116774400935,0.0
1425081600,254.948448568089,254.948448568089,254.948448568089,254.948448568089,0.0
1425168000,260.651330800701,260.651330800701,260.651330800701,260.651330800701,0.0
1425254400,276.322613676213,276.322613676213,276.322613676213,276.322613676213,0.0
1425340800,282.705900935126,282.705900935126,282.705900935126,282.705900935126,0.0
1425427200,273.447536528346,273.447536528346,273.447536528346,273.447536528346,0.0
1425513600,276.268809175921,276.268809175921,276.268809175921,276.268809175921,0.0
1425600000,273.31811484512,273.31811484512,273.31811484512,273.31811484512,0.0
1425686400,276.403357393337,276.403357393337,276.403357393337,276.403357393337,0.0
1425772800,275.338033898305,275.338033898305,275.338033898305,275.338033898305,0.0
1425859200,290.130059029807,290.130059029807,290.130059029807,290.130059029807,0.0
1425945600,292.320383109293,292.320383109293,292.320383109293,292.320383109293,0.0
1426032000,296.693329339568,296.693329339568,296.693329339568,296.693329339568,0.0
1426118400,295.800344827586,295.800344827586,295.800344827586,295.800344827586,0.0
1426204800,285.911026300409,285.911026300409,285.911026300409,285.911026300409,0.0
1426291200,283.608306253653,283.608306253653,283.608306253653,283.608306253653,0.0
1426377600,287.270142022209,287.270142022209,287.270142022209,287.270142022209,0.0
1426464000,291.392118059614,291.392118059614,291.392118059614,291.392118059614,0.0
1426550400,285.248396551724,285.248396551724,285.248396551724,285.248396551724,0.0
1426636800,257.286160140269,257.286160140269,257.286160140269,257.286160140269,0.0
1426723200,262.092947983635,262.092947983635,262.092947983635,262.092947983635,0.0
1426809600,262.966492109877,262.966492109877,262.966492109877,262.966492109877,0.0
1426896000,261.18429748685,261.18429748685,261.18429748685,261.18429748685,0.0
1426982400,268.899415838691,268.899415838691,268.899415838691,268.899415838691,0.0
1427068800,266.777992986558,266.777992986558,266.777992986558,266.777992986558,0.0
1427155200,246.835082992402,246.835082992402,246.835082992402,246.835082992402,0.0
1427241600,246.719136762127,246.719136762127,246.719136762127,246.719136762127,0.0
1427328000,249.532993571011,249.532993571011,249.532993571011,249.532993571011,0.0
1427414400,247.378898305085,247.378898305085,247.378898305085,247.378898305085,0.0
1427500800,253.23161396844,253.23161396844,253.23161396844,253.23161396844,0.0
1427587200,242.967614260666,242.967614260666,242.967614260666,242.967614260666,0.0
1427673600,248.336934541204,248.336934541204,248.336934541204,248.336934541204,0.0
1427760000,244.712485680888,244.712485680888,244.712485680888,244.712485680888,0.0
1427846400,247.185819403857,247.185819403857,247.185819403857,247.185819403857,0.0
1427932800,253.630070426651,253.630070426651,253.630070426651,253.630070426651,0.0
1428019200,254.83316364699,254.83316364699,254.83316364699,254.83316364699,0.0
1428105600,253.945848626534,253.945848626534,253.945848626534,253.945848626534,0.0
1428192000,261.112136177674,261.112136177674,261.112136177674,261.112136177674,0.0
1428278400,256.367386908241,256.367386908241,256.367386908241,256.367386908241,0.0
1428364800,254.831898012858,254.831898012858,254.831898012858,254.831898012858,0.0
1428451200,245.825210403273,245.825210403273,245.825210403273,245.825210403273,0.0
1428537600,243.860636177674,243.860636177674,243.860636177674,243.860636177674,0.0
1428624000,235.871900642899,235.871900642899,235.871900642899,235.871900642899,0.0
1428710400,237.40906779661,237.40906779661,237.40906779661,237.40906779661,0.0
1428796800,237.141042372881,237.141042372881,237.141042372881,237.141042372881,0.0
1428883200,225.505635885447,225.505635885447,225.505635885447,225.505635885447,0.0
1428969600,219.757236703682,219.757236703682,219.757236703682,219.757236703682,0.0
1429056000,223.313907948568,223.313907948568,223.313907948568,223.313907948568,0.0
1429142400,228.493815312683,228.493815312683,228.493815312683,228.493815312683,0.0
1429228800,222.785060198714,222.785060198714,222.785060198714,222.785060198714,0.0
1429315200,223.398044126242,223.398044126242,223.398044126242,223.398044126242,0.0
1429401600,223.284135300994,223.284135300994,223.284135300994,223.284135300994,0.0
1429488000,224.894903565167,224.894903565167,224.894903565167,224.894903565167,0.0
1429574400,234.939356516657,234.939356516657,234.939356516657,234.939356516657,0.0
1429660800,233.822418760958,233.822418760958,233.822418760958,233.822418760958,0.0
1429747200,235.933293687902,235.933293687902,235.933293687902,235.933293687902,0.0
1429833600,231.458592343659,231.458592343659,231.458592343659,231.458592343659,0.0
1429920000,226.445992986558,226.445992986558,226.445992986558,226.445992986558,0.0
1430006400,220.503406779661,220.503406779661,220.503406779661,220.503406779661,0.0
1430092800,227.325990356517,227.325990356517,227.325990356517,227.325990356517,0.0
1430179200,225.549368790181,225.549368790181,225.549368790181,225.549368790181,0.0
1430265600,225.66928842782,225.66928842782,225.66928842782,225.66928842782,0.0
1430352000,236.327976037405,236.327976037405,236.327976037405,236.327976037405,0.0
1430438400,232.746582700175,232.746582700175,232.746582700175,232.746582700175,0.0
1430524800,235.540077147867,235.540077147867,235.540077147867,235.540077147867,0.0
1430611200,240.464248977206,240.464248977206,240.464248977206,240.464248977206,0.0
1430697600,238.976661309176,238.976661309176,238.976661309176,238.976661309176,0.0
1430784000,236.02338340152,236.02338340152,236.02338340152,236.02338340152,0.0
1430870400,229.481219300429,229.481219300429,229.481219300429,229.481219300429,0.0
1430956800,237.130687317358,237.130687317358,237.130687317358,237.130687317358,0.0
1431043200,244.383472822911,244.383472822911,244.383472822911,244.383472822911,0.0
1431129600,242.705950029223,242.705950029223,242.705950029223,242.705950029223,0.0
1431216000,240.731483927528,240.731483927528,240.731483927528,240.731483927528,0.0
1431302400,242.24983722969,242.24983722969,242.24983722969,242.24983722969,0.0
1431388800,242.209092051432,242.209092051432,242.209092051432,242.209092051432,0.0
1431475200,236.550265926359,236.550265926359,236.550265926359,236.550265926359,0.0
1431561600,236.948916715371,236.948916715371,236.948916715371,236.948916715371,0.0
1431648000,237.484502337814,237.484502337814,237.484502337814,237.484502337814,0.0
1431734400,235.812134424313,235.812134424313,235.812134424313,235.812134424313,0.0
1431820800,236.963682933957,236.963682933957,236.963682933957,236.963682933957,0.0
1431907200,232.88384961543,232.88384961543,232.88384961543,232.88384961543,0.0
1431993600,231.974446814728,231.974446814728,231.974446814728,231.974446814728,0.0
1432080000,234.190306253653,234.190306253653,234.190306253653,234.190306253653,0.0
1432166400,235.553821741672,235.553821741672,235.553821741672,235.553821741672,0.0
1432252800,240.323203682057,240.323203682057,240.323203682057,240.323203682057,0.0
1432339200,238.963281706604,238.963281706604,238.963281706604,238.963281706604,0.0
1432425600,240.711758328463,240.711758328463,240.711758328463,240.711758328463,0.0
1432512000,237.003543249562,237.003543249562,237.003543249562,237.003543249562,0.0
1432598400,236.796261250731,236.796261250731,236.796261250731,236.796261250731,0.0
1432684800,237.203596434833,237.203596434833,237.203596434833,237.203596434833,0.0
1432771200,236.956881940386,236.956881940386,236.956881940386,236.956881940386,0.0
1432857600,236.646526592636,236.646526592636,236.646526592636,236.646526592636,0.0
1432944000,232.788770017534,232.788770017534,232.788770017534,232.788770017534,0.0
1433030400,229.45054792519,229.45054792519,229.45054792519,229.45054792519,0.0
1433116800,223.282701928697,223.282701928697,223.282701928697,223.282701928697,0.0
1433203200,225.320800993571,225.320800993571,225.320800993571,225.320800993571,0.0
1433289600,225.213063413209,225.213063413209,225.213063413209,225.213063413209,0.0
1433376000,223.54007685564,223.54007685564,223.54007685564,223.54007685564,0.0
1433462400,224.731071887785,224.731071887785,224.731071887785,224.731071887785,0.0
1433548800,225.160513150205,225.160513150205,225.160513150205,225.160513150205,0.0
1433635200,223.411685856225,223.411685856225,223.411685856225,223.411685856225,0.0
1433721600,228.774291350088,228.774291350088,228.774291350088,228.774291350088,0.0
1433808000,229.370529514904,229.370529514904,229.370529514904,229.370529514904,0.0
1433894400,228.588487434249,228.588487434249,228.588487434249,228.588487434249,0.0
1433980800,229.584411747516,229.584411747516,229.584411747516,229.584411747516,0.0
1434067200,229.811218510228,229.811218510228,229.811218510228,229.811218510228,0.0
1434153600,233.015344535359,233.015344535359,233.015344535359,233.015344535359,0.0
1434240000,232.507108708358,232.507108708358,232.507108708358,232.507108708358,0.0
1434326400,236.7909628872,236.7909628872,236.7909628872,236.7909628872,0.0
1434412800,251.432676797195,251.432676797195,251.432676797195,251.432676797195,0.0
1434499200,247.969317650497,247.969317650497,247.969317650497,247.969317650497,0.0
1434585600,249.012479544126,249.012479544126,249.012479544126,249.012479544126,0.0
1434672000,244.803484219755,244.803484219755,244.803484219755,244.803484219755,0.0
1434758400,245.582513150205,245.582513150205,245.582513150205,245.582513150205,0.0
1434844800,244.300260081824,244.300260081824,244.300260081824,244.300260081824,0.0
1434931200,247.017892460549,247.017892460549,247.017892460549,247.017892460549,0.0
1435017600,244.184763296318,244.184763296318,244.184763296318,244.184763296318,0.0
1435104000,240.451545295149,240.451545295149,240.451545295149,240.451545295149,0.0
1435190400,242.347857685564,242.347857685564,242.347857685564,242.347857685564,0.0
1435276800,242.967997369959,242.967997369959,242.967997369959,242.967997369959,0.0
1435363200,251.529326709527,251.529326709527,251.529326709527,251.529326709527,0.0
1435449600,249.058285797779,249.058285797779,249.058285797779,249.058285797779,0.0
1435536000,256.65022238457,256.65022238457,256.65022238457,256.65022238457,0.0
1435622400,263.854356864991,263.854356864991,263.854356864991,263.854356864991,0.0
1435708800,258.042647574518,258.042647574518,258.042647574518,258.042647574518,0.0
1435795200,254.747113383986,254.747113383986,254.747113383986,254.747113383986,0.0
1435881600,256.087042833431,256.087042833431,256.087042833431,256.087042833431,0.0
1435968000,260.50923962595,260.50923962595,260.50923962595,260.50923962595,0.0
1436054400,271.302458211572,271.302458211572,271.302458211572,271.302458211572,0.0
1436140800,269.137940093513,269.137940093513,269.137940093513,269.137940093513,0.0
1436227200,266.469919053185,266.469919053185,266.469919053185,266.469919053185,0.0
1436313600,270.576142898889,270.576142898889,270.576142898889,270.576142898889,0.0
1436400000,269.680304792519,269.680304792519,269.680304792519,269.680304792519,0.0
1436486400,285.558780829924,285.558780829924,285.558780829924,285.558780829924,0.0
1436572800,293.917453828171,293.917453828171,293.917453828171,293.917453828171,0.0
1436659200,311.481879894798,311.481879894798,311.481879894798,311.481879894798,0.0
1436745600,292.649223845704,292.649223845704,292.649223845704,292.649223845704,0.0
1436832000,287.740951490357,287.740951490357,287.740951490357,287.740951490357,0.0
1436918400,285.922885447107,285.922885447107,285.922885447107,285.922885447107,0.0
1437004800,278.532749269433,278.532749269433,278.532749269433,278.532749269433,0.0
1437091200,280.064724722385,280.064724722385,280.064724722385,280.064724722385,0.0
1437177600,277.354635300994,277.354635300994,277.354635300994,277.354635300994,0.0
1437264000,275.281989479836,275.281989479836,275.281989479836,275.281989479836,0.0
1437350400,279.114393045003,279.114393045003,279.114393045003,279.114393045003,0.0
1437436800,276.652412624196,276.652412624196,276.652412624196,276.652412624196,0.0
1437523200,277.764369082408,277.764369082408,277.764369082408,277.764369082408,0.0
1437609600,276.811628579778,276.811628579778,276.811628579778,276.811628579778,0.0
1437696000,289.305976329632,289.305976329632,289.305976329632,289.305976329632,0.0
1437782400,289.507639976622,289.507639976622,289.507639976622,289.507639976622,0.0
1437868800,293.314842781999,293.314842781999,293.314842781999,293.314842781999,0.0
1437955200,294.426761835184,294.426761835184,294.426761835184,294.426761835184,0.0
1438041600,295.410125268849,295.410125268849,295.410125268849,295.410125268849,0.0
1438128000,289.85583635301,289.85583635301,289.85583635301,289.85583635301,0.0
1438214400,288.236260666277,288.236260666277,288.236260666277,288.236260666277,0.0
1438300800,284.597324371712,284.597324371712,284.597324371712,284.597324371712,0.0
1438387200,281.66884628872,281.66884628872,281.66884628872,281.66884628872,0.0
1438473600,282.423006428989,282.423006428989,282.423006428989,282.423006428989,0.0
1438560000,282.185052308591,282.185052308591,282.185052308591,282.185052308591,0.0
1438646400,285.286617475161,285.286617475161,285.286617475161,285.286617475161,0.0
1438732800,282.338886908241,282.338886908241,282.338886908241,282.338886908241,0.0
1438819200,278.99574868498,278.99574868498,278.99574868498,278.99574868498,0.0
1438905600,279.488715078901,279.488715078901,279.488715078901,279.488715078901,0.0
1438992000,261.450275569842,261.450275569842,261.450275569842,261.450275569842,0.0
1439078400,266.342020455874,266.342020455874,266.342020455874,266.342020455874,0.0
1439164800,264.928825248393,264.928825248393,264.928825248393,264.928825248393,0.0
1439251200,271.421736119229,271.421736119229,271.421736119229,271.421736119229,0.0
1439337600,268.143868497954,268.143868497954,268.143868497954,268.143868497954,0.0
1439424000,264.691627995324,264.691627995324,264.691627995324,264.691627995324,0.0
1439510400,266.355941554646,266.355941554646,266.355941554646,266.355941554646,0.0
1439596800,261.936836645237,261.936836645237,261.936836645237,261.936836645237,0.0
1439683200,258.930817389831,258.930817389831,258.930817389831,258.930817389831,0.0
1439769600,258.009398305085,258.009398305085,258.009398305085,258.009398305085,0.0
1439856000,217.885883116937,217.885883116937,217.885883116937,217.885883116937,0.0
1439942400,227.218251899474,227.218251899474,227.218251899474,227.218251899474,0.0
1440028800,235.523883109293,235.523883109293,235.523883109293,235.523883109293,0.0
1440115200,232.80061783986,232.80061783986,232.80061783986,232.80061783986,0.0
1440201600,230.639173290473,230.639173290473,230.639173290473,230.639173290473,0.0
1440288000,228.673073933372,228.673073933372,228.673073933372,228.673073933372,0.0
1440374400,211.955917592051,211.955917592051,211.955917592051,211.955917592051,0.0
1440460800,222.655039450614,222.655039450614,222.655039450614,222.655039450614,0.0
1440547200,226.116700175336,226.116700175336,226.116700175336,226.116700175336,0.0
1440633600,224.939877264757,224.939877264757,224.939877264757,224.939877264757,0.0
1440720000,232.17080829924,232.17080829924,232.17080829924,232.17080829924,0.0
1440806400,229.826200175336,229.826200175336,229.826200175336,229.826200175336,0.0
1440892800,229.019572472238,229.019572472238,229.019572472238,229.019572472238,0.0
1440979200,230.689466101695,230.689466101695,230.689466101695,230.689466101695,0.0
1441065600,227.955570426651,227.955570426651,227.955570426651,227.955570426651,0.0
1441152000,229.502180709527,229.502180709527,229.502180709527,229.502180709527,0.0
1441238400,227.107121566335,227.107121566335,227.107121566335,227.107121566335,0.0
1441324800,231.177563413209,231.177563413209,231.177563413209,231.177563413209,0.0
1441411200,235.903006136762,235.903006136762,235.903006136762,235.903006136762,0.0
1441497600,240.805472238457,240.805472238457,240.805472238457,240.805472238457,0.0
1441584000,240.6336157218,240.6336157218,240.6336157218,240.6336157218,0.0
1441670400,244.174952659264,244.174952659264,244.174952659264,244.174952659264,0.0
1441756800,238.722463179427,238.722463179427,238.722463179427,238.722463179427,0.0
1441843200,238.750477206312,238.750477206312,238.750477206312,238.750477206312,0.0
1441929600,240.845008116891,240.845008116891,240.845008116891,240.845008116891,0.0
1442016000,236.351832176505,236.351832176505,236.351832176505,236.351832176505,0.0
1442102400,230.548837317358,230.548837317358,230.548837317358,230.548837317358,0.0
1442188800,230.948793980129,230.948793980129,230.948793980129,230.948793980129,0.0
1442275200,230.398590005845,230.398590005845,230.398590005845,230.398590005845,0.0
1442361600,229.043285797779,229.043285797779,229.043285797779,229.043285797779,0.0
1442448000,233.202697837522,233.202697837522,233.202697837522,233.202697837522,0.0
1442534400,233.175130917592,233.175130917592,233.175130917592,233.175130917592,0.0
1442620800,232.241568088837,232.241568088837,232.241568088837,232.241568088837,0.0
1442707200,231.362323787259,231.362323787259,231.362323787259,231.362323787259,0.0
1442793600,226.773447983635,226.773447983635,226.773447983635,226.773447983635,0.0
1442880000,230.626304792519,230.626304792519,230.626304792519,230.626304792519,0.0
1442966400,230.132437755698,230.132437755698,230.132437755698,230.132437755698,0.0
1443052800,234.319868497954,234.319868497954,234.319868497954,234.319868497954,0.0
1443139200,235.538221800117,235.538221800117,235.538221800117,235.538221800117,0.0
1443225600,234.591814436002,234.591814436002,234.591814436002,234.591814436002,0.0
1443312000,233.243309760374,233.243309760374,233.243309760374,233.243309760374,0.0
1443398400,240.017265341905,240.017265341905,240.017265341905,240.017265341905,0.0
1443484800,237.336233781414,237.336233781414,237.336233781414,237.336233781414,0.0
1443571200,236.739848042081,236.739848042081,236.739848042081,236.739848042081,0.0
1443657600,238.229813851549,238.229813851549,238.229813851549,238.229813851549,0.0
1443744000,237.937007305669,237.937007305669,237.937007305669,237.937007305669,0.0
1443830400,239.735897720631,239.735897720631,239.735897720631,239.735897720631,0.0
1443916800,239.516924897721,239.516924897721,239.516924897721,239.516924897721,0.0
1444003200,240.961213833431,240.961213833431,240.961213833431,240.961213833431,0.0
1444089600,246.940498246639,246.940498246639,246.940498246639,246.940498246639,0.0
1444176000,243.734486849795,243.734486849795,243.734486849795,243.734486849795,0.0
1444262400,243.029632963179,243.029632963179,243.029632963179,243.029632963179,0.0
1444348800,244.448887492694,244.448887492694,244.448887492694,244.448887492694,0.0
1444435200,245.955924313267,245.955924313267,245.955924313267,245.955924313267,0.0
1444521600,248.528165400351,248.528165400351,248.528165400351,248.528165400351,0.0
1444608000,246.093637346581,246.093637346581,246.093637346581,246.093637346581,0.0
1444694400,250.471300701344,250.471300701344,250.471300701344,250.471300701344,0.0
1444780800,253.142325540619,253.142325540619,253.142325540619,253.142325540619,0.0
1444867200,254.693015002922,254.693015002922,254.693015002922,254.693015002922,0.0
1444953600,262.737363237873,262.737363237873,262.737363237873,262.737363237873,0.0
1445040000,271.930938924605,271.930938924605,271.930938924605,271.930938924605,0.0
1445126400,263.481677381648,263.481677381648,263.481677381648,263.481677381648,0.0
1445212800,264.362728229106,264.362728229106,264.362728229106,264.362728229106,0.0
1445299200,270.832211864407,270.832211864407,270.832211864407,270.832211864407,0.0
1445385600,268.040217708942,268.040217708942,268.040217708942,268.040217708942,0.0
1445472000,275.414956458212,275.414956458212,275.414956458212,275.414956458212,0.0
1445558400,278.612778026885,278.612778026885,278.612778026885,278.612778026885,0.0
1445644800,283.61114289889,283.61114289889,283.61114289889,283.61114289889,0.0
1445731200,286.04969345412,286.04969345412,286.04969345412,286.04969345412,0.0
1445817600,286.703382817066,286.703382817066,286.703382817066,286.703382817066,0.0
1445904000,295.562913793104,295.562913793104,295.562913793104,295.562913793104,0.0
1445990400,304.442097019287,304.442097019287,304.442097019287,304.442097019287,0.0
1446076800,314.879462302747,314.879462302747,314.879462302747,314.879462302747,0.0
1446163200,328.492321157218,328.492321157218,328.492321157218,328.492321157218,0.0
1446249600,314.119508182349,314.119508182349,314.119508182349,314.119508182349,0.0
1446336000,329.854227644652,329.854227644652,329.854227644652,329.854227644652,0.0
1446422400,364.616627995324,364.616627995324,364.616627995324,364.616627995324,0.0
1446508800,400.923105201637,400.923105201637,400.923105201637,400.923105201637,0.0
1446595200,405.481681472823,405.481681472823,405.481681472823,405.481681472823,0.0
1446681600,384.341222969024,384.341222969024,384.341222969024,384.341222969024,0.0
1446768000,372.975417884278,372.975417884278,372.975417884278,372.975417884278,0.0
1446854400,386.504550847458,386.504550847458,386.504550847458,386.504550847458,0.0
1446940800,372.400129748685,372.400129748685,372.400129748685,372.400129748685,0.0
1447027200,380.495644360023,380.495644360023,380.495644360023,380.495644360023,0.0
1447113600,337.830502337814,337.830502337814,337.830502337814,337.830502337814,0.0
1447200000,308.922185856225,308.922185856225,308.922185856225,308.922185856225,0.0
1447286400,337.522988603156,337.522988603156,337.522988603156,337.522988603156,0.0
1447372800,337.278958211572,337.278958211572,337.278958211572,337.278958211572,0.0
1447459200,333.047117475161,333.047117475161,333.047117475161,333.047117475161,0.0
1447545600,319.928021624781,319.928021624781,319.928021624781,319.928021624781,0.0
1447632000,331.132725014611,331.132725014611,331.132725014611,331.132725014611,0.0
1447718400,335.849786090006,335.849786090006,335.849786090006,335.849786090006,0.0
1447804800,335.744504967855,335.744504967855,335.744504967855,335.744504967855,0.0
1447891200,326.232145528931,326.232145528931,326.232145528931,326.232145528931,0.0
1447977600,321.940475452951,321.940475452951,321.940475452951,321.940475452951,0.0
1448064000,325.905231151373,325.905231151373,325.905231151373,325.905231151373,0.0
1448150400,323.716966101695,323.716966101695,323.716966101695,323.716966101695,0.0
1448236800,323.012556341321,323.012556341321,323.012556341321,323.012556341321,0.0
1448323200,319.961356527177,319.961356527177,319.961356527177,319.961356527177,0.0
1448409600,328.960457334892,328.960457334892,328.960457334892,328.960457334892,0.0
1448496000,356.255292518995,356.255292518995,356.255292518995,356.255292518995,0.0
1448582400,359.268824371712,359.268824371712,359.268824371712,359.268824371712,0.0
1448668800,356.567322618352,356.567322618352,356.567322618352,356.567322618352,0.0
1448755200,371.707612507306,371.707612507306,371.707612507306,371.707612507306,0.0
1448841600,377.389839859731,377.389839859731,377.389839859731,377.389839859731,0.0
1448928000,362.532375803624,362.532375803624,362.532375803624,362.532375803624,0.0
1449014400,359.22240414962,359.22240414962,359.22240414962,359.22240414962,0.0
1449100800,361.210068088837,361.210068088837,361.210068088837,361.210068088837,0.0
1449187200,363.241631794272,363.241631794272,363.241631794272,363.241631794272,0.0
1449273600,389.362958796026,389.362958796026,389.362958796026,389.362958796026,0.0
1449360000,393.319129748685,393.319129748685,393.319129748685,393.319129748685,0.0
1449446400,395.346588252484,395.346588252484,395.346588252484,395.346588252484,0.0
1449532800,413.798660432496,413.798660432496,413.798660432496,413.798660432496,0.0
1449619200,417.632671244886,417.632671244886,417.632671244886,417.632671244886,0.0
1449705600,415.729924313267,415.729924313267,415.729924313267,415.729924313267,0.0
1449792000,453.86148012858,453.86148012858,453.86148012858,453.86148012858,0.0
1449878400,435.85572238457,435.85572238457,435.85572238457,435.85572238457,0.0
1449964800,434.403466393922,434.403466393922,434.403466393922,434.403466393922,0.0
1450051200,442.991689655173,442.991689655173,442.991689655173,442.991689655173,0.0
1450137600,464.617871712449,464.617871712449,464.617871712449,464.617871712449,0.0
1450224000,454.142492402104,454.142492402104,454.142492402104,454.142492402104,0.0
1450310400,456.240134611338,456.240134611338,456.240134611338,456.240134611338,0.0
1450396800,463.175769725307,463.175769725307,463.175769725307,463.175769725307,0.0
1450483200,461.399907948568,461.399907948568,461.399907948568,461.399907948568,0.0
1450569600,442.15399006429,442.15399006429,442.15399006429,442.15399006429,0.0
1450656000,437.640129456458,437.640129456458,437.640129456458,437.640129456458,0.0
1450742400,435.268379018118,435.268379018118,435.268379018118,435.268379018118,0.0
1450828800,442.665727060199,442.665727060199,442.665727060199,442.665727060199,0.0
1450915200,455.878713033314,455.878713033314,455.878713033314,455.878713033314,0.0
1451001600,455.718825832846,455.718825832846,455.718825832846,455.718825832846,0.0
1451088000,418.221531560491,418.221531560491,418.221531560491,418.221531560491,0.0
1451174400,422.705894506137,422.705894506137,422.705894506137,422.705894506137,0.0
1451260800,421.052879602572,421.052879602572,421.052879602572,421.052879602572,0.0
1451347200,431.340021332554,431.340021332554,431.340021332554,431.340021332554,0.0
1451433600,426.043646990064,426.043646990064,426.043646990064,426.043646990064,0.0
1451520000,429.677153419053,429.677153419053,429.677153419053,429.677153419053,0.0
1451606400,434.678006428989,434.678006428989,434.678006428989,434.678006428989,0.0
1451692800,434.439877264757,434.439877264757,434.439877264757,434.439877264757,0.0
1451779200,430.136180011689,430.136180011689,430.136180011689,430.136180011689,0.0
1451865600,433.44897106955,433.44897106955,433.44897106955,433.44897106955,0.0
1451952000,432.669502630041,432.669502630041,432.669502630041,432.669502630041,0.0
1452038400,430.677869666862,430.677869666862,430.677869666862,430.677869666862,0.0
1452124800,459.208940093513,459.208940093513,459.208940093513,459.208940093513,0.0
1452211200,454.134423728814,454.134423728814,454.134423728814,454.134423728814,0.0
1452297600,449.845216247808,449.845216247808,449.845216247808,449.845216247808,0.0
1452384000,448.580216247808,448.580216247808,448.580216247808,448.580216247808,0.0
1452470400,449.033059029807,449.033059029807,449.033059029807,449.033059029807,0.0
1452556800,441.768157218001,441.768157218001,441.768157218001,441.768157218001,0.0
1452643200,432.310645236704,432.310645236704,432.310645236704,432.310645236704,0.0
1452729600,429.823224722385,429.823224722385,429.823224722385,429.823224722385,0.0
1452816000,367.823199883109,367.823199883109,367.823199883109,367.823199883109,0.0
1452902400,388.071204558738,388.071204558738,388.071204558738,388.071204558738,0.0
1452988800,382.482086499123,382.482086499123,382.482086499123,382.482086499123,0.0
1453075200,384.865166569258,384.865166569258,384.865166569258,384.865166569258,0.0
1453161600,378.161725014611,378.161725014611,378.161725014611,378.161725014611,0.0
1453248000,420.622924168323,420.622924168323,420.622924168323,420.622924168323,0.0
1453334400,409.298459672706,409.298459672706,409.298459672706,409.298459672706,0.0
1453420800,381.046459380479,381.046459380479,381.046459380479,381.046459380479,0.0
1453507200,386.370602571596,386.370602571596,386.370602571596,386.370602571596,0.0
1453593600,403.446926651081,403.446926651081,403.446926651081,403.446926651081,0.0
1453680000,391.986097311514,391.986097311514,391.986097311514,391.986097311514,0.0
1453766400,391.142935125657,391.142935125657,391.142935125657,391.142935125657,0.0
1453852800,394.62753037405,394.62753037405,394.62753037405,394.62753037405,0.0
1453939200,378.900995616599,378.900995616599,378.900995616599,378.900995616599,0.0
1454025600,378.99999482291,378.99999482291,378.99999482291,378.99999482291,0.0
1454112000,377.262779076564,377.262779076564,377.262779076564,377.262779076564,0.0
1454198400,366.341687609585,366.341687609585,366.341687609585,366.341687609585,0.0
1454284800,371.22343509059,371.22343509059,371.22343509059,371.22343509059,0.0
1454371200,372.927631209819,372.927631209819,372.927631209819,372.927631209819,0.0
1454457600,368.098206604325,368.098206604325,368.098206604325,368.098206604325,0.0
1454544000,389.723081239042,389.723081239042,389.723081239042,389.723081239042,0.0
1454630400,384.398413983051,384.398413983051,384.398413983051,384.398413983051,0.0
1454716800,374.631555523086,374.631555523086,374.631555523086,374.631555523086,0.0
1454803200,375.153917592051,375.153917592051,375.153917592051,375.153917592051,0.0
1454889600,370.814350327294,370.814350327294,370.814350327294,370.814350327294,0.0
1454976000,373.5116128609,373.5116128609,373.5116128609,373.5116128609,0.0
1455062400,379.082611630625,379.082611630625,379.082611630625,379.082611630625,0.0
1455148800,377.639165108124,377.639165108124,377.639165108124,377.639165108124,0.0
1455235200,382.294456458212,382.294456458212,382.294456458212,382.294456458212,0.0
1455321600,389.598432472238,389.598432472238,389.598432472238,389.598432472238,0.0
1455408000,406.150669491525,406.150669491525,406.150669491525,406.150669491525,0.0
1455494400,399.26761864699,399.26761864699,399.26761864699,399.26761864699,0.0
1455580800,407.035309468147,407.035309468147,407.035309468147,407.035309468147,0.0
1455667200,415.324113383986,415.324113383986,415.324113383986,415.324113383986,0.0
1455753600,421.289662981882,421.289662981882,421.289662981882,421.289662981882,0.0
1455840000,419.626528541204,419.626528541204,419.626528541204,419.626528541204,0.0
1455926400,440.195760081823,440.195760081823,440.195760081823,440.195760081823,0.0
1456012800,438.718612681473,438.718612681473,438.718612681473,438.718612681473,0.0
1456099200,437.535295094097,437.535295094097,437.535295094097,437.535295094097,0.0
1456185600,420.032592609585,420.032592609585,420.032592609585,420.032592609585,0.0
1456272000,423.995112507306,423.995112507306,423.995112507306,423.995112507306,0.0
1456358400,424.090870251315,424.090870251315,424.090870251315,424.090870251315,0.0
1456444800,431.762241963764,431.762241963764,431.762241963764,431.762241963764,0.0
1456531200,432.947845996493,432.947845996493,432.947845996493,432.947845996493,0.0
1456617600,433.102262711864,433.102262711864,433.102262711864,433.102262711864,0.0
1456704000,437.775872589129,437.775872589129,437.775872589129,437.775872589129,0.0
1456790400,432.807867153711,432.807867153711,432.807867153711,432.807867153711,0.0
1456876800,423.079789392168,423.079789392168,423.079789392168,423.079789392168,0.0
1456963200,419.268821332554,419.268821332554,419.268821332554,419.268821332554,0.0
1457049600,407.990154295734,407.990154295734,407.990154295734,407.990154295734,0.0
1457136000,397.314453945061,397.314453945061,397.314453945061,397.314453945061,0.0
1457222400,403.705187463472,403.705187463472,403.705187463472,403.705187463472,0.0
1457308800,413.22936616014,413.22936616014,413.22936616014,413.22936616014,0.0
1457395200,411.425953243717,411.425953243717,411.425953243717,411.425953243717,0.0
1457481600,412.540703506721,412.540703506721,412.540703506721,412.540703506721,0.0
1457568000,416.340928696669,416.340928696669,416.340928696669,416.340928696669,0.0
1457654400,419.511934248977,419.511934248977,419.511934248977,419.511934248977,0.0
1457740800,410.264163296318,410.264163296318,410.264163296318,410.264163296318,0.0
1457827200,411.805882466394,411.805882466394,411.805882466394,411.805882466394,0.0
1457913600,415.026957276446,415.026957276446,415.026957276446,415.026957276446,0.0
1458000000,415.266400292227,415.266400292227,415.266400292227,415.266400292227,0.0
1458086400,417.024118468732,417.024118468732,417.024118468732,417.024118468732,0.0
1458172800,418.605363822326,418.605363822326,418.605363822326,418.605363822326,0.0
1458259200,408.901587405026,408.901587405026,408.901587405026,408.901587405026,0.0
1458345600,409.124429865576,409.124429865576,409.124429865576,409.124429865576,0.0
1458432000,412.056953828171,412.056953828171,412.056953828171,412.056953828171,0.0
1458518400,411.601774050263,411.601774050263,411.601774050263,411.601774050263,0.0
1458604800,416.581653828171,416.581653828171,416.581653828171,416.581653828171,0.0
1458691200,417.378299532437,417.378299532437,417.378299532437,417.378299532437,0.0
1458777600,413.560239918177,413.560239918177,413.560239918177,413.560239918177,0.0
1458864000,416.373243834015,416.373243834015,416.373243834015,416.373243834015,0.0
1458950400,416.823096668615,416.823096668615,416.823096668615,416.823096668615,0.0
1459036800,425.454959848042,425.454959848042,425.454959848042,425.454959848042,0.0
1459123200,422.917446814728,422.917446814728,422.917446814728,422.917446814728,0.0
1459209600,415.863828755114,415.863828755114,415.863828755114,415.863828755114,0.0
1459296000,412.777697779076,412.777697779076,412.777697779076,412.777697779076,0.0
1459382400,415.956811221508,415.956811221508,415.956811221508,415.956811221508,0.0
1459468800,417.20066025716,417.20066025716,417.20066025716,417.20066025716,0.0
1459555200,419.763056691993,419.763056691993,419.763056691993,419.763056691993,0.0
1459641600,420.073578901227,420.073578901227,420.073578901227,420.073578901227,0.0
1459728000,419.540727878434,419.540727878434,419.540727878434,419.540727878434,0.0
1459814400,422.50136440678,422.50136440678,422.50136440678,422.50136440678,0.0
1459900800,421.907191233197,421.907191233197,421.907191233197,421.907191233197,0.0
1459987200,421.467220046756,421.467220046756,421.467220046756,421.467220046756,0.0
1460073600,418.643460549386,418.643460549386,418.643460549386,418.643460549386,0.0
1460160000,418.758635359439,418.758635359439,418.758635359439,418.758635359439,0.0
1460246400,421.954488544711,421.954488544711,421.954488544711,421.954488544711,0.0
1460332800,423.273044009351,423.273044009351,423.273044009351,423.273044009351,0.0
1460419200,427.427664582116,427.427664582116,427.427664582116,427.427664582116,0.0
1460505600,424.87251811806,424.87251811806,424.87251811806,424.87251811806,0.0
1460592000,425.8565949737,425.8565949737,425.8565949737,425.8565949737,0.0
1460678400,430.724418760959,430.724418760959,430.724418760959,430.724418760959,0.0
1460764800,432.216313033314,432.216313033314,432.216313033314,432.216313033314,0.0
1460851200,429.339968731736,429.339968731736,429.339968731736,429.339968731736,0.0
1460937600,429.656933664524,429.656933664524,429.656933664524,429.656933664524,0.0
1461024000,437.568726183518,437.568726183518,437.568726183518,437.568726183518,0.0
1461110400,442.661653302163,442.661653302163,442.661653302163,442.661653302163,0.0
1461196800,452.164702805377,452.164702805377,452.164702805377,452.164702805377,0.0
1461283200,448.134421332554,448.134421332554,448.134421332554,448.134421332554,0.0
1461369600,453.914722969024,453.914722969024,453.914722969024,453.914722969024,0.0
1461456000,463.382871420222,463.382871420222,463.382871420222,463.382871420222,0.0
1461542400,465.31600666277,465.31600666277,465.31600666277,465.31600666277,0.0
1461628800,469.60876452367,469.60876452367,469.60876452367,469.60876452367,0.0
1461715200,445.741113091759,445.741113091759,445.741113091759,445.741113091759,0.0
1461801600,451.060061776739,451.060061776739,451.060061776739,451.060061776739,0.0
1461888000,457.009965225015,457.009965225015,457.009965225015,457.009965225015,0.0
1461974400,449.900484511981,449.900484511981,449.900484511981,449.900484511981,0.0
1462060800,455.010731151374,455.010731151374,455.010731151374,455.010731151374,0.0
1462147200,444.933061192285,444.933061192285,444.933061192285,444.933061192285,0.0
1462233600,451.628850379895,451.628850379895,451.628850379895,451.628850379895,0.0
1462320000,448.367967562829,448.367967562829,448.367967562829,448.367967562829,0.0
1462406400,449.336072472238,449.336072472238,449.336072472238,449.336072472238,0.0
1462492800,461.693862361192,461.693862361192,461.693862361192,461.693862361192,0.0
1462579200,461.361842489772,461.361842489772,461.361842489772,461.361842489772,0.0
1462665600,461.378872296902,461.378872296902,461.378872296902,461.378872296902,0.0
1462752000,463.462231677382,463.462231677382,463.462231677382,463.462231677382,0.0
1462838400,451.079668322618,451.079668322618,451.079668322618,451.079668322618,0.0
1462924800,453.896305260082,453.896305260082,453.896305260082,453.896305260082,0.0
1463011200,455.607255932203,455.607255932203,455.607255932203,455.607255932203,0.0
1463097600,457.241902688486,457.241902688486,457.241902688486,457.241902688486,0.0
1463184000,458.119524839275,458.119524839275,458.119524839275,458.119524839275,0.0
1463270400,460.85772063121,460.85772063121,460.85772063121,460.85772063121,0.0
1463356800,455.224077323203,455.224077323203,455.224077323203,455.224077323203,0.0
1463443200,453.545777030976,453.545777030976,453.545777030976,453.545777030976,0.0
1463529600,454.486184102864,454.486184102864,454.486184102864,454.486184102864,0.0
1463616000,437.724187142022,437.724187142022,437.724187142022,437.724187142022,0.0
1463702400,442.396799240211,442.396799240211,442.396799240211,442.396799240211,0.0
1463788800,444.078207188778,444.078207188778,444.078207188778,444.078207188778,0.0
1463875200,440.558668848627,440.558668848627,440.558668848627,440.558668848627,0.0
1463961600,444.205057276447,444.205057276447,444.205057276447,444.205057276447,0.0
1464048000,445.674454938632,445.674454938632,445.674454938632,445.674454938632,0.0
1464134400,450.54952717709,450.54952717709,450.54952717709,450.54952717709,0.0
1464220800,454.43372238457,454.43372238457,454.43372238457,454.43372238457,0.0
1464307200,471.820117299825,471.820117299825,471.820117299825,471.820117299825,0.0
1464393600,530.910597895967,530.910597895967,530.910597895967,530.910597895967,0.0
1464480000,527.54971244886,527.54971244886,527.54971244886,527.54971244886,0.0
1464566400,533.493149035652,533.493149035652,533.493149035652,533.493149035652,0.0
1464652800,530.943692811221,530.943692811221,530.943692811221,530.943692811221,0.0
1464739200,537.613678842782,537.613678842782,537.613678842782,537.613678842782,0.0
1464825600,538.771243191116,538.771243191116,538.771243191116,538.771243191116,0.0
1464912000,570.175988252484,570.175988252484,570.175988252484,570.175988252484,0.0
1464998400,574.26620163647,574.26620163647,574.26620163647,574.26620163647,0.0
1465084800,575.137638047925,575.137638047925,575.137638047925,575.137638047925,0.0
1465171200,585.857149035652,585.857149035652,585.857149035652,585.857149035652,0.0
1465257600,578.469240677966,578.469240677966,578.469240677966,578.469240677966,0.0
1465344000,583.097585330216,583.097585330216,583.097585330216,583.097585330216,0.0
1465430400,577.101699707773,577.101699707773,577.101699707773,577.101699707773,0.0
1465516800,579.814993571011,579.814993571011,579.814993571011,579.814993571011,0.0
1465603200,605.44955698422,605.44955698422,605.44955698422,605.44955698422,0.0
1465689600,670.39237434249,670.39237434249,670.39237434249,670.39237434249,0.0
1465776000,704.321778141438,704.321778141438,704.321778141438,704.321778141438,0.0
1465862400,684.948319403857,684.948319403857,684.948319403857,684.948319403857,0.0
1465948800,695.001468439509,695.001468439509,695.001468439509,695.001468439509,0.0
1466035200,767.420031268264,767.420031268264,767.420031268264,767.420031268264,0.0
1466121600,750.014633927528,750.014633927528,750.014633927528,750.014633927528,0.0
1466208000,758.28878012858,758.28878012858,758.28878012858,758.28878012858,0.0
1466294400,766.767132670952,766.767132670952,766.767132670952,766.767132670952,0.0
1466380800,722.497452367037,722.497452367037,722.497452367037,722.497452367037,0.0
1466467200,669.604204675628,669.604204675628,669.604204675628,669.604204675628,0.0
1466553600,594.832974634716,594.832974634716,594.832974634716,594.832974634716,0.0
1466640000,627.677855639977,627.677855639977,627.677855639977,627.677855639977,0.0
1466726400,664.126985680889,664.126985680889,664.126985680889,664.126985680889,0.0
1466812800,668.872684102864,668.872684102864,668.872684102864,668.872684102864,0.0
1466899200,630.4342421391,630.4342421391,630.4342421391,630.4342421391,0.0
1466985600,652.244807714787,652.244807714787,652.244807714787,652.244807714787,0.0
1467072000,647.218768381064,647.218768381064,647.218768381064,647.218768381064,0.0
1467158400,638.586345645821,638.586345645821,638.586345645821,638.586345645821,0.0
1467244800,674.284814728229,674.284814728229,674.284814728229,674.284814728229,0.0
1467331200,677.512385739334,677.512385739334,677.512385739334,677.512385739334,0.0
1467417600,702.739316773817,702.739316773817,702.739316773817,702.739316773817,0.0
1467504000,662.55008591467,662.55008591467,662.55008591467,662.55008591467,0.0
1467590400,679.842453360608,679.842453360608,679.842453360608,679.842453360608,0.0
1467676800,668.165981297487,668.165981297487,668.165981297487,668.165981297487,0.0
1467763200,677.651333138515,677.651333138515,677.651333138515,677.651333138515,0.0
1467849600,640.053236119229,640.053236119229,640.053236119229,640.053236119229,0.0
1467936000,665.051708357685,665.051708357685,665.051708357685,665.051708357685,0.0
1468022400,651.941914026885,651.941914026885,651.941914026885,651.941914026885,0.0
1468108800,649.959340970193,649.959340970193,649.959340970193,649.959340970193,0.0
1468195200,650.272594681473,650.272594681473,650.272594681473,650.272594681473,0.0
1468281600,670.023127995324,670.023127995324,670.023127995324,670.023127995324,0.0
1468368000,658.333613383986,658.333613383986,658.333613383986,658.333613383986,0.0
1468454400,660.905960198714,660.905960198714,660.905960198714,660.905960198714,0.0
1468540800,666.758671127995,666.758671127995,666.758671127995,666.758671127995,0.0
1468627200,665.275622150789,665.275622150789,665.275622150789,665.275622150789,0.0
1468713600,681.089601987142,681.089601987142,681.089601987142,681.089601987142,0.0
1468800000,675.118579193454,675.118579193454,675.118579193454,675.118579193454,0.0
1468886400,674.660360315605,674.660360315605,674.660360315605,674.660360315605,0.0
1468972800,667.305364874343,667.305364874343,667.305364874343,667.305364874343,0.0
1469059200,666.851739333723,666.851739333723,666.851739333723,666.851739333723,0.0
1469145600,650.562911630625,650.562911630625,650.562911630625,650.562911630625,0.0
1469232000,657.377942957335,657.377942957335,657.377942957335,657.377942957335,0.0
1469318400,661.393979836353,661.393979836353,661.393979836353,661.393979836353,0.0
1469404800,655.119577849211,655.119577849211,655.119577849211,655.119577849211,0.0
1469491200,654.626339158387,654.626339158387,654.626339158387,654.626339158387,0.0
1469577600,656.275146873174,656.275146873174,656.275146873174,656.275146873174,0.0
1469664000,656.196453360608,656.196453360608,656.196453360608,656.196453360608,0.0
1469750400,657.557567504383,657.557567504383,657.557567504383,657.557567504383,0.0
1469836800,655.361730157803,655.361730157803,655.361730157803,655.361730157803,0.0
1469923200,624.804487142022,624.804487142022,624.804487142022,624.804487142022,0.0
1470009600,606.50924792519,606.50924792519,606.50924792519,606.50924792519,0.0
1470096000,526.981148334307,526.981148334307,526.981148334307,526.981148334307,0.0
1470182400,570.347040911748,570.347040911748,570.347040911748,570.347040911748,0.0
1470268800,583.542158036236,583.542158036236,583.542158036236,583.542158036236,0.0
1470355200,581.279805669199,581.279805669199,581.279805669199,581.279805669199,0.0
1470441600,590.795402980713,590.795402980713,590.795402980713,590.795402980713,0.0
1470528000,594.73232402104,594.73232402104,594.73232402104,594.73232402104,0.0
1470614400,591.629283869083,591.629283869083,591.629283869083,591.629283869083,0.0
1470700800,587.932138223261,587.932138223261,587.932138223261,587.932138223261,0.0
1470787200,589.968758328463,589.968758328463,589.968758328463,589.968758328463,0.0
1470873600,589.585884687317,589.585884687317,589.585884687317,589.585884687317,0.0
1470960000,587.19164956166,587.19164956166,587.19164956166,587.19164956166,0.0
1471046400,585.363581648159,585.363581648159,585.363581648159,585.363581648159,0.0
1471132800,571.387062536528,571.387062536528,571.387062536528,571.387062536528,0.0
1471219200,566.564441320865,566.564441320865,566.564441320865,566.564441320865,0.0
1471305600,578.414924137931,578.414924137931,578.414924137931,578.414924137931,0.0
1471392000,573.663744418469,573.663744418469,573.663744418469,573.663744418469,0.0
1471478400,573.263191992987,573.263191992987,573.263191992987,573.263191992987,0.0
1471564800,573.958457919345,573.958457919345,573.958457919345,573.958457919345,0.0
1471651200,581.797070134424,581.797070134424,581.797070134424,581.797070134424,0.0
1471737600,580.79219257744,580.79219257744,580.79219257744,580.79219257744,0.0
1471824000,584.971897720631,584.971897720631,584.971897720631,584.971897720631,0.0
1471910400,582.627747399182,582.627747399182,582.627747399182,582.627747399182,0.0
1471996800,578.701831677382,578.701831677382,578.701831677382,578.701831677382,0.0
1472083200,576.033436586791,576.033436586791,576.033436586791,576.033436586791,0.0
1472169600,578.874653419053,578.874653419053,578.874653419053,578.874653419053,0.0
1472256000,570.200993746347,570.200993746347,570.200993746347,570.200993746347,0.0
1472342400,575.105232554062,575.105232554062,575.105232554062,575.105232554062,0.0
1472428800,573.429267562829,573.429267562829,573.429267562829,573.429267562829,0.0
1472515200,575.695698421976,575.695698421976,575.695698421976,575.695698421976,0.0
1472601600,572.272758328463,572.272758328463,572.272758328463,572.272758328463,0.0
1472688000,572.221702045587,572.221702045587,572.221702045587,572.221702045587,0.0
1472774400,576.846767387493,576.846767387493,576.846767387493,576.846767387493,0.0
1472860800,600.374406779661,600.374406779661,600.374406779661,600.374406779661,0.0
1472947200,610.538913325541,610.538913325541,610.538913325541,610.538913325541,0.0
1473033600,607.526964172998,607.526964172998,607.526964172998,607.526964172998,0.0
1473120000,612.995458270017,612.995458270017,612.995458270017,612.995458270017,0.0
1473206400,615.659819111631,615.659819111631,615.659819111631,615.659819111631,0.0
1473292800,630.550172004676,630.550172004676,630.550172004676,630.550172004676,0.0
1473379200,622.977884044418,622.977884044418,622.977884044418,622.977884044418,0.0
1473465600,624.752640444185,624.752640444185,624.752640444185,624.752640444185,0.0
1473552000,608.246675920514,608.246675920514,608.246675920514,608.246675920514,0.0
1473638400,607.70737270602,607.70737270602,607.70737270602,607.70737270602,0.0
1473724800,608.694296317943,608.694296317943,608.694296317943,608.694296317943,0.0
1473811200,609.41308766803,609.41308766803,609.41308766803,609.41308766803,0.0
1473897600,607.070262594974,607.070262594974,607.070262594974,607.070262594974,0.0
1473984000,607.806438047925,607.806438047925,607.806438047925,607.806438047925,0.0
1474070400,607.381449678551,607.381449678551,607.381449678551,607.381449678551,0.0
1474156800,611.533460315605,611.533460315605,611.533460315605,611.533460315605,0.0
1474243200,608.871306312098,608.871306312098,608.871306312098,608.871306312098,0.0
1474329600,608.371748626534,608.371748626534,608.371748626534,608.371748626534,0.0
1474416000,596.945756633548,596.945756633548,596.945756633548,596.945756633548,0.0
1474502400,595.564716540035,595.564716540035,595.564716540035,595.564716540035,0.0
1474588800,602.378784921099,602.378784921099,602.378784921099,602.378784921099,0.0
1474675200,602.687359731151,602.687359731151,602.687359731151,602.687359731151,0.0
1474761600,600.610054880187,600.610054880187,600.610054880187,600.610054880187,0.0
1474848000,606.778810637055,606.778810637055,606.778810637055,606.778810637055,0.0
1474934400,605.151613734658,605.151613734658,605.151613734658,605.151613734658,0.0
1475020800,604.686494389246,604.686494389246,604.686494389246,604.686494389246,0.0
1475107200,605.202561952075,605.202561952075,605.202561952075,605.202561952075,0.0
1475193600,608.865840736412,608.865840736412,608.865840736412,608.865840736412,0.0
1475280000,615.408478842782,615.408478842782,615.408478842782,615.408478842782,0.0
1475366400,611.748578316774,611.748578316774,611.748578316774,611.748578316774,0.0
1475452800,612.590347399182,612.590347399182,612.590347399182,612.590347399182,0.0
1475539200,610.007881355932,610.007881355932,610.007881355932,610.007881355932,0.0
1475625600,612.147780946815,612.147780946815,612.147780946815,612.147780946815,0.0
1475712000,611.76086277031,611.76086277031,611.76086277031,611.76086277031,0.0
1475798400,617.905705143191,617.905705143191,617.905705143191,617.905705143191,0.0
1475884800,619.301001753361,619.301001753361,619.301001753361,619.301001753361,0.0
1475971200,617.101041320865,617.101041320865,617.101041320865,617.101041320865,0.0
1476057600,618.0852,618.0852,618.0852,618.0852,0.0
1476144000,642.981387258913,642.981387258913,642.981387258913,642.981387258913,0.0
1476230400,636.59793220339,636.59793220339,636.59793220339,636.59793220339,0.0
1476316800,635.444095324372,635.444095324372,635.444095324372,635.444095324372,0.0
1476403200,639.586090298071,639.586090298071,639.586090298071,639.586090298071,0.0
1476489600,637.283759322034,637.283759322034,637.283759322034,637.283759322034,0.0
1476576000,642.913042548217,642.913042548217,642.913042548217,642.913042548217,0.0
1476662400,639.137536469901,639.137536469901,639.137536469901,639.137536469901,0.0
1476748800,635.576508591467,635.576508591467,635.576508591467,635.576508591467,0.0
1476835200,629.640708036236,629.640708036236,629.640708036236,629.640708036236,0.0
1476921600,628.598901110462,628.598901110462,628.598901110462,628.598901110462,0.0
1477008000,630.90620338983,630.90620338983,630.90620338983,630.90620338983,0.0
1477094400,654.508630976037,654.508630976037,654.508630976037,654.508630976037,0.0
1477180800,651.961956750438,651.961956750438,651.961956750438,651.961956750438,0.0
1477267200,650.027167153711,650.027167153711,650.027167153711,650.027167153711,0.0
1477353600,655.792505084746,655.792505084746,655.792505084746,655.792505084746,0.0
1477440000,675.109869316189,675.109869316189,675.109869316189,675.109869316189,0.0
1477526400,686.523327060199,686.523327060199,686.523327060199,686.523327060199,0.0
1477612800,690.390654938632,690.390654938632,690.390654938632,690.390654938632,0.0
1477699200,715.445469316189,715.445469316189,715.445469316189,715.445469316189,0.0
1477785600,699.333410987726,699.333410987726,699.333410987726,699.333410987726,0.0
1477872000,698.897727995325,698.897727995325,698.897727995325,698.897727995325,0.0
1477958400,730.578480011689,730.578480011689,730.578480011689,730.578480011689,0.0
1478044800,740.367055523086,740.367055523086,740.367055523086,740.367055523086,0.0
1478131200,689.939206954997,689.939206954997,689.939206954997,689.939206954997,0.0
1478217600,705.432016656926,705.432016656926,705.432016656926,705.432016656926,0.0
1478304000,706.819325569842,706.819325569842,706.819325569842,706.819325569842,0.0
1478390400,715.896879777908,715.896879777908,715.896879777908,715.896879777908,0.0
1478476800,706.181216773816,706.181216773816,706.181216773816,706.181216773816,0.0
1478563200,711.835846580947,711.835846580947,711.835846580947,711.835846580947,0.0
1478649600,721.50150993571,721.50150993571,721.50150993571,721.50150993571,0.0
1478736000,713.407615604909,713.407615604909,713.407615604909,713.407615604909,0.0
1478822400,715.703310637055,715.703310637055,715.703310637055,715.703310637055,0.0
1478908800,703.847551139685,703.847551139685,703.847551139685,703.847551139685,0.0
1478995200,703.626435300994,703.626435300994,703.626435300994,703.626435300994,0.0
1479081600,705.643584161309,705.643584161309,705.643584161309,705.643584161309,0.0
1479168000,712.3471528346,712.3471528346,712.3471528346,712.3471528346,0.0
1479254400,742.050117592051,742.050117592051,742.050117592051,742.050117592051,0.0
1479340800,735.318080537697,735.318080537697,735.318080537697,735.318080537697,0.0
1479427200,749.57872729398,749.57872729398,749.57872729398,749.57872729398,0.0
1479513600,751.213819403858,751.213819403858,751.213819403858,751.213819403858,0.0
1479600000,730.350813617767,730.350813617767,730.350813617767,730.350813617767,0.0
1479686400,736.506983927528,736.506983927528,736.506983927528,736.506983927528,0.0
1479772800,747.997677966102,747.997677966102,747.997677966102,747.997677966102,0.0
1479859200,741.240317942724,741.240317942724,741.240317942724,741.240317942724,0.0
1479945600,737.35497597896,737.35497597896,737.35497597896,737.35497597896,0.0
1480032000,739.685200175336,739.685200175336,739.685200175336,739.685200175336,0.0
1480118400,734.652925891292,734.652925891292,734.652925891292,734.652925891292,0.0
1480204800,727.741115838691,727.741115838691,727.741115838691,727.741115838691,0.0
1480291200,730.082483752192,730.082483752192,730.082483752192,730.082483752192,0.0
1480377600,731.646435710111,731.646435710111,731.646435710111,731.646435710111,0.0
1480464000,742.20445131502,742.20445131502,742.20445131502,742.20445131502,0.0
1480550400,753.674910111046,753.674910111046,753.674910111046,753.674910111046,0.0
1480636800,772.302382729398,772.302382729398,772.302382729398,772.302382729398,0.0
1480723200,766.110468147283,766.110468147283,766.110468147283,766.110468147283,0.0
1480809600,766.380139099942,766.380139099942,766.380139099942,766.380139099942,0.0
1480896000,752.670726241964,752.670726241964,752.670726241964,752.670726241964,0.0
1480982400,759.117325774401,759.117325774401,759.117325774401,759.117325774401,0.0
1481068800,764.987650087668,764.987650087668,764.987650087668,764.987650087668,0.0
1481155200,767.659224634717,767.659224634717,767.659224634717,767.659224634717,0.0
1481241600,771.902321098773,771.902321098773,771.902321098773,771.902321098773,0.0
1481328000,775.474561309176,775.474561309176,775.474561309176,775.474561309176,0.0
1481414400,770.496150496786,770.496150496786,770.496150496786,770.496150496786,0.0
1481500800,778.506599064874,778.506599064874,778.506599064874,778.506599064874,0.0
1481587200,778.930694564582,778.930694564582,778.930694564582,778.930694564582,0.0
1481673600,776.963961484512,776.963961484512,776.963961484512,776.963961484512,0.0
1481760000,776.176781998831,776.176781998831,776.176781998831,776.176781998831,0.0
1481846400,782.230215897136,782.230215897136,782.230215897136,782.230215897136,0.0
1481932800,789.60293220339,789.60293220339,789.60293220339,789.60293220339,0.0
1482019200,790.632966526008,790.632966526008,790.632966526008,790.632966526008,0.0
1482105600,790.279031677382,790.279031677382,790.279031677382,790.279031677382,0.0
1482192000,799.777520748101,799.777520748101,799.777520748101,799.777520748101,0.0
1482278400,828.4836792519,828.4836792519,828.4836792519,828.4836792519,0.0
1482364800,858.50143395675,858.50143395675,858.50143395675,858.50143395675,0.0
1482451200,915.562438340152,915.562438340152,915.562438340152,915.562438340152,0.0
1482537600,891.155272063121,891.155272063121,891.155272063121,891.155272063121,0.0
1482624000,896.003279310345,896.003279310345,896.003279310345,896.003279310345,0.0
1482710400,903.201246639392,903.201246639392,903.201246639392,903.201246639392,0.0
1482796800,925.950810461719,925.950810461719,925.950810461719,925.950810461719,0.0
1482883200,979.960973991818,979.960973991818,979.960973991818,979.960973991818,0.0
1482969600,973.462559438925,973.462559438925,973.462559438925,973.462559438925,0.0
1483056000,961.182658153127,961.182658153127,961.182658153127,961.182658153127,0.0
1483142400,968.970597019287,968.970597019287,968.970597019287,968.970597019287,0.0
1483228800,997.257357977791,997.257357977791,997.257357977791,997.257357977791,0.0
1483315200,1017.07788609001,1017.07788609001,1017.07788609001,1017.07788609001,0.0
1483401600,1032.60905318527,1032.60905318527,1032.60905318527,1032.60905318527,0.0
1483488000,1134.49644535359,1134.49644535359,1134.49644535359,1134.49644535359,0.0
1483574400,1000.49812893045,1000.49812893045,1000.49812893045,1000.49812893045,0.0
1483660800,892.463955639977,892.463955639977,892.463955639977,892.463955639977,0.0
1483747200,903.453283635301,903.453283635301,903.453283635301,903.453283635301,0.0
1483833600,912.484997077732,912.484997077732,912.484997077732,912.484997077732,0.0
1483920000,903.508666803039,903.508666803039,903.508666803039,903.508666803039,0.0
1484006400,906.498947399182,906.498947399182,906.498947399182,906.498947399182,0.0
1484092800,788.314655990649,788.314655990649,788.314655990649,788.314655990649,0.0
1484179200,807.109833547633,807.109833547633,807.109833547633,807.109833547633,0.0
1484265600,826.746927410871,826.746927410871,826.746927410871,826.746927410871,0.0
1484352000,820.045157276447,820.045157276447,820.045157276447,820.045157276447,0.0
1484438400,824.547065166569,824.547065166569,824.547065166569,824.547065166569,0.0
1484524800,830.838035067212,830.838035067212,830.838035067212,830.838035067212,0.0
1484611200,906.026828112215,906.026828112215,906.026828112215,906.026828112215,0.0
1484697600,881.259815371128,881.259815371128,881.259815371128,881.259815371128,0.0
1484784000,902.263869959088,902.263869959088,902.263869959088,902.263869959088,0.0
1484870400,895.174516189363,895.174516189363,895.174516189363,895.174516189363,0.0
1484956800,924.46825949737,924.46825949737,924.46825949737,924.46825949737,0.0
1485043200,922.467077381648,922.467077381648,922.467077381648,922.467077381648,0.0
1485129600,919.115744126242,919.115744126242,919.115744126242,919.115744126242,0.0
1485216000,887.743193804792,887.743193804792,887.743193804792,887.743193804792,0.0
1485302400,895.690033255406,895.690033255406,895.690033255406,895.690033255406,0.0
1485388800,916.6674685564,916.6674685564,916.6674685564,916.6674685564,0.0
1485475200,920.454463471654,920.454463471654,920.454463471654,920.454463471654,0.0
1485561600,922.774948568089,922.774948568089,922.774948568089,922.774948568089,0.0
1485648000,915.63202314436,915.63202314436,915.63202314436,915.63202314436,0.0
1485734400,920.313260783168,920.313260783168,920.313260783168,920.313260783168,0.0
1485820800,968.499105669199,968.499105669199,968.499105669199,968.499105669199,0.0
1485907200,987.532590414962,987.532590414962,987.532590414962,987.532590414962,0.0
1485993600,1007.7043659848,1007.7043659848,1007.7043659848,1007.7043659848,0.0
1486080000,1015.30203945061,1015.30203945061,1015.30203945061,1015.30203945061,0.0
1486166400,1033.78597299825,1033.78597299825,1033.78597299825,1033.78597299825,0.0
1486252800,1014.56787574518,1014.56787574518,1014.56787574518,1014.56787574518,0.0
1486339200,1023.3174811806,1023.3174811806,1023.3174811806,1023.3174811806,0.0
1486425600,1053.62445902981,1053.62445902981,1053.62445902981,1053.62445902981,0.0
1486512000,1052.36764535359,1052.36764535359,1052.36764535359,1052.36764535359,0.0
1486598400,982.751939450614,982.751939450614,982.751939450614,982.751939450614,0.0
1486684800,996.650153126827,996.650153126827,996.650153126827,996.650153126827,0.0
1486771200,1011.37532220923,1011.37532220923,1011.37532220923,1011.37532220923,0.0
1486857600,1006.29646487434,1006.29646487434,1006.29646487434,1006.29646487434,0.0
1486944000,999.953184979545,999.953184979545,999.953184979545,999.953184979545,0.0
1487030400,1012.2134635301,1012.2134635301,1012.2134635301,1012.2134635301,0.0
1487116800,1013.90384050263,1013.90384050263,1013.90384050263,1013.90384050263,0.0
1487203200,1036.80686475745,1036.80686475745,1036.80686475745,1036.80686475745,0.0
1487289600,1058.66992033898,1058.66992033898,1058.66992033898,1058.66992033898,0.0
1487376000,1060.66880488019,1060.66880488019,1060.66880488019,1060.66880488019,0.0
1487462400,1058.78640035067,1058.78640035067,1058.78640035067,1058.78640035067,0.0
1487548800,1088.68842922268,1088.68842922268,1088.68842922268,1088.68842922268,0.0
1487635200,1128.85529316189,1128.85529316189,1128.85529316189,1128.85529316189,0.0
1487721600,1129.70179064874,1129.70179064874,1129.70179064874,1129.70179064874,0.0
1487808000,1188.86178550555,1188.86178550555,1188.86178550555,1188.86178550555,0.0
1487894400,1185.48889158387,1185.48889158387,1185.48889158387,1185.48889158387,0.0
1487980800,1151.60473687902,1151.60473687902,1151.60473687902,1151.60473687902,0.0
1488067200,1181.71086586791,1181.71086586791,1181.71086586791,1181.71086586791,0.0
1488153600,1194.15245014611,1194.15245014611,1194.15245014611,1194.15245014611,0.0
1488240000,1188.39994073641,1188.39994073641,1188.39994073641,1188.39994073641,0.0
1488326400,1228.45965061368,1228.45965061368,1228.45965061368,1228.45965061368,0.0
1488412800,1262.93146738749,1262.93146738749,1262.93146738749,1262.93146738749,0.0
1488499200,1289.36319111631,1289.36319111631,1289.36319111631,1289.36319111631,0.0
1488585600,1268.94066440678,1268.94066440678,1268.94066440678,1268.94066440678,0.0
1488672000,1276.27368293396,1276.27368293396,1276.27368293396,1276.27368293396,0.0
1488758400,1282.25465663355,1282.25465663355,1282.25465663355,1282.25465663355,0.0
1488844800,1234.47646206897,1234.47646206897,1234.47646206897,1234.47646206897,0.0
1488931200,1152.13938924606,1152.13938924606,1152.13938924606,1152.13938924606,0.0
1489017600,1193.45552659264,1193.45552659264,1193.45552659264,1193.45552659264,0.0
1489104000,1098.53014903565,1098.53014903565,1098.53014903565,1098.53014903565,0.0
1489190400,1176.822921391,1176.822921391,1176.822921391,1176.822921391,0.0
1489276800,1231.74835663355,1231.74835663355,1231.74835663355,1231.74835663355,0.0
1489363200,1239.39629631794,1239.39629631794,1239.39629631794,1239.39629631794,0.0
1489449600,1246.53656487434,1246.53656487434,1246.53656487434,1246.53656487434,0.0
1489536000,1258.65138147282,1258.65138147282,1258.65138147282,1258.65138147282,0.0
1489622400,1178.02075037989,1178.02075037989,1178.02075037989,1178.02075037989,0.0
1489708800,1072.08253816482,1072.08253816482,1072.08253816482,1072.08253816482,0.0
1489795200,962.569056165985,962.569056165985,962.569056165985,962.569056165985,0.0
1489881600,1020.22025353594,1020.22025353594,1020.22025353594,1020.22025353594,0.0
1489968000,1037.7563458796,1037.7563458796,1037.7563458796,1037.7563458796,0.0
1490054400,1111.81826358854,1111.81826358854,1111.81826358854,1111.81826358854,0.0
1490140800,1037.30257013442,1037.30257013442,1037.30257013442,1037.30257013442,0.0
1490227200,1028.17285628288,1028.17285628288,1028.17285628288,1028.17285628288,0.0
1490313600,935.063496201052,935.063496201052,935.063496201052,935.063496201052,0.0
1490400000,968.543329281122,968.543329281122,968.543329281122,968.543329281122,0.0
1490486400,962.95805458796,962.95805458796,962.95805458796,962.95805458796,0.0
1490572800,1042.91919777908,1042.91919777908,1042.91919777908,1042.91919777908,0.0
1490659200,1045.16293161894,1045.16293161894,1045.16293161894,1045.16293161894,0.0
1490745600,1039.68861578025,1039.68861578025,1039.68861578025,1039.68861578025,0.0
1490832000,1037.98766142607,1037.98766142607,1037.98766142607,1037.98766142607,0.0
1490918400,1081.74353109293,1081.74353109293,1081.74353109293,1081.74353109293,0.0
1491004800,1089.52477182934,1089.52477182934,1089.52477182934,1089.52477182934,0.0
1491091200,1105.56295575687,1105.56295575687,1105.56295575687,1105.56295575687,0.0
1491177600,1144.6647710111,1144.6647710111,1144.6647710111,1144.6647710111,0.0
1491264000,1141.92191870251,1141.92191870251,1141.92191870251,1141.92191870251,0.0
1491350400,1135.81164377557,1135.81164377557,1135.81164377557,1135.81164377557,0.0
1491436800,1194.59645938048,1194.59645938048,1194.59645938048,1194.59645938048,0.0
1491523200,1191.73145108124,1191.73145108124,1191.73145108124,1191.73145108124,0.0
1491609600,1184.41772033898,1184.41772033898,1184.41772033898,1184.41772033898,0.0
1491696000,1213.63413980129,1213.63413980129,1213.63413980129,1213.63413980129,0.0
1491782400,1211.64987621274,1211.64987621274,1211.64987621274,1211.64987621274,0.0
1491868800,1229.78493290473,1229.78493290473,1229.78493290473,1229.78493290473,0.0
1491955200,1216.11436785506,1216.11436785506,1216.11436785506,1216.11436785506,0.0
1492041600,1172.5583396844,1172.5583396844,1172.5583396844,1172.5583396844,0.0
1492128000,1174.33323354763,1174.33323354763,1174.33323354763,1174.33323354763,0.0
1492214400,1175.56218901227,1175.56218901227,1175.56218901227,1175.56218901227,0.0
1492300800,1173.6913798948,1173.6913798948,1173.6913798948,1173.6913798948,0.0
1492387200,1191.90120146113,1191.90120146113,1191.90120146113,1191.90120146113,0.0
1492473600,1202.13145803624,1202.13145803624,1202.13145803624,1202.13145803624,0.0
1492560000,1209.56090888369,1209.56090888369,1209.56090888369,1209.56090888369,0.0
1492646400,1235.80307451783,1235.80307451783,1235.80307451783,1235.80307451783,0.0
1492732800,1247.33607025132,1247.33607025132,1247.33607025132,1247.33607025132,0.0
1492819200,1243.55039257744,1243.55039257744,1243.55039257744,1243.55039257744,0.0
1492905600,1250.00148322618,1250.00148322618,1250.00148322618,1250.00148322618,0.0
1492992000,1257.23944225599,1257.23944225599,1257.23944225599,1257.23944225599,0.0
1493078400,1279.86471741672,1279.86471741672,1279.86471741672,1279.86471741672,0.0
1493164800,1296.48545745178,1296.48545745178,1296.48545745178,1296.48545745178,0.0
1493251200,1345.8899556692,1345.8899556692,1345.8899556692,1345.8899556692,0.0
1493337600,1347.98515552309,1347.98515552309,1347.98515552309,1347.98515552309,0.0
1493424000,1357.71525341905,1357.71525341905,1357.71525341905,1357.71525341905,0.0
1493510400,1381.9563722969,1381.9563722969,1381.9563722969,1381.9563722969,0.0
1493596800,1436.9414880187,1436.9414880187,1436.9414880187,1436.9414880187,0.0
1493683200,1463.81906846873,1463.81906846873,1463.81906846873,1463.81906846873,0.0
1493769600,1519.40894447691,1519.40894447691,1519.40894447691,1519.40894447691,0.0
1493856000,1539.8300515488,1539.8300515488,1539.8300515488,1539.8300515488,0.0
1493942400,1529.85044301578,1529.85044301578,1529.85044301578,1529.85044301578,0.0
1494028800,1573.28550961426,1573.28550961426,1573.28550961426,1573.28550961426,0.0
1494115200,1526.26777171245,1526.26777171245,1526.26777171245,1526.26777171245,0.0
1494201600,1685.08649631794,1685.08649631794,1685.08649631794,1685.08649631794,0.0
1494288000,1719.22801355932,1719.22801355932,1719.22801355932,1719.22801355932,0.0
1494374400,1782.499,1782.499,1782.499,1782.499,0.0
1494460800,1835.48754821742,1835.48754821742,1835.48754821742,1835.48754821742,0.0
1494547200,1704.66164108708,1704.66164108708,1704.66164108708,1704.66164108708,0.0
1494633600,1779.84025669199,1779.84025669199,1779.84025669199,1779.84025669199,0.0
1494720000,1794.59355055523,1794.59355055523,1794.59355055523,1794.59355055523,0.0
1494806400,1736.88284611338,1736.88284611338,1736.88284611338,1736.88284611338,0.0
1494892800,1757.02694856809,1757.02694856809,1757.02694856809,1757.02694856809,0.0
1494979200,1808.74606469901,1808.74606469901,1808.74606469901,1808.74606469901,0.0
1495065600,1894.24726455289,1894.24726455289,1894.24726455289,1894.24726455289,0.0
1495152000,1967.54554769141,1967.54554769141,1967.54554769141,1967.54554769141,0.0
1495238400,2048.11767799532,2048.11767799532,2048.11767799532,2048.11767799532,0.0
1495324800,2045.22249316189,2045.22249316189,2045.22249316189,2045.22249316189,0.0
1495411200,2078.94350002922,2078.94350002922,2078.94350002922,2078.94350002922,0.0
1495497600,2257.28836382233,2257.28836382233,2257.28836382233,2257.28836382233,0.0
1495584000,2415.00722665108,2415.00722665108,2415.00722665108,2415.00722665108,0.0
1495670400,2319.60137866745,2319.60137866745,2319.60137866745,2319.60137866745,0.0
1495756800,2279.4185836353,2279.4185836353,2279.4185836353,2279.4185836353,0.0
1495843200,2044.30049982466,2044.30049982466,2044.30049982466,2044.30049982466,0.0
1495929600,2225.7008666277,2225.7008666277,2225.7008666277,2225.7008666277,0.0
1496016000,2284.71579748685,2284.71579748685,2284.71579748685,2284.71579748685,0.0
1496102400,2167.26447790766,2167.26447790766,2167.26447790766,2167.26447790766,0.0
1496188800,2299.43261025716,2299.43261025716,2299.43261025716,2299.43261025716,0.0
1496275200,2399.88763194039,2399.88763194039,2399.88763194039,2399.88763194039,0.0
1496361600,2479.4238943308,2479.4238943308,2479.4238943308,2479.4238943308,0.0
1496448000,2549.55195151958,2549.55195151958,2549.55195151958,2549.55195151958,0.0
1496534400,2524.99383354763,2524.99383354763,2524.99383354763,2524.99383354763,0.0
1496620800,2685.31891671537,2685.31891671537,2685.31891671537,2685.31891671537,0.0
1496707200,2871.34167735243,2871.34167735243,2871.34167735243,2871.34167735243,0.0
1496793600,2706.76000885447,2706.76000885447,2706.76000885447,2706.76000885447,0.0
1496880000,2802.56354681473,2802.56354681473,2802.56354681473,2802.56354681473,0.0
1496966400,2804.87226691993,2804.87226691993,2804.87226691993,2804.87226691993,0.0
1497052800,2916.3278597896,2916.3278597896,2916.3278597896,2916.3278597896,0.0
1497139200,2974.21455920514,2974.21455920514,2974.21455920514,2974.21455920514,0.0
1497225600,2665.43326995909,2665.43326995909,2665.43326995909,2665.43326995909,0.0
1497312000,2707.13782402104,2707.13782402104,2707.13782402104,2707.13782402104,0.0
1497398400,2443.82445137347,2443.82445137347,2443.82445137347,2443.82445137347,0.0
1497484800,2409.886764173,2409.886764173,2409.886764173,2409.886764173,0.0
1497571200,2476.35909538282,2476.35909538282,2476.35909538282,2476.35909538282,0.0
1497657600,2652.75536335476,2652.75536335476,2652.75536335476,2652.75536335476,0.0
1497744000,2508.21420742256,2508.21420742256,2508.21420742256,2508.21420742256,0.0
1497830400,2589.64221338399,2589.64221338399,2589.64221338399,2589.64221338399,0.0
1497916800,2733.22655628288,2733.22655628288,2733.22655628288,2733.22655628288,0.0
1498003200,2639.26131420222,2639.26131420222,2639.26131420222,2639.26131420222,0.0
1498089600,2686.64751431911,2686.64751431911,2686.64751431911,2686.64751431911,0.0
1498176000,2685.87047101111,2685.87047101111,2685.87047101111,2685.87047101111,0.0
1498262400,2562.18914874342,2562.18914874342,2562.18914874342,2562.18914874342,0.0
1498348800,2497.72894137931,2497.72894137931,2497.72894137931,2497.72894137931,0.0
1498435200,2426.36505119813,2426.36505119813,2426.36505119813,2426.36505119813,0.0
1498521600,2530.34553600234,2530.34553600234,2530.34553600234,2530.34553600234,0.0
1498608000,2562.79226420222,2562.79226420222,2562.79226420222,2562.79226420222,0.0
1498694400,2540.44303161894,2540.44303161894,2540.44303161894,2540.44303161894,0.0
1498780800,2452.71206428989,2452.71206428989,2452.71206428989,2452.71206428989,0.0
1498867200,2412.3662131502,2412.3662131502,2412.3662131502,2412.3662131502,0.0
1498953600,2518.8721873758,2518.8721873758,2518.8721873758,2518.8721873758,0.0
1499040000,2551.92743173583,2551.92743173583,2551.92743173583,2551.92743173583,0.0
1499126400,2599.74474991233,2599.74474991233,2599.74474991233,2599.74474991233,0.0
1499212800,2608.10489117475,2608.10489117475,2608.10489117475,2608.10489117475,0.0
1499299200,2603.19547369959,2603.19547369959,2603.19547369959,2603.19547369959,0.0
1499385600,2495.78092220923,2495.78092220923,2495.78092220923,2495.78092220923,0.0
1499472000,2553.4941581239,2553.4941581239,2553.4941581239,2553.4941581239,0.0
1499558400,2506.17321355932,2506.17321355932,2506.17321355932,2506.17321355932,0.0
1499644800,2319.36689736996,2319.36689736996,2319.36689736996,2319.36689736996,0.0
1499731200,2319.16744061952,2319.16744061952,2319.16744061952,2319.16744061952,0.0
1499817600,2374.88626645237,2374.88626645237,2374.88626645237,2374.88626645237,0.0
1499904000,2343.73834824664,2343.73834824664,2343.73834824664,2343.73834824664,0.0
1499990400,2214.82523728814,2214.82523728814,2214.82523728814,2214.82523728814,0.0
1500076800,1989.63319023963,1989.63319023963,1989.63319023963,1989.63319023963,0.0
1500163200,1910.74954161309,1910.74954161309,1910.74954161309,1910.74954161309,0.0
1500249600,2215.74629614261,2215.74629614261,2215.74629614261,2215.74629614261,0.0
1500336000,2303.7611458796,2303.7611458796,2303.7611458796,2303.7611458796,0.0
1500422400,2257.06523588545,2257.06523588545,2257.06523588545,2257.06523588545,0.0
1500508800,2823.89792635885,2823.89792635885,2823.89792635885,2823.89792635885,0.0
1500595200,2666.1397182934,2666.1397182934,2666.1397182934,2666.1397182934,0.0
1500681600,2829.75405496786,2829.75405496786,2829.75405496786,2829.75405496786,0.0
1500768000,2753.24386493279,2753.24386493279,2753.24386493279,2753.24386493279,0.0
1500854400,2755.1595242256,2755.1595242256,2755.1595242256,2755.1595242256,0.0
1500940800,2558.69299894798,2558.69299894798,2558.69299894798,2558.69299894798,0.0
1501027200,2522.32464628872,2522.32464628872,2522.32464628872,2522.32464628872,0.0
1501113600,2665.14754649328,2665.14754649328,2665.14754649328,2665.14754649328,0.0
1501200000,2793.83348486265,2793.83348486265,2793.83348486265,2793.83348486265,0.0
1501286400,2706.4507654588,2706.4507654588,2706.4507654588,2706.4507654588,0.0
1501372800,2749.3845277031,2749.3845277031,2749.3845277031,2749.3845277031,0.0
1501459200,2862.61129088252,2862.61129088252,2862.61129088252,2862.61129088252,0.0
1501545600,2727.38918199883,2727.38918199883,2727.38918199883,2727.38918199883,0.0
1501632000,2690.14567197545,2690.14567197545,2690.14567197545,2690.14567197545,0.0
1501718400,2789.74631244886,2789.74631244886,2789.74631244886,2789.74631244886,0.0
1501804800,2860.27284324956,2860.27284324956,2860.27284324956,2860.27284324956,0.0
1501891200,3237.42336329632,3237.42336329632,3237.42336329632,3237.42336329632,0.0
1501977600,3230.11670894214,3230.11670894214,3230.11670894214,3230.11670894214,0.0
1502064000,3392.56241864407,3392.56241864407,3392.56241864407,3392.56241864407,0.0
1502150400,3425.67661659848,3425.67661659848,3425.67661659848,3425.67661659848,0.0
1502236800,3347.21543161894,3347.21543161894,3347.21543161894,3347.21543161894,0.0
1502323200,3437.03215546464,3437.03215546464,3437.03215546464,3437.03215546464,0.0
1502409600,3660.52053728813,3660.52053728813,3660.52053728813,3660.52053728813,0.0
1502496000,3871.08240619521,3871.08240619521,3871.08240619521,3871.08240619521,0.0
1502582400,4063.80105271771,4063.80105271771,4063.80105271771,4063.80105271771,0.0
1502668800,4304.60393120982,4304.60393120982,4304.60393120982,4304.60393120982,0.0
1502755200,4160.0305458796,4160.0305458796,4160.0305458796,4160.0305458796,0.0
1502841600,4364.67857463472,4364.67857463472,4364.67857463472,4364.67857463472,0.0
1502928000,4308.51686142607,4308.51686142607,4308.51686142607,4308.51686142607,0.0
1503014400,4108.50716218586,4108.50716218586,4108.50716218586,4108.50716218586,0.0
1503100800,4160.33245686733,4160.33245686733,4160.33245686733,4160.33245686733,0.0
1503187200,4085.8103943308,4085.8103943308,4085.8103943308,4085.8103943308,0.0
1503273600,3992.62603524255,3992.62603524255,3992.62603524255,3992.62603524255,0.0
1503360000,4074.33046125073,4074.33046125073,4074.33046125073,4074.33046125073,0.0
1503446400,4146.9153452367,4146.9153452367,4146.9153452367,4146.9153452367,0.0
1503532800,4325.81642799532,4325.81642799532,4325.81642799532,4325.81642799532,0.0
1503619200,4353.13177255991,4353.13177255991,4353.13177255991,4353.13177255991,0.0
1503705600,4341.97871677382,4341.97871677382,4341.97871677382,4341.97871677382,0.0
1503792000,4344.90344476914,4344.90344476914,4344.90344476914,4344.90344476914,0.0
1503878400,4379.76392068966,4379.76392068966,4379.76392068966,4379.76392068966,0.0
1503964800,4600.45683097604,4600.45683097604,4600.45683097604,4600.45683097604,0.0
1504051200,4586.63273670368,4586.63273670368,4586.63273670368,4586.63273670368,0.0
1504137600,4740.35621770894,4740.35621770894,4740.35621770894,4740.35621770894,0.0
1504224000,4918.16624488603,4918.16624488603,4918.16624488603,4918.16624488603,0.0
1504310400,4595.02001782583,4595.02001782583,4595.02001782583,4595.02001782583,0.0
1504396800,4625.296314436,4625.296314436,4625.296314436,4625.296314436,0.0
1504483200,4374.75349649328,4374.75349649328,4374.75349649328,4374.75349649328,0.0
1504569600,4454.05253769725,4454.05253769725,4454.05253769725,4454.05253769725,0.0
1504656000,4607.51652980713,4607.51652980713,4607.51652980713,4607.51652980713,0.0
1504742400,4635.11187580362,4635.11187580362,4635.11187580362,4635.11187580362,0.0
1504828800,4345.45765634132,4345.45765634132,4345.45765634132,4345.45765634132,0.0
1504915200,4335.593449737,4335.593449737,4335.593449737,4335.593449737,0.0
1505001600,4261.84352104033,4261.84352104033,4261.84352104033,4261.84352104033,0.0
1505088000,4212.54757334892,4212.54757334892,4212.54757334892,4212.54757334892,0.0
1505174400,4164.31943424898,4164.31943424898,4164.31943424898,4164.31943424898,0.0
1505260800,3887.11858679135,3887.11858679135,3887.11858679135,3887.11858679135,0.0
1505347200,3247.4687390415,3247.4687390415,3247.4687390415,3247.4687390415,0.0
1505433600,3699.22294389246,3699.22294389246,3699.22294389246,3699.22294389246,0.0
1505520000,3711.23435067212,3711.23435067212,3711.23435067212,3711.23435067212,0.0
1505606400,3711.85620397428,3711.85620397428,3711.85620397428,3711.85620397428,0.0
1505692800,4080.42844301578,4080.42844301578,4080.42844301578,4080.42844301578,0.0
1505779200,3925.73619023963,3925.73619023963,3925.73619023963,3925.73619023963,0.0
1505865600,3895.777078609,3895.777078609,3895.777078609,3895.777078609,0.0
1505952000,3617.24346580947,3617.24346580947,3617.24346580947,3617.24346580947,0.0
1506038400,3619.2137182934,3619.2137182934,3619.2137182934,3619.2137182934,0.0
1506124800,3775.60059409702,3775.60059409702,3775.60059409702,3775.60059409702,0.0
1506211200,3676.89694418469,3676.89694418469,3676.89694418469,3676.89694418469,0.0
1506297600,3918.73807130333,3918.73807130333,3918.73807130333,3918.73807130333,0.0
1506384000,3890.09093687902,3890.09093687902,3890.09093687902,3890.09093687902,0.0
1506470400,4207.78748538866,4207.78748538866,4207.78748538866,4207.78748538866,0.0
1506556800,4187.76979631794,4187.76979631794,4187.76979631794,4187.76979631794,0.0
1506643200,4155.01011981298,4155.01011981298,4155.01011981298,4155.01011981298,0.0
1506729600,4334.54461250731,4334.54461250731,4334.54461250731,4334.54461250731,0.0
1506816000,4382.08689801286,4382.08689801286,4382.08689801286,4382.08689801286,0.0
1506902400,4386.8757150789,4386.8757150789,4386.8757150789,4386.8757150789,0.0
1506988800,4306.56464202221,4306.56464202221,4306.56464202221,4306.56464202221,0.0
1507075200,4216.68482144944,4216.68482144944,4216.68482144944,4216.68482144944,0.0
1507161600,4319.42091583869,4319.42091583869,4319.42091583869,4319.42091583869,0.0
1507248000,4365.91571040327,4365.91571040327,4365.91571040327,4365.91571040327,0.0
1507334400,4438.85593308007,4438.85593308007,4438.85593308007,4438.85593308007,0.0
1507420800,4600.73979661017,4600.73979661017,4600.73979661017,4600.73979661017,0.0
1507507200,4777.53465692577,4777.53465692577,4777.53465692577,4777.53465692577,0.0
1507593600,4741.07791496201,4741.07791496201,4741.07791496201,4741.07791496201,0.0
1507680000,4814.96711805962,4814.96711805962,4814.96711805962,4814.96711805962,0.0
1507766400,5393.66898275862,5393.66898275862,5393.66898275862,5393.66898275862,0.0
1507852800,5614.07751461134,5614.07751461134,5614.07751461134,5614.07751461134,0.0
1507939200,5785.73831502046,5785.73831502046,5785.73831502046,5785.73831502046,0.0
1508025600,5689.86505961426,5689.86505961426,5689.86505961426,5689.86505961426,0.0
1508112000,5756.14881180596,5756.14881180596,5756.14881180596,5756.14881180596,0.0
1508198400,5590.41632437171,5590.41632437171,5590.41632437171,5590.41632437171,0.0
1508284800,5583.8704257744,5583.8704257744,5583.8704257744,5583.8704257744,0.0
1508371200,5708.31299094097,5708.31299094097,5708.31299094097,5708.31299094097,0.0
1508457600,6000.88313033314,6000.88313033314,6000.88313033314,6000.88313033314,0.0
1508544000,6030.20789275278,6030.20789275278,6030.20789275278,6030.20789275278,0.0
1508630400,5996.59813880772,5996.59813880772,5996.59813880772,5996.59813880772,0.0
1508716800,5888.25001665693,5888.25001665693,5888.25001665693,5888.25001665693,0.0
1508803200,5517.77535330216,5517.77535330216,5517.77535330216,5517.77535330216,0.0
1508889600,5736.01780157802,5736.01780157802,5736.01780157802,5736.01780157802,0.0
1508976000,5900.31772910579,5900.31772910579,5900.31772910579,5900.31772910579,0.0
1509062400,5771.94504617183,5771.94504617183,5771.94504617183,5771.94504617183,0.0
1509148800,5762.38857685564,5762.38857685564,5762.38857685564,5762.38857685564,0.0
1509235200,6174.72884482758,6174.72884482758,6174.72884482758,6174.72884482758,0.0
1509321600,6119.25638398597,6119.25638398597,6119.25638398597,6119.25638398597,0.0
1509408000,6428.51463705435,6428.51463705435,6428.51463705435,6428.51463705435,0.0
1509494400,6726.41183459965,6726.41183459965,6726.41183459965,6726.41183459965,0.0
1509580800,7043.77793892461,7043.77793892461,7043.77793892461,7043.77793892461,0.0
1509667200,7198.63211075394,7198.63211075394,7198.63211075394,7198.63211075394,0.0
1509753600,7420.498078609,7420.498078609,7420.498078609,7420.498078609,0.0
1509840000,7371.13902980713,7371.13902980713,7371.13902980713,7371.13902980713,0.0
1509926400,6985.26384395091,6985.26384395091,6985.26384395091,6985.26384395091,0.0
1510012800,7118.20254383402,7118.20254383402,7118.20254383402,7118.20254383402,0.0
1510099200,7451.21278667446,7451.21278667446,7451.21278667446,7451.21278667446,0.0
1510185600,7117.73804967855,7117.73804967855,7117.73804967855,7117.73804967855,0.0
1510272000,6620.56733635301,6620.56733635301,6620.56733635301,6620.56733635301,0.0
1510358400,6346.72144915254,6346.72144915254,6346.72144915254,6346.72144915254,0.0
1510444800,5829.09782758621,5829.09782758621,5829.09782758621,5829.09782758621,0.0
1510531200,6519.44517212157,6519.44517212157,6519.44517212157,6519.44517212157,0.0
1510617600,6592.37439713618,6592.37439713618,6592.37439713618,6592.37439713618,0.0
1510704000,7257.37321215664,7257.37321215664,7257.37321215664,7257.37321215664,0.0
1510790400,7833.7044333723,7833.7044333723,7833.7044333723,7833.7044333723,0.0
1510876800,7729.03327001753,7729.03327001753,7729.03327001753,7729.03327001753,0.0
1510963200,7796.15424108708,7796.15424108708,7796.15424108708,7796.15424108708,0.0
1511049600,8018.32068848626,8018.32068848626,8018.32068848626,8018.32068848626,0.0
1511136000,8269.87425745178,8269.87425745178,8269.87425745178,8269.87425745178,0.0
1511222400,8091.99808357686,8091.99808357686,8091.99808357686,8091.99808357686,0.0
1511308800,8249.59733021625,8249.59733021625,8249.59733021625,8249.59733021625,0.0
1511395200,8071.66982144945,8071.66982144945,8071.66982144945,8071.66982144945,0.0
1511481600,8232.42233313851,8232.42233313851,8232.42233313851,8232.42233313851,0.0
1511568000,8760.1654421391,8760.1654421391,8760.1654421391,8760.1654421391,0.0
1511654400,9319.90331472823,9319.90331472823,9319.90331472823,9319.90331472823,0.0
1511740800,9730.72857948568,9730.72857948568,9730.72857948568,9730.72857948568,0.0
1511827200,9932.19418001169,9932.19418001169,9932.19418001169,9932.19418001169,0.0
1511913600,9800.02755172414,9800.02755172414,9800.02755172414,9800.02755172414,0.0
1512000000,9996.71497194623,9996.71497194623,9996.71497194623,9996.71497194623,0.0
1512086400,10808.9583325541,10808.9583325541,10808.9583325541,10808.9583325541,0.0
1512172800,10934.8599856809,10934.8599856809,10934.8599856809,10934.8599856809,0.0
1512259200,11213.9426554646,11213.9426554646,11213.9426554646,11213.9426554646,0.0
1512345600,11562.1285669199,11562.1285669199,11562.1285669199,11562.1285669199,0.0
1512432000,11736.7540672122,11736.7540672122,11736.7540672122,11736.7540672122,0.0
1512518400,13992.1323372297,13992.1323372297,13992.1323372297,13992.1323372297,0.0
1512604800,17032.2933763881,17032.2933763881,17032.2933763881,17032.2933763881,0.0
1512691200,16298.4873386908,16298.4873386908,16298.4873386908,16298.4873386908,0.0
1512777600,15050.0219541204,15050.0219541204,15050.0219541204,15050.0219541204,0.0
1512864000,15474.9995432496,15474.9995432496,15474.9995432496,15474.9995432496,0.0
1512950400,16873.4977849211,16873.4977849211,16873.4977849211,16873.4977849211,0.0
1513036800,17433.9307381648,17433.9307381648,17433.9307381648,17433.9307381648,0.0
1513123200,16515.15257218,16515.15257218,16515.15257218,16515.15257218,0.0
1513209600,16602.8928033314,16602.8928033314,16602.8928033314,16602.8928033314,0.0
1513296000,17702.0021721216,17702.0021721216,17702.0021721216,17702.0021721216,0.0
1513382400,19640.5138834015,19640.5138834015,19640.5138834015,19640.5138834015,0.0
1513468800,19250.467650789,19250.467650789,19250.467650789,19250.467650789,0.0
1513555200,18982.0250242548,18982.0250242548,18982.0250242548,18982.0250242548,0.0
1513641600,17653.3260894214,17653.3260894214,17653.3260894214,17653.3260894214,0.0
1513728000,16453.6272603741,16453.6272603741,16453.6272603741,16453.6272603741,0.0
1513814400,15633.8336504968,15633.8336504968,15633.8336504968,15633.8336504968,0.0
1513900800,14305.7183436587,14305.7183436587,14305.7183436587,14305.7183436587,0.0
1513987200,14910.8581049094,14910.8581049094,14910.8581049094,14910.8581049094,0.0
1514073600,14026.3468661601,14026.3468661601,14026.3468661601,14026.3468661601,0.0
1514160000,14080.9422600818,14080.9422600818,14080.9422600818,14080.9422600818,0.0
1514246400,15727.1454792519,15727.1454792519,15727.1454792519,15727.1454792519,0.0
1514332800,15389.0005739334,15389.0005739334,15389.0005739334,15389.0005739334,0.0
1514419200,14289.4522095266,14289.4522095266,14289.4522095266,14289.4522095266,0.0
1514505600,14571.7460821157,14571.7460821157,14571.7460821157,14571.7460821157,0.0
1514592000,12948.7158828171,12948.7158828171,12948.7158828171,12948.7158828171,0.0
1514678400,13921.4806414378,13921.4806414378,13921.4806414378,13921.4806414378,0.0
1514764800,13464.6536116306,13464.6536116306,13464.6536116306,13464.6536116306,0.0
1514851200,14754.322204851,14754.322204851,14754.322204851,14754.322204851,0.0
1514937600,15010.2861595558,15010.2861595558,15010.2861595558,15010.2861595558,0.0
1515024000,15070.3007986558,15070.3007986558,15070.3007986558,15070.3007986558,0.0
1515110400,16997.2274079486,16997.2274079486,16997.2274079486,16997.2274079486,0.0
1515196800,17103.589279661,17103.589279661,17103.589279661,17103.589279661,0.0
1515283200,16231.6949994155,16231.6949994155,16231.6949994155,16231.6949994155,0.0
1515369600,14937.4150894214,14937.4150894214,14937.4150894214,14937.4150894214,0.0
1515456000,14378.5862174167,14378.5862174167,14378.5862174167,14378.5862174167,0.0
1515542400,14669.0882656341,14669.0882656341,14669.0882656341,14669.0882656341,0.0
1515628800,13186.7549427236,13186.7549427236,13186.7549427236,13186.7549427236,0.0
1515715200,13789.4436639392,13789.4436639392,13789.4436639392,13789.4436639392,0.0
1515801600,14231.2250645821,14231.2250645821,14231.2250645821,14231.2250645821,0.0
1515888000,13681.0654611338,13681.0654611338,13681.0654611338,13681.0654611338,0.0
1515974400,13591.6961966686,13591.6961966686,13591.6961966686,13591.6961966686,0.0
1516060800,11431.0401052016,11431.0401052016,11431.0401052016,11431.0401052016,0.0
1516147200,11159.6085905903,11159.6085905903,11159.6085905903,11159.6085905903,0.0
1516233600,11246.0397302747,11246.0397302747,11246.0397302747,11246.0397302747,0.0
1516320000,11440.2555616598,11440.2555616598,11440.2555616598,11440.2555616598,0.0
1516406400,12768.4045856224,12768.4045856224,12768.4045856224,12768.4045856224,0.0
1516492800,11422.3942589129,11422.3942589129,11422.3942589129,11422.3942589129,0.0
1516579200,10737.3505774401,10737.3505774401,10737.3505774401,10737.3505774401,0.0
1516665600,10849.3918793103,10849.3918793103,10849.3918793103,10849.3918793103,0.0
1516752000,11225.8961747516,11225.8961747516,11225.8961747516,11225.8961747516,0.0
1516838400,11130.4649473992,11130.4649473992,11130.4649473992,11130.4649473992,0.0
1516924800,11035.5546098773,11035.5546098773,11035.5546098773,11035.5546098773,0.0
1517011200,11320.9701852718,11320.9701852718,11320.9701852718,11320.9701852718,0.0
1517097600,11615.95871128,11615.95871128,11615.95871128,11615.95871128,0.0
1517184000,11132.5543138515,11132.5543138515,11132.5543138515,11132.5543138515,0.0
1517270400,9959.54671537113,9959.54671537113,9959.54671537113,9959.54671537113,0.0
1517356800,10050.0957971946,10050.0957971946,10050.0957971946,10050.0957971946,0.0
1517443200,9039.86507510228,9039.86507510228,9039.86507510228,9039.86507510228,0.0
1517529600,8786.0773798948,8786.0773798948,8786.0773798948,8786.0773798948,0.0
1517616000,9132.10032232613,9132.10032232613,9132.10032232613,9132.10032232613,0.0
1517702400,8250.52689596727,8250.52689596727,8250.52689596727,8250.52689596727,0.0
1517788800,6849.54255932203,6849.54255932203,6849.54255932203,6849.54255932203,0.0
1517875200,7738.64395967271,7738.64395967271,7738.64395967271,7738.64395967271,0.0
1517961600,7624.59538953828,7624.59538953828,7624.59538953828,7624.59538953828,0.0
1518048000,8218.58085184103,8218.58085184103,8218.58085184103,8218.58085184103,0.0
1518134400,8660.45346785505,8660.45346785505,8660.45346785505,8660.45346785505,0.0
1518220800,8530.29280479252,8530.29280479252,8530.29280479252,8530.29280479252,0.0
1518307200,8096.72848129749,8096.72848129749,8096.72848129749,8096.72848129749,0.0
1518393600,8907.67017913501,8907.67017913501,8907.67017913501,8907.67017913501,0.0
1518480000,8523.96693191116,8523.96693191116,8523.96693191116,8523.96693191116,0.0
1518566400,9467.3010327294,9467.3010327294,9467.3010327294,9467.3010327294,0.0
1518652800,10106.7330835769,10106.7330835769,10106.7330835769,10106.7330835769,0.0
1518739200,10189.3164833431,10189.3164833431,10189.3164833431,10189.3164833431,0.0
1518825600,11085.5984143776,11085.5984143776,11085.5984143776,11085.5984143776,0.0
1518912000,10452.0919772063,10452.0919772063,10452.0919772063,10452.0919772063,0.0
1518998400,11139.3557305669,11139.3557305669,11139.3557305669,11139.3557305669,0.0
1519084800,11245.9323179427,11245.9323179427,11245.9323179427,11245.9323179427,0.0
1519171200,10458.8650888369,10458.8650888369,10458.8650888369,10458.8650888369,0.0
1519257600,9878.15894272355,9878.15894272355,9878.15894272355,9878.15894272355,0.0
1519344000,10159.0656125073,10159.0656125073,10159.0656125073,10159.0656125073,0.0
1519430400,9686.60177995325,9686.60177995325,9686.60177995325,9686.60177995325,0.0
1519516800,9603.22747749854,9603.22747749854,9603.22747749854,9603.22747749854,0.0
1519603200,10312.3657130333,10312.3657130333,10312.3657130333,10312.3657130333,0.0
1519689600,10654.1072948568,10654.1072948568,10654.1072948568,10654.1072948568,0.0
1519776000,10307.0249663939,10307.0249663939,10307.0249663939,10307.0249663939,0.0
1519862400,10923.6308617767,10923.6308617767,10923.6308617767,10923.6308617767,0.0
1519948800,11014.0584672706,11014.0584672706,11014.0584672706,11014.0584672706,0.0
1520035200,11425.6805654588,11425.6805654588,11425.6805654588,11425.6805654588,0.0
1520121600,11462.5831975453,11462.5831975453,11462.5831975453,11462.5831975453,0.0
1520208000,11540.6623205728,11540.6623205728,11540.6623205728,11540.6623205728,0.0
1520294400,10677.0352308591,10677.0352308591,10677.0352308591,10677.0352308591,0.0
1520380800,9903.0850490941,9903.0850490941,9903.0850490941,9903.0850490941,0.0
1520467200,9330.47545295149,9330.47545295149,9330.47545295149,9330.47545295149,0.0
1520553600,9278.13918439509,9278.13918439509,9278.13918439509,9278.13918439509,0.0
1520640000,8786.56042314436,8786.56042314436,8786.56042314436,8786.56042314436,0.0
1520726400,9513.53539976622,9513.53539976622,9513.53539976622,9513.53539976622,0.0
1520812800,9147.89018059615,9147.89018059615,9147.89018059615,9147.89018059615,0.0
1520899200,9160.54293278784,9160.54293278784,9160.54293278784,9160.54293278784,0.0
1520985600,8222.12723904149,8222.12723904149,8222.12723904149,8222.12723904149,0.0
1521072000,8268.58912244302,8268.58912244302,8268.58912244302,8268.58912244302,0.0
1521158400,8376.90449824664,8376.90449824664,8376.90449824664,8376.90449824664,0.0
1521244800,7881.66192051432,7881.66192051432,7881.66192051432,7881.66192051432,0.0
1521331200,8189.01671917008,8189.01671917008,8189.01671917008,8189.01671917008,0.0
1521417600,8537.0156233197,8537.0156233197,8537.0156233197,8537.0156233197,0.0
1521504000,8895.54717913501,8895.54717913501,8895.54717913501,8895.54717913501,0.0
1521590400,8879.5942565751,8879.5942565751,8879.5942565751,8879.5942565751,0.0
1521676800,8710.66493512566,8710.66493512566,8710.66493512566,8710.66493512566,0.0
1521763200,8771.74632349503,8771.74632349503,8771.74632349503,8771.74632349503,0.0
1521849600,8610.9885163647,8610.9885163647,8610.9885163647,8610.9885163647,0.0
1521936000,8440.61092255991,8440.61092255991,8440.61092255991,8440.61092255991,0.0
1522022400,8171.18435447107,8171.18435447107,8171.18435447107,8171.18435447107,0.0
1522108800,7837.26531940386,7837.26531940386,7837.26531940386,7837.26531940386,0.0
1522195200,7933.64272969024,7933.64272969024,7933.64272969024,7933.64272969024,0.0
1522281600,7108.5708132671,7108.5708132671,7108.5708132671,7108.5708132671,0.0
1522368000,6832.14906633548,6832.14906633548,6832.14906633548,6832.14906633548,0.0
1522454400,6922.2812969024,6922.2812969024,6922.2812969024,6922.2812969024,0.0
1522540800,6804.52487931035,6804.52487931035,6804.52487931035,6804.52487931035,0.0
1522627200,7033.25960958504,7033.25960958504,7033.25960958504,7033.25960958504,0.0
1522713600,7420.80051548802,7420.80051548802,7420.80051548802,7420.80051548802,0.0
1522800000,6780.54360140269,6780.54360140269,6780.54360140269,6780.54360140269,0.0
1522886400,6798.42261659848,6798.42261659848,6798.42261659848,6798.42261659848,0.0
1522972800,6610.49234979544,6610.49234979544,6610.49234979544,6610.49234979544,0.0
1523059200,6886.46947194623,6886.46947194623,6886.46947194623,6886.46947194623,0.0
1523145600,7009.99610432496,7009.99610432496,7009.99610432496,7009.99610432496,0.0
1523232000,6736.89282378726,6736.89282378726,6736.89282378726,6736.89282378726,0.0
1523318400,6816.71861542957,6816.71861542957,6816.71861542957,6816.71861542957,0.0
1523404800,6944.78585710111,6944.78585710111,6944.78585710111,6944.78585710111,0.0
1523491200,7904.33027527762,7904.33027527762,7904.33027527762,7904.33027527762,0.0
1523577600,7919.06469462303,7919.06469462303,7919.06469462303,7919.06469462303,0.0
1523664000,8006.41794330801,8006.41794330801,8006.41794330801,8006.41794330801,0.0
1523750400,8342.27110140269,8342.27110140269,8342.27110140269,8342.27110140269,0.0
1523836800,8046.98213354763,8046.98213354763,8046.98213354763,8046.98213354763,0.0
1523923200,7887.73795791935,7887.73795791935,7887.73795791935,7887.73795791935,0.0
1524009600,8162.83486177674,8162.83486177674,8162.83486177674,8162.83486177674,0.0
1524096000,8272.96731589714,8272.96731589714,8272.96731589714,8272.96731589714,0.0
1524182400,8839.5011320865,8839.5011320865,8839.5011320865,8839.5011320865,0.0
1524268800,8863.54082904734,8863.54082904734,8863.54082904734,8863.54082904734,0.0
1524355200,8800.95908708358,8800.95908708358,8800.95908708358,8800.95908708358,0.0
1524441600,8930.78463354763,8930.78463354763,8930.78463354763,8930.78463354763,0.0
1524528000,9652.21378872005,9652.21378872005,9652.21378872005,9652.21378872005,0.0
1524614400,8855.50893658679,8855.50893658679,8855.50893658679,8855.50893658679,0.0
1524700800,9264.72742694331,9264.72742694331,9264.72742694331,9264.72742694331,0.0
1524787200,8981.33079018118,8981.33079018118,8981.33079018118,8981.33079018118,0.0
1524873600,9341.82468468732,9341.82468468732,9341.82468468732,9341.82468468732,0.0
1524960000,9396.99762974869,9396.99762974869,9396.99762974869,9396.99762974869,0.0
1525046400,9228.7264836353,9228.7264836353,9228.7264836353,9228.7264836353,0.0
1525132800,9072.16875745178,9072.16875745178,9072.16875745178,9072.16875745178,0.0
1525219200,9204.12764056108,9204.12764056108,9204.12764056108,9204.12764056108,0.0
1525305600,9750.70014640561,9750.70014640561,9750.70014640561,9750.70014640561,0.0
1525392000,9696.64290999416,9696.64290999416,9696.64290999416,9696.64290999416,0.0
1525478400,9795.92577206312,9795.92577206312,9795.92577206312,9795.92577206312,0.0
1525564800,9595.08681940386,9595.08681940386,9595.08681940386,9595.08681940386,0.0
1525651200,9339.5108471654,9339.5108471654,9339.5108471654,9339.5108471654,0.0
1525737600,9212.36963471654,9212.36963471654,9212.36963471654,9212.36963471654,0.0
1525824000,9293.04227352425,9293.04227352425,9293.04227352425,9293.04227352425,0.0
1525910400,9037.53050905903,9037.53050905903,9037.53050905903,9037.53050905903,0.0
1525996800,8419.75858737581,8419.75858737581,8419.75858737581,8419.75858737581,0.0
1526083200,8485.77526680304,8485.77526680304,8485.77526680304,8485.77526680304,0.0
1526169600,8695.83309380479,8695.83309380479,8695.83309380479,8695.83309380479,0.0
1526256000,8671.07417475161,8671.07417475161,8671.07417475161,8671.07417475161,0.0
1526342400,8488.463421391,8488.463421391,8488.463421391,8488.463421391,0.0
1526428800,8327.75620134424,8327.75620134424,8327.75620134424,8327.75620134424,0.0
1526515200,8050.51623933372,8050.51623933372,8050.51623933372,8050.51623933372,0.0
1526601600,8233.08645528931,8233.08645528931,8233.08645528931,8233.08645528931,0.0
1526688000,8229.48293571011,8229.48293571011,8229.48293571011,8229.48293571011,0.0
1526774400,8511.44883021625,8511.44883021625,8511.44883021625,8511.44883021625,0.0
1526860800,8398.62312653419,8398.62312653419,8398.62312653419,8398.62312653419,0.0
1526947200,8007.52653214495,8007.52653214495,8007.52653214495,8007.52653214495,0.0
1527033600,7520.86767913501,7520.86767913501,7520.86767913501,7520.86767913501,0.0
1527120000,7575.62448597312,7575.62448597312,7575.62448597312,7575.62448597312,0.0
1527206400,7425.37567445938,7425.37567445938,7425.37567445938,7425.37567445938,0.0
1527292800,7326.30318644068,7326.30318644068,7326.30318644068,7326.30318644068,0.0
1527379200,7338.19304441847,7338.19304441847,7338.19304441847,7338.19304441847,0.0
1527465600,7110.82388164816,7110.82388164816,7110.82388164816,7110.82388164816,0.0
1527552000,7453.63372501461,7453.63372501461,7453.63372501461,7453.63372501461,0.0
1527638400,7374.6690490941,7374.6690490941,7374.6690490941,7374.6690490941,0.0
1527724800,7478.74186703682,7478.74186703682,7478.74186703682,7478.74186703682,0.0
1527811200,7519.83573728814,7519.83573728814,7519.83573728814,7519.83573728814,0.0
1527897600,7637.44825306838,7637.44825306838,7637.44825306838,7637.44825306838,0.0
1527984000,7702.15793308007,7702.15793308007,7702.15793308007,7702.15793308007,0.0
1528070400,7486.65319959088,7486.65319959088,7486.65319959088,7486.65319959088,0.0
1528156800,7611.14985271771,7611.14985271771,7611.14985271771,7611.14985271771,0.0
1528243200,7650.77580713033,7650.77580713033,7650.77580713033,7650.77580713033,0.0
1528329600,7665.9478962595,7665.9478962595,7665.9478962595,7665.9478962595,0.0
1528416000,7622.60233021625,7622.60233021625,7622.60233021625,7622.60233021625,0.0
1528502400,7556.17169783752,7556.17169783752,7556.17169783752,7556.17169783752,0.0
1528588800,6744.73580099357,6744.73580099357,6744.73580099357,6744.73580099357,0.0
1528675200,6849.45268731736,6849.45268731736,6849.45268731736,6849.45268731736,0.0
1528761600,6526.69968001169,6526.69968001169,6526.69968001169,6526.69968001169,0.0
1528848000,6306.51316803039,6306.51316803039,6306.51316803039,6306.51316803039,0.0
1528934400,6629.77012419638,6629.77012419638,6629.77012419638,6629.77012419638,0.0
1529020800,6399.67404646406,6399.67404646406,6399.67404646406,6399.67404646406,0.0
1529107200,6495.31530917592,6495.31530917592,6495.31530917592,6495.31530917592,0.0
1529193600,6450.69397282291,6450.69397282291,6450.69397282291,6450.69397282291,0.0
1529280000,6703.81258971362,6703.81258971362,6703.81258971362,6703.81258971362,0.0
1529366400,6732.50880917592,6732.50880917592,6732.50880917592,6732.50880917592,0.0
1529452800,6753.20682583285,6753.20682583285,6753.20682583285,6753.20682583285,0.0
1529539200,6720.37323436587,6720.37323436587,6720.37323436587,6720.37323436587,0.0
1529625600,6059.5758591467,6059.5758591467,6059.5758591467,6059.5758591467,0.0
1529712000,6174.22577936879,6174.22577936879,6174.22577936879,6174.22577936879,0.0
1529798400,6146.48719491526,6146.48719491526,6146.48719491526,6146.48719491526,0.0
1529884800,6243.53544097019,6243.53544097019,6243.53544097019,6243.53544097019,0.0
1529971200,6096.12876621859,6096.12876621859,6096.12876621859,6096.12876621859,0.0
1530057600,6139.18968322618,6139.18968322618,6139.18968322618,6139.18968322618,0.0
1530144000,5858.63577819988,5858.63577819988,5858.63577819988,5858.63577819988,0.0
1530230400,6220.9137150789,6220.9137150789,6220.9137150789,6220.9137150789,0.0
1530316800,6375.5412314436,6375.5412314436,6375.5412314436,6375.5412314436,0.0
1530403200,6361.40253886616,6361.40253886616,6361.40253886616,6361.40253886616,0.0
1530489600,6608.367157218,6608.367157218,6608.367157218,6608.367157218,0.0
1530576000,6498.3078591467,6498.3078591467,6498.3078591467,6498.3078591467,0.0
1530662400,6579.33337638808,6579.33337638808,6579.33337638808,6579.33337638808,0.0
1530748800,6535.29840268849,6535.29840268849,6535.29840268849,6535.29840268849,0.0
1530835200,6598.45909585038,6598.45909585038,6598.45909585038,6598.45909585038,0.0
1530921600,6737.85608036236,6737.85608036236,6737.85608036236,6737.85608036236,0.0
1531008000,6704.91998012858,6704.91998012858,6704.91998012858,6704.91998012858,0.0
1531094400,6664.02409351257,6664.02409351257,6664.02409351257,6664.02409351257,0.0
1531180800,6309.08400409118,6309.08400409118,6309.08400409118,6309.08400409118,0.0
1531267200,6377.97651139684,6377.97651139684,6377.97651139684,6377.97651139684,0.0
1531353600,6159.46667621274,6159.46667621274,6159.46667621274,6159.46667621274,0.0
1531440000,6208.98557188779,6208.98557188779,6208.98557188779,6208.98557188779,0.0
1531526400,6255.11247866744,6255.11247866744,6255.11247866744,6255.11247866744,0.0
1531612800,6347.60427381648,6347.60427381648,6347.60427381648,6347.60427381648,0.0
1531699200,6710.80743746347,6710.80743746347,6710.80743746347,6710.80743746347,0.0
1531785600,7320.59482787843,7320.59482787843,7320.59482787843,7320.59482787843,0.0
1531872000,7376.03833927528,7376.03833927528,7376.03833927528,7376.03833927528,0.0
1531958400,7467.0342980713,7467.0342980713,7467.0342980713,7467.0342980713,0.0
1532044800,7327.25668293396,7327.25668293396,7327.25668293396,7327.25668293396,0.0
1532131200,7410.56562039743,7410.56562039743,7410.56562039743,7410.56562039743,0.0
1532217600,7399.48374693162,7399.48374693162,7399.48374693162,7399.48374693162,0.0
1532304000,7716.15862741087,7716.15862741087,7716.15862741087,7716.15862741087,0.0
1532390400,8397.61652162478,8397.61652162478,8397.61652162478,8397.61652162478,0.0
1532476800,8202.72039538282,8202.72039538282,8202.72039538282,8202.72039538282,0.0
1532563200,7913.93077819989,7913.93077819989,7913.93077819989,7913.93077819989,0.0
1532649600,8173.7746113384,8173.7746113384,8173.7746113384,8173.7746113384,0.0
1532736000,8190.36005669199,8190.36005669199,8190.36005669199,8190.36005669199,0.0
1532822400,8229.60583869083,8229.60583869083,8229.60583869083,8229.60583869083,0.0
1532908800,8171.83951928697,8171.83951928697,8171.83951928697,8171.83951928697,0.0
1532995200,7725.13303594389,7725.13303594389,7725.13303594389,7725.13303594389,0.0
1533081600,7596.6980119813,7596.6980119813,7596.6980119813,7596.6980119813,0.0
1533168000,7542.69466189363,7542.69466189363,7542.69466189363,7542.69466189363,0.0
1533254400,7411.34425014611,7411.34425014611,7411.34425014611,7411.34425014611,0.0
1533340800,7002.2086528346,7002.2086528346,7002.2086528346,7002.2086528346,0.0
1533427200,7031.58775102279,7031.58775102279,7031.58775102279,7031.58775102279,0.0
1533513600,6929.99089421391,6929.99089421391,6929.99089421391,6929.99089421391,0.0
1533600000,6722.57843278784,6722.57843278784,6722.57843278784,6722.57843278784,0.0
1533686400,6267.3886735827,6267.3886735827,6267.3886735827,6267.3886735827,0.0
1533772800,6558.09690794857,6558.09690794857,6558.09690794857,6558.09690794857,0.0
1533859200,6135.75185856224,6135.75185856224,6135.75185856224,6135.75185856224,0.0
1533945600,6313.74931180596,6313.74931180596,6313.74931180596,6313.74931180596,0.0
1534032000,6314.69165575687,6314.69165575687,6314.69165575687,6314.69165575687,0.0
1534118400,6265.84804383402,6265.84804383402,6265.84804383402,6265.84804383402,0.0
1534204800,6184.82908562244,6184.82908562244,6184.82908562244,6184.82908562244,0.0
1534291200,6270.21479865576,6270.21479865576,6270.21479865576,6270.21479865576,0.0
1534377600,6290.7504552893,6290.7504552893,6290.7504552893,6290.7504552893,0.0
1534464000,6563.07828872005,6563.07828872005,6563.07828872005,6563.07828872005,0.0
1534550400,6399.28744681473,6399.28744681473,6399.28744681473,6399.28744681473,0.0
1534636800,6490.71612711865,6490.71612711865,6490.71612711865,6490.71612711865,0.0
1534723200,6272.95272881356,6272.95272881356,6272.95272881356,6272.95272881356,0.0
1534809600,6473.07603945061,6473.07603945061,6473.07603945061,6473.07603945061,0.0
1534896000,6365.00983167738,6365.00983167738,6365.00983167738,6365.00983167738,0.0
1534982400,6516.40902542373,6516.40902542373,6516.40902542373,6516.40902542373,0.0
1535068800,6697.73187872589,6697.73187872589,6697.73187872589,6697.73187872589,0.0
1535155200,6745.43893921683,6745.43893921683,6745.43893921683,6745.43893921683,0.0
1535241600,6689.86933313852,6689.86933313852,6689.86933313852,6689.86933313852,0.0
1535328000,6839.15895236704,6839.15895236704,6839.15895236704,6839.15895236704,0.0
1535414400,7092.97380829924,7092.97380829924,7092.97380829924,7092.97380829924,0.0
1535500800,7033.42806808884,7033.42806808884,7033.42806808884,7033.42806808884,0.0
1535587200,6966.96374371713,6966.96374371713,6966.96374371713,6966.96374371713,0.0
1535673600,7025.14078024547,7025.14078024547,7025.14078024547,7025.14078024547,0.0
1535760000,7192.35254734074,7192.35254734074,7192.35254734074,7192.35254734074,0.0
1535846400,7286.66779105786,7286.66779105786,7286.66779105786,7286.66779105786,0.0
1535932800,7257.47021391,7257.47021391,7257.47021391,7257.47021391,0.0
1536019200,7358.81147895967,7358.81147895967,7358.81147895967,7358.81147895967,0.0
1536105600,6790.89732846289,6790.89732846289,6790.89732846289,6790.89732846289,0.0
1536192000,6488.07593687902,6488.07593687902,6488.07593687902,6488.07593687902,0.0
1536278400,6408.65362244301,6408.65362244301,6408.65362244301,6408.65362244301,0.0
1536364800,6187.79050233781,6187.79050233781,6187.79050233781,6187.79050233781,0.0
1536451200,6249.24631034483,6249.24631034483,6249.24631034483,6249.24631034483,0.0
1536537600,6295.3886025716,6295.3886025716,6295.3886025716,6295.3886025716,0.0
1536624000,6278.42463968439,6278.42463968439,6278.42463968439,6278.42463968439,0.0
1536710400,6327.53636323787,6327.53636323787,6327.53636323787,6327.53636323787,0.0
1536796800,6490.91231648159,6490.91231648159,6490.91231648159,6490.91231648159,0.0
1536883200,6494.69547895967,6494.69547895967,6494.69547895967,6494.69547895967,0.0
1536969600,6524.16566744594,6524.16566744594,6524.16566744594,6524.16566744594,0.0
1537056000,6497.40470134424,6497.40470134424,6497.40470134424,6497.40470134424,0.0
1537142400,6258.59487492694,6258.59487492694,6258.59487492694,6258.59487492694,0.0
1537228800,6340.34779018118,6340.34779018118,6340.34779018118,6340.34779018118,0.0
1537315200,6383.95187580362,6383.95187580362,6383.95187580362,6383.95187580362,0.0
1537401600,6498.60711104617,6498.60711104617,6498.60711104617,6498.60711104617,0.0
1537488000,6741.14289888954,6741.14289888954,6741.14289888954,6741.14289888954,0.0
1537574400,6705.47605113969,6705.47605113969,6705.47605113969,6705.47605113969,0.0
1537660800,6703.13684950321,6703.13684950321,6703.13684950321,6703.13684950321,0.0
1537747200,6576.5450032145,6576.5450032145,6576.5450032145,6576.5450032145,0.0
1537833600,6416.44402162478,6416.44402162478,6416.44402162478,6416.44402162478,0.0
1537920000,6463.25040356517,6463.25040356517,6463.25040356517,6463.25040356517,0.0
1538006400,6677.90048860316,6677.90048860316,6677.90048860316,6677.90048860316,0.0
1538092800,6623.12615984804,6623.12615984804,6623.12615984804,6623.12615984804,0.0
1538179200,6584.49914757452,6584.49914757452,6584.49914757452,6584.49914757452,0.0
1538265600,6604.485028346,6604.485028346,6604.485028346,6604.485028346,0.0
1538352000,6561.81383226184,6561.81383226184,6561.81383226184,6561.81383226184,0.0
1538438400,6508.72093863238,6508.72093863238,6508.72093863238,6508.72093863238,0.0
1538524800,6464.45684365868,6464.45684365868,6464.45684365868,6464.45684365868,0.0
1538611200,6545.28566773816,6545.28566773816,6545.28566773816,6545.28566773816,0.0
1538697600,6585.14957977791,6585.14957977791,6585.14957977791,6585.14957977791,0.0
1538784000,6550.47831589714,6550.47831589714,6550.47831589714,6550.47831589714,0.0
1538870400,6564.56826008182,6564.56826008182,6564.56826008182,6564.56826008182,0.0
1538956800,6604.68527410871,6604.68527410871,6604.68527410871,6604.68527410871,0.0
1539043200,6590.42862215079,6590.42862215079,6590.42862215079,6590.42862215079,0.0
1539129600,6529.10243600234,6529.10243600234,6529.10243600234,6529.10243600234,0.0
1539216000,6159.25164260666,6159.25164260666,6159.25164260666,6159.25164260666,0.0
1539302400,6191.67722326125,6191.67722326125,6191.67722326125,6191.67722326125,0.0
1539388800,6197.68569637639,6197.68569637639,6197.68569637639,6197.68569637639,0.0
1539475200,6182.87934424313,6182.87934424313,6182.87934424313,6182.87934424313,0.0
1539561600,6442.71541408533,6442.71541408533,6442.71541408533,6442.71541408533,0.0
1539648000,6461.93715926359,6461.93715926359,6461.93715926359,6461.93715926359,0.0
1539734400,6442.73070017534,6442.73070017534,6442.73070017534,6442.73070017534,0.0
1539820800,6396.47981209819,6396.47981209819,6396.47981209819,6396.47981209819,0.0
1539907200,6383.07784015196,6383.07784015196,6383.07784015196,6383.07784015196,0.0
1539993600,6408.25274634717,6408.25274634717,6408.25274634717,6408.25274634717,0.0
1540080000,6415.34050292227,6415.34050292227,6415.34050292227,6415.34050292227,0.0
1540166400,6408.03363559322,6408.03363559322,6408.03363559322,6408.03363559322,0.0
1540252800,6395.98766686149,6395.98766686149,6395.98766686149,6395.98766686149,0.0
1540339200,6413.80364114553,6413.80364114553,6413.80364114553,6413.80364114553,0.0
1540425600,6402.3248591467,6402.3248591467,6402.3248591467,6402.3248591467,0.0
1540512000,6404.10855230859,6404.10855230859,6404.10855230859,6404.10855230859,0.0
1540598400,6409.40532758621,6409.40532758621,6409.40532758621,6409.40532758621,0.0
1540684800,6406.63325306838,6406.63325306838,6406.63325306838,6406.63325306838,0.0
1540771200,6263.0417346581,6263.0417346581,6263.0417346581,6263.0417346581,0.0
1540857600,6272.16772822911,6272.16772822911,6272.16772822911,6272.16772822911,0.0
1540944000,6306.31693132671,6306.31693132671,6306.31693132671,6306.31693132671,0.0
1541030400,6342.97750058445,6342.97750058445,6342.97750058445,6342.97750058445,0.0
1541116800,6348.16858270018,6348.16858270018,6348.16858270018,6348.16858270018,0.0
1541203200,6332.43413296318,6332.43413296318,6332.43413296318,6332.43413296318,0.0
1541289600,6420.42200029223,6420.42200029223,6420.42200029223,6420.42200029223,0.0
1541376000,6402.94683898305,6402.94683898305,6402.94683898305,6402.94683898305,0.0
1541462400,6441.14521887785,6441.14521887785,6441.14521887785,6441.14521887785,0.0
1541548800,6500.86980508475,6500.86980508475,6500.86980508475,6500.86980508475,0.0
1541635200,6406.75293746347,6406.75293746347,6406.75293746347,6406.75293746347,0.0
1541721600,6331.37876709527,6331.37876709527,6331.37876709527,6331.37876709527,0.0
1541808000,6353.11273407364,6353.11273407364,6353.11273407364,6353.11273407364,0.0
1541894400,6335.41420397428,6335.41420397428,6335.41420397428,6335.41420397428,0.0
1541980800,6320.65605376972,6320.65605376972,6320.65605376972,6320.65605376972,0.0
1542067200,6267.9379912332,6267.9379912332,6267.9379912332,6267.9379912332,0.0
1542153600,5574.25834891876,5574.25834891876,5574.25834891876,5574.25834891876,0.0
1542240000,5538.56060783168,5538.56060783168,5538.56060783168,5538.56060783168,0.0
1542326400,5496.01623115137,5496.01623115137,5496.01623115137,5496.01623115137,0.0
1542412800,5501.09234044418,5501.09234044418,5501.09234044418,5501.09234044418,0.0
1542499200,5555.3763383986,5555.3763383986,5555.3763383986,5555.3763383986,0.0
1542585600,4792.20002367037,4792.20002367037,4792.20002367037,4792.20002367037,0.0
1542672000,4317.53067007598,4317.53067007598,4317.53067007598,4317.53067007598,0.0
1542758400,4549.32200993571,4549.32200993571,4549.32200993571,4549.32200993571,0.0
1542844800,4303.61554850964,4303.61554850964,4303.61554850964,4303.61554850964,0.0
1542931200,4289.89285330216,4289.89285330216,4289.89285330216,4289.89285330216,0.0
1543017600,3806.31692489772,3806.31692489772,3806.31692489772,3806.31692489772,0.0
1543104000,3946.85087434249,3946.85087434249,3946.85087434249,3946.85087434249,0.0
1543190400,3700.28599269433,3700.28599269433,3700.28599269433,3700.28599269433,0.0
1543276800,3776.55590531853,3776.55590531853,3776.55590531853,3776.55590531853,0.0
1543363200,4208.47526914085,4208.47526914085,4208.47526914085,4208.47526914085,0.0
1543449600,4239.03948831093,4239.03948831093,4239.03948831093,4239.03948831093,0.0
1543536000,3973.33405230859,3973.33405230859,3973.33405230859,3973.33405230859,0.0
1543622400,4148.07372559906,4148.07372559906,4148.07372559906,4148.07372559906,0.0
1543708800,4098.74676388077,4098.74676388077,4098.74676388077,4098.74676388077,0.0
1543795200,3843.9766659848,3843.9766659848,3843.9766659848,3843.9766659848,0.0
1543881600,3892.95164699006,3892.95164699006,3892.95164699006,3892.95164699006,0.0
1543968000,3709.52085827002,3709.52085827002,3709.52085827002,3709.52085827002,0.0
1544054400,3511.96898158971,3511.96898158971,3511.96898158971,3511.96898158971,0.0
1544140800,3372.99569257744,3372.99569257744,3372.99569257744,3372.99569257744,0.0
1544227200,3407.95119462303,3407.95119462303,3407.95119462303,3407.95119462303,0.0
1544313600,3540.43957597896,3540.43957597896,3540.43957597896,3540.43957597896,0.0
1544400000,3413.59258416131,3413.59258416131,3413.59258416131,3413.59258416131,0.0
1544486400,3352.56420017534,3352.56420017534,3352.56420017534,3352.56420017534,0.0
1544572800,3423.01291788428,3423.01291788428,3423.01291788428,3423.01291788428,0.0
1544659200,3260.34158240795,3260.34158240795,3260.34158240795,3260.34158240795,0.0
1544745600,3198.94747369959,3198.94747369959,3198.94747369959,3198.94747369959,0.0
1544832000,3185.07404383402,3185.07404383402,3185.07404383402,3185.07404383402,0.0
1544918400,3195.41455523086,3195.41455523086,3195.41455523086,3195.41455523086,0.0
1545004800,3499.15648188194,3499.15648188194,3499.15648188194,3499.15648188194,0.0
1545091200,3659.52737931035,3659.52737931035,3659.52737931035,3659.52737931035,0.0
1545177600,3697.72530333139,3697.72530333139,3697.72530333139,3697.72530333139,0.0
1545264000,4067.73770777323,4067.73770777323,4067.73770777323,4067.73770777323,0.0
1545350400,3839.08510841613,3839.08510841613,3839.08510841613,3839.08510841613,0.0
1545436800,3964.94611630625,3964.94611630625,3964.94611630625,3964.94611630625,0.0
1545523200,3942.66699590883,3942.66699590883,3942.66699590883,3942.66699590883,0.0
1545609600,4040.04578959673,4040.04578959673,4040.04578959673,4040.04578959673,0.0
1545696000,3761.58401081239,3761.58401081239,3761.58401081239,3761.58401081239,0.0
1545782400,3807.65745353594,3807.65745353594,3807.65745353594,3807.65745353594,0.0
1545868800,3585.46053594389,3585.46053594389,3585.46053594389,3585.46053594389,0.0
1545955200,3881.05488486265,3881.05488486265,3881.05488486265,3881.05488486265,0.0
1546041600,3823.13832612507,3823.13832612507,3823.13832612507,3823.13832612507,0.0
1546128000,3825.4074628872,3825.4074628872,3825.4074628872,3825.4074628872,0.0
1546214400,3687.19994009351,3687.19994009351,3687.19994009351,3687.19994009351,0.0
1546300800,3808.11783167738,3808.11783167738,3808.11783167738,3808.11783167738,0.0
1546387200,3898.1974880187,3898.1974880187,3898.1974880187,3898.1974880187,0.0
1546473600,3784.38863471654,3784.38863471654,3784.38863471654,3784.38863471654,0.0
1546560000,3827.52459438925,3827.52459438925,3827.52459438925,3827.52459438925,0.0
1546646400,3798.61395499708,3798.61395499708,3798.61395499708,3798.61395499708,0.0
1546732800,4045.99377498539,4045.99377498539,4045.99377498539,4045.99377498539,0.0
1546819200,4001.01827819988,4001.01827819988,4001.01827819988,4001.01827819988,0.0
1546905600,3992.6227893045,3992.6227893045,3992.6227893045,3992.6227893045,0.0
1546992000,4004.25903565167,4004.25903565167,4004.25903565167,4004.25903565167,0.0
1547078400,3627.90345002922,3627.90345002922,3627.90345002922,3627.90345002922,0.0
1547164800,3624.16142109877,3624.16142109877,3624.16142109877,3624.16142109877,0.0
1547251200,3617.02207831677,3617.02207831677,3617.02207831677,3617.02207831677,0.0
1547337600,3508.6701081239,3508.6701081239,3508.6701081239,3508.6701081239,0.0
1547424000,3666.94519374635,3666.94519374635,3666.94519374635,3666.94519374635,0.0
1547510400,3581.29301548802,3581.29301548802,3581.29301548802,3581.29301548802,0.0
1547596800,3606.98657568673,3606.98657568673,3606.98657568673,3606.98657568673,0.0
1547683200,3640.12913062536,3640.12913062536,3640.12913062536,3640.12913062536,0.0
1547769600,3609.42673611923,3609.42673611923,3609.42673611923,3609.42673611923,0.0
1547856000,3687.30196113384,3687.30196113384,3687.30196113384,3687.30196113384,0.0
1547942400,3538.31372296903,3538.31372296903,3538.31372296903,3538.31372296903,0.0
1548028800,3535.623393045,3535.623393045,3535.623393045,3535.623393045,0.0
1548115200,3577.30834979544,3577.30834979544,3577.30834979544,3577.30834979544,0.0
1548201600,3551.89382115722,3551.89382115722,3551.89382115722,3551.89382115722,0.0
1548288000,3567.58893366452,3567.58893366452,3567.58893366452,3567.58893366452,0.0
1548374400,3561.35049795441,3561.35049795441,3561.35049795441,3561.35049795441,0.0
1548460800,3557.03991525424,3557.03991525424,3557.03991525424,3557.03991525424,0.0
1548547200,3537.61413062536,3537.61413062536,3537.61413062536,3537.61413062536,0.0
1548633600,3435.05251402689,3435.05251402689,3435.05251402689,3435.05251402689,0.0
1548720000,3395.82376329632,3395.82376329632,3395.82376329632,3395.82376329632,0.0
1548806400,3437.89586616014,3437.89586616014,3437.89586616014,3437.89586616014,0.0
1548892800,3410.13161601403,3410.13161601403,3410.13161601403,3410.13161601403,0.0
1548979200,3445.04989129164,3445.04989129164,3445.04989129164,3445.04989129164,0.0
1549065600,3461.93511747516,3461.93511747516,3461.93511747516,3461.93511747516,0.0
1549152000,3413.02161630625,3413.02161630625,3413.02161630625,3413.02161630625,0.0
1549238400,3411.38796171829,3411.38796171829,3411.38796171829,3411.38796171829,0.0
1549324800,3426.46501139684,3426.46501139684,3426.46501139684,3426.46501139684,0.0
1549411200,3367.50636499123,3367.50636499123,3367.50636499123,3367.50636499123,0.0
1549497600,3358.87359906487,3358.87359906487,3358.87359906487,3358.87359906487,0.0
1549584000,3612.47961922852,3612.47961922852,3612.47961922852,3612.47961922852,0.0
1549670400,3621.26812098188,3621.26812098188,3621.26812098188,3621.26812098188,0.0
1549756800,3642.0223591467,3642.0223591467,3642.0223591467,3642.0223591467,0.0
1549843200,3590.6184836353,3590.6184836353,3590.6184836353,3590.6184836353,0.0
1549929600,3587.90246580947,3587.90246580947,3587.90246580947,3587.90246580947,0.0
1550016000,3576.08537258913,3576.08537258913,3576.08537258913,3576.08537258913,0.0
1550102400,3561.91638340152,3561.91638340152,3561.91638340152,3561.91638340152,0.0
1550188800,3565.00692372881,3565.00692372881,3565.00692372881,3565.00692372881,0.0
1550275200,3584.73600263004,3584.73600263004,3584.73600263004,3584.73600263004,0.0
1550361600,3622.7574289889,3622.7574289889,3622.7574289889,3622.7574289889,0.0
1550448000,3866.12921712449,3866.12921712449,3866.12921712449,3866.12921712449,0.0
1550534400,3895.43521098773,3895.43521098773,3895.43521098773,3895.43521098773,0.0
1550620800,3931.61382904734,3931.61382904734,3931.61382904734,3931.61382904734,0.0
1550707200,3892.26179427236,3892.26179427236,3892.26179427236,3892.26179427236,0.0
1550793600,3948.30051052016,3948.30051052016,3948.30051052016,3948.30051052016,0.0
1550880000,4110.15112127411,4110.15112127411,4110.15112127411,4110.15112127411,0.0
1550966400,3754.18378988895,3754.18378988895,3754.18378988895,3754.18378988895,0.0
1551052800,3822.01869666861,3822.01869666861,3822.01869666861,3822.01869666861,0.0
1551139200,3796.17506838106,3796.17506838106,3796.17506838106,3796.17506838106,0.0
1551225600,3799.3819924021,3799.3819924021,3799.3819924021,3799.3819924021,0.0
1551312000,3792.94772296902,3792.94772296902,3792.94772296902,3792.94772296902,0.0
1551398400,3810.63269257744,3810.63269257744,3810.63269257744,3810.63269257744,0.0
1551484800,3809.64339099942,3809.64339099942,3809.64339099942,3809.64339099942,0.0
1551571200,3782.38187025132,3782.38187025132,3782.38187025132,3782.38187025132,0.0
1551657600,3698.16185505552,3698.16185505552,3698.16185505552,3698.16185505552,0.0
1551744000,3840.1280490941,3840.1280490941,3840.1280490941,3840.1280490941,0.0
1551830400,3851.99842548218,3851.99842548218,3851.99842548218,3851.99842548218,0.0
1551916800,3855.92316832262,3855.92316832262,3855.92316832262,3855.92316832262,0.0
1552003200,3839.23355289304,3839.23355289304,3839.23355289304,3839.23355289304,0.0
1552089600,3910.36116656926,3910.36116656926,3910.36116656926,3910.36116656926,0.0
1552176000,3903.9119509059,3903.9119509059,3903.9119509059,3903.9119509059,0.0
1552262400,3851.56892168323,3851.56892168323,3851.56892168323,3851.56892168323,0.0
1552348800,3858.91482378726,3858.91482378726,3858.91482378726,3858.91482378726,0.0
1552435200,3851.95746639392,3851.95746639392,3851.95746639392,3851.95746639392,0.0
1552521600,3853.78326504968,3853.78326504968,3853.78326504968,3853.78326504968,0.0
1552608000,3901.91420689655,3901.91420689655,3901.91420689655,3901.91420689655,0.0
1552694400,3989.79607685564,3989.79607685564,3989.79607685564,3989.79607685564,0.0
1552780800,3967.14349444769,3967.14349444769,3967.14349444769,3967.14349444769,0.0
1552867200,3969.44014582116,3969.44014582116,3969.44014582116,3969.44014582116,0.0
1552953600,3996.16790356517,3996.16790356517,3996.16790356517,3996.16790356517,0.0
1553040000,4030.65527586207,4030.65527586207,4030.65527586207,4030.65527586207,0.0
1553126400,3976.27385008767,3976.27385008767,3976.27385008767,3976.27385008767,0.0
1553212800,3983.88764582116,3983.88764582116,3983.88764582116,3983.88764582116,0.0
1553299200,3981.77603302163,3981.77603302163,3981.77603302163,3981.77603302163,0.0
1553385600,3970.6669880187,3970.6669880187,3970.6669880187,3970.6669880187,0.0
1553472000,3908.23883869082,3908.23883869082,3908.23883869082,3908.23883869082,0.0
1553558400,3917.76340210403,3917.76340210403,3917.76340210403,3917.76340210403,0.0
1553644800,4027.00791788428,4027.00791788428,4027.00791788428,4027.00791788428,0.0
1553731200,4010.93746201052,4010.93746201052,4010.93746201052,4010.93746201052,0.0
1553817600,4089.46104003507,4089.46104003507,4089.46104003507,4089.46104003507,0.0
1553904000,4091.89103834015,4091.89103834015,4091.89103834015,4091.89103834015,0.0
1553990400,4094.31781472823,4094.31781472823,4094.31781472823,4094.31781472823,0.0
1554076800,4138.41780771479,4138.41780771479,4138.41780771479,4138.41780771479,0.0
1554163200,4903.71946206897,4903.71946206897,4903.71946206897,4903.71946206897,0.0
1554249600,4960.22760274693,4960.22760274693,4960.22760274693,4960.22760274693,0.0
1554336000,4911.26970245471,4911.26970245471,4911.26970245471,4911.26970245471,0.0
1554422400,5033.22548369375,5033.22548369375,5033.22548369375,5033.22548369375,0.0
1554508800,5044.35684593805,5044.35684593805,5044.35684593805,5044.35684593805,0.0
1554595200,5189.11195558153,5189.11195558153,5189.11195558153,5189.11195558153,0.0
1554681600,5283.42302483928,5283.42302483928,5283.42302483928,5283.42302483928,0.0
1554768000,5195.57790882525,5195.57790882525,5195.57790882525,5195.57790882525,0.0
1554854400,5311.74160327294,5311.74160327294,5311.74160327294,5311.74160327294,0.0
1554940800,5050.66600859147,5050.66600859147,5050.66600859147,5050.66600859147,0.0
1555027200,5082.86143202805,5082.86143202805,5082.86143202805,5082.86143202805,0.0
1555113600,5074.79069257744,5074.79069257744,5074.79069257744,5074.79069257744,0.0
1555200000,5156.80404061952,5156.80404061952,5156.80404061952,5156.80404061952,0.0
1555286400,5042.89773845704,5042.89773845704,5042.89773845704,5042.89773845704,0.0
1555372800,5205.96295745178,5205.96295745178,5205.96295745178,5205.96295745178,0.0
1555459200,5226.35221519579,5226.35221519579,5226.35221519579,5226.35221519579,0.0
1555545600,5278.5023395675,5278.5023395675,5278.5023395675,5278.5023395675,0.0
1555632000,5289.95121911163,5289.95121911163,5289.95121911163,5289.95121911163,0.0
1555718400,5313.97326212741,5313.97326212741,5313.97326212741,5313.97326212741,0.0
1555804800,5295.73382817066,5295.73382817066,5295.73382817066,5295.73382817066,0.0
1555891200,5383.79997533606,5383.79997533606,5383.79997533606,5383.79997533606,0.0
1555977600,5544.86271186441,5544.86271186441,5544.86271186441,5544.86271186441,0.0
1556064000,5431.94791963764,5431.94791963764,5431.94791963764,5431.94791963764,0.0
1556150400,5127.67316738749,5127.67316738749,5127.67316738749,5127.67316738749,0.0
1556236800,5150.16466066628,5150.16466066628,5150.16466066628,5150.16466066628,0.0
1556323200,5181.80776364699,5181.80776364699,5181.80776364699,5181.80776364699,0.0
1556409600,5148.66961542957,5148.66961542957,5148.66961542957,5148.66961542957,0.0
1556496000,5148.80049327878,5148.80049327878,5148.80049327878,5148.80049327878,0.0
1556582400,5266.61820251315,5266.61820251315,5266.61820251315,5266.61820251315,0.0
1556668800,5315.17532904734,5315.17532904734,5315.17532904734,5315.17532904734,0.0
1556755200,5393.12937638808,5393.12937638808,5393.12937638808,5393.12937638808,0.0
1556841600,5658.43038836938,5658.43038836938,5658.43038836938,5658.43038836938,0.0
1556928000,5774.71242869667,5774.71242869667,5774.71242869667,5774.71242869667,0.0
1557014400,5728.35170222092,5728.35170222092,5728.35170222092,5728.35170222092,0.0
1557100800,5691.68837405026,5691.68837405026,5691.68837405026,5691.68837405026,0.0
1557187200,5825.744893045,5825.744893045,5825.744893045,5825.744893045,0.0
1557273600,5931.8005949737,5931.8005949737,5931.8005949737,5931.8005949737,0.0
1557360000,6150.14044476914,6150.14044476914,6150.14044476914,6150.14044476914,0.0
1557446400,6357.46349357101,6357.46349357101,6357.46349357101,6357.46349357101,0.0
1557532800,7325.08286031561,7325.08286031561,7325.08286031561,7325.08286031561,0.0
1557619200,6942.62317451783,6942.62317451783,6942.62317451783,6942.62317451783,0.0
1557705600,7798.90573600234,7798.90573600234,7798.90573600234,7798.90573600234,0.0
1557792000,7955.5576823495,7955.5576823495,7955.5576823495,7955.5576823495,0.0
1557878400,8215.2068383986,8215.2068383986,8215.2068383986,8215.2068383986,0.0
1557964800,7862.07160233782,7862.07160233782,7862.07160233782,7862.07160233782,0.0
1558051200,7326.92068188194,7326.92068188194,7326.92068188194,7326.92068188194,0.0
1558137600,7277.98756341321,7277.98756341321,7277.98756341321,7277.98756341321,0.0
1558224000,8219.74278696669,8219.74278696669,8219.74278696669,8219.74278696669,0.0
1558310400,7981.13937895967,7981.13937895967,7981.13937895967,7981.13937895967,0.0
1558396800,7983.80847738165,7983.80847738165,7983.80847738165,7983.80847738165,0.0
1558483200,7667.90211484512,7667.90211484512,7667.90211484512,7667.90211484512,0.0
1558569600,7897.4712936879,7897.4712936879,7897.4712936879,7897.4712936879,0.0
1558656000,7987.10036762127,7987.10036762127,7987.10036762127,7987.10036762127,0.0
1558742400,8061.59176072472,8061.59176072472,8061.59176072472,8061.59176072472,0.0
1558828800,8731.52495587376,8731.52495587376,8731.52495587376,8731.52495587376,0.0
1558915200,8816.78670835769,8816.78670835769,8816.78670835769,8816.78670835769,0.0
1559001600,8719.12584833431,8719.12584833431,8719.12584833431,8719.12584833431,0.0
1559088000,8655.48850613676,8655.48850613676,8655.48850613676,8655.48850613676,0.0
1559174400,8271.62196317942,8271.62196317942,8271.62196317942,8271.62196317942,0.0
1559260800,8556.222185564,8556.222185564,8556.222185564,8556.222185564,0.0
1559347200,8554.80732963179,8554.80732963179,8554.80732963179,8554.80732963179,0.0
1559433600,8744.35374547049,8744.35374547049,8744.35374547049,8744.35374547049,0.0
1559520000,8173.40127054354,8173.40127054354,8173.40127054354,8173.40127054354,0.0
1559606400,7649.93933196961,7649.93933196961,7649.93933196961,7649.93933196961,0.0
1559692800,7798.54446639392,7798.54446639392,7798.54446639392,7798.54446639392,0.0
1559779200,7776.71332612507,7776.71332612507,7776.71332612507,7776.71332612507,0.0
1559865600,8023.950093045,8023.950093045,8023.950093045,8023.950093045,0.0
1559952000,7939.80515488019,7939.80515488019,7939.80515488019,7939.80515488019,0.0
1560038400,7634.06575073057,7634.06575073057,7634.06575073057,7634.06575073057,0.0
1560124800,7993.30253857393,7993.30253857393,7993.30253857393,7993.30253857393,0.0
1560211200,7922.48362711864,7922.48362711864,7922.48362711864,7922.48362711864,0.0
1560297600,8146.75612507306,8146.75612507306,8146.75612507306,8146.75612507306,0.0
1560384000,8232.77734137931,8232.77734137931,8232.77734137931,8232.77734137931,0.0
1560470400,8698.00481502046,8698.00481502046,8698.00481502046,8698.00481502046,0.0
1560556800,8850.58481601403,8850.58481601403,8850.58481601403,8850.58481601403,0.0
1560643200,9019.51700672121,9019.51700672121,9019.51700672121,9019.51700672121,0.0
1560729600,9340.57218877849,9340.57218877849,9340.57218877849,9340.57218877849,0.0
1560816000,9047.13274447691,9047.13274447691,9047.13274447691,9047.13274447691,0.0
1560902400,9285.05567656341,9285.05567656341,9285.05567656341,9285.05567656341,0.0
1560988800,9546.71977819988,9546.71977819988,9546.71977819988,9546.71977819988,0.0
1561075200,10083.4863136762,10083.4863136762,10083.4863136762,10083.4863136762,0.0
1561161600,10685.2952327878,10685.2952327878,10685.2952327878,10685.2952327878,0.0
1561248000,10794.4276963764,10794.4276963764,10794.4276963764,10794.4276963764,0.0
1561334400,11004.2069094681,11004.2069094681,11004.2069094681,11004.2069094681,0.0
1561420800,11726.2638308007,11726.2638308007,11726.2638308007,11726.2638308007,0.0
1561507200,12863.4606849795,12863.4606849795,12863.4606849795,12863.4606849795,0.0
1561593600,11109.7978418469,11109.7978418469,11109.7978418469,11109.7978418469,0.0
1561680000,12358.2079582116,12358.2079582116,12358.2079582116,12358.2079582116,0.0
1561766400,11944.3515473407,11944.3515473407,11944.3515473407,11944.3515473407,0.0
1561852800,10842.6167109877,10842.6167109877,10842.6167109877,10842.6167109877,0.0
1561939200,10569.5517282291,10569.5517282291,10569.5517282291,10569.5517282291,0.0
1562025600,10766.0833162186,10766.0833162186,10766.0833162186,10766.0833162186,0.0
1562112000,11952.0248935126,11952.0248935126,11952.0248935126,11952.0248935126,0.0
1562198400,11177.0103787551,11177.0103787551,11177.0103787551,11177.0103787551,0.0
1562284800,10998.3991004676,10998.3991004676,10998.3991004676,10998.3991004676,0.0
1562371200,11208.225600526,11208.225600526,11208.225600526,11208.225600526,0.0
1562457600,11456.1836039158,11456.1836039158,11456.1836039158,11456.1836039158,0.0
1562544000,12319.6228758036,12319.6228758036,12319.6228758036,12319.6228758036,0.0
1562630400,12579.107616014,12579.107616014,12579.107616014,12579.107616014,0.0
1562716800,12106.7829313267,12106.7829313267,12106.7829313267,12106.7829313267,0.0
1562803200,11294.678028346,11294.678028346,11294.678028346,11294.678028346,0.0
1562889600,11813.3237158971,11813.3237158971,11813.3237158971,11813.3237158971,0.0
1562976000,11346.837148159,11346.837148159,11346.837148159,11346.837148159,0.0
1563062400,10283.0757891292,10283.0757891292,10283.0757891292,10283.0757891292,0.0
1563148800,10926.3802741087,10926.3802741087,10926.3802741087,10926.3802741087,0.0
1563235200,9471.14086475745,9471.14086475745,9471.14086475745,9471.14086475745,0.0
1563321600,9674.88246113384,9674.88246113384,9674.88246113384,9674.88246113384,0.0
1563408000,10679.8906896552,10679.8906896552,10679.8906896552,10679.8906896552,0.0
1563494400,10532.2027291058,10532.2027291058,10532.2027291058,10532.2027291058,0.0
1563580800,10862.6485479252,10862.6485479252,10862.6485479252,10862.6485479252,0.0
1563667200,10589.7064907656,10589.7064907656,10589.7064907656,10589.7064907656,0.0
1563753600,10318.5609251899,10318.5609251899,10318.5609251899,10318.5609251899,0.0
1563840000,9866.64894038574,9866.64894038574,9866.64894038574,9866.64894038574,0.0
1563926400,9792.78753652835,9792.78753652835,9792.78753652835,9792.78753652835,0.0
1564012800,9897.18678603156,9897.18678603156,9897.18678603156,9897.18678603156,0.0
1564099200,9836.69678813559,9836.69678813559,9836.69678813559,9836.69678813559,0.0
1564185600,9446.67205207481,9446.67205207481,9446.67205207481,9446.67205207481,0.0
1564272000,9529.78879193454,9529.78879193454,9529.78879193454,9529.78879193454,0.0
1564358400,9504.15891595558,9504.15891595558,9504.15891595558,9504.15891595558,0.0
1564444800,9589.10920601987,9589.10920601987,9589.10920601987,9589.10920601987,0.0
1564531200,10059.0040189947,10059.0040189947,10059.0040189947,10059.0040189947,0.0
1564617600,10400.3070143776,10400.3070143776,10400.3070143776,10400.3070143776,0.0
1564704000,10529.6944544126,10529.6944544126,10529.6944544126,10529.6944544126,0.0
1564790400,10810.4216686148,10810.4216686148,10810.4216686148,10810.4216686148,0.0
1564876800,10986.5089291058,10986.5089291058,10986.5089291058,10986.5089291058,0.0
1564963200,11790.0239375804,11790.0239375804,11790.0239375804,11790.0239375804,0.0
1565049600,11423.4970017534,11423.4970017534,11423.4970017534,11423.4970017534,0.0
1565136000,11967.2735473407,11967.2735473407,11967.2735473407,11967.2735473407,0.0
1565222400,11938.2346108708,11938.2346108708,11938.2346108708,11938.2346108708,0.0
1565308800,11858.3410984804,11858.3410984804,11858.3410984804,11858.3410984804,0.0
1565395200,11303.7305618936,11303.7305618936,11303.7305618936,11303.7305618936,0.0
1565481600,11530.195242256,11530.195242256,11530.195242256,11530.195242256,0.0
1565568000,11384.6962465809,11384.6962465809,11384.6962465809,11384.6962465809,0.0
1565654400,10867.05475827,10867.05475827,10867.05475827,10867.05475827,0.0
1565740800,10024.3795917008,10024.3795917008,10024.3795917008,10024.3795917008,0.0
1565827200,10310.0858696669,10310.0858696669,10310.0858696669,10310.0858696669,0.0
1565913600,10373.3219028054,10373.3219028054,10373.3219028054,10373.3219028054,0.0
1566000000,10207.1555616598,10207.1555616598,10207.1555616598,10207.1555616598,0.0
1566086400,10331.3099760374,10331.3099760374,10331.3099760374,10331.3099760374,0.0
1566172800,10884.6297744009,10884.6297744009,10884.6297744009,10884.6297744009,0.0
1566259200,10771.3923793688,10771.3923793688,10771.3923793688,10771.3923793688,0.0
1566345600,10096.8302238457,10096.8302238457,10096.8302238457,10096.8302238457,0.0
1566432000,10119.7145248393,10119.7145248393,10119.7145248393,10119.7145248393,0.0
1566518400,10414.1441725891,10414.1441725891,10414.1441725891,10414.1441725891,0.0
1566604800,10147.0871548802,10147.0871548802,10147.0871548802,10147.0871548802,0.0
1566691200,10100.3567783752,10100.3567783752,10100.3567783752,10100.3567783752,0.0
1566777600,10362.6434723553,10362.6434723553,10362.6434723553,10362.6434723553,0.0
1566864000,10168.221571654,10168.221571654,10168.221571654,10168.221571654,0.0
1566950400,9724.79997808299,9724.79997808299,9724.79997808299,9724.79997808299,0.0
1567036800,9482.31173495032,9482.31173495032,9482.31173495032,9482.31173495032,0.0
1567123200,9577.67882349503,9577.67882349503,9577.67882349503,9577.67882349503,0.0
1567209600,9605.02446142607,9605.02446142607,9605.02446142607,9605.02446142607,0.0
1567296000,9762.93655689655,9762.93655689655,9762.93655689655,9762.93655689655,0.0
1567382400,10377.3383845704,10377.3383845704,10377.3383845704,10377.3383845704,0.0
1567468800,10618.7815058445,10618.7815058445,10618.7815058445,10618.7815058445,0.0
1567555200,10577.2410839275,10577.2410839275,10577.2410839275,10577.2410839275,0.0
1567641600,10580.1846995909,10580.1846995909,10580.1846995909,10580.1846995909,0.0
1567728000,10330.8497312098,10330.8497312098,10330.8497312098,10330.8497312098,0.0
1567814400,10494.5069649328,10494.5069649328,10494.5069649328,10494.5069649328,0.0
1567900800,10407.2656573933,10407.2656573933,10407.2656573933,10407.2656573933,0.0
1567987200,10332.4644424313,10332.4644424313,10332.4644424313,10332.4644424313,0.0
1568073600,10085.9519243133,10085.9519243133,10085.9519243133,10085.9519243133,0.0
1568160000,10142.1480603741,10142.1480603741,10142.1480603741,10142.1480603741,0.0
1568246400,10403.3599707773,10403.3599707773,10403.3599707773,10403.3599707773,0.0
1568332800,10345.3387469316,10345.3387469316,10345.3387469316,10345.3387469316,0.0
1568419200,10363.4528963179,10363.4528963179,10363.4528963179,10363.4528963179,0.0
1568505600,10306.1696674459,10306.1696674459,10306.1696674459,10306.1696674459,0.0
1568592000,10257.822761543,10257.822761543,10257.822761543,10257.822761543,0.0
1568678400,10195.6111811806,10195.6111811806,10195.6111811806,10195.6111811806,0.0
1568764800,10161.3188664524,10161.3188664524,10161.3188664524,10161.3188664524,0.0
1568851200,10268.3926291642,10268.3926291642,10268.3926291642,10268.3926291642,0.0
1568937600,10170.1251161309,10170.1251161309,10170.1251161309,10170.1251161309,0.0
1569024000,9986.4061081239,9986.4061081239,9986.4061081239,9986.4061081239,0.0
1569110400,10047.0134748685,10047.0134748685,10047.0134748685,10047.0134748685,0.0
1569196800,9692.74104792519,9692.74104792519,9692.74104792519,9692.74104792519,0.0
1569283200,8613.67124850965,8613.67124850965,8613.67124850965,8613.67124850965,0.0
1569369600,8424.15764640561,8424.15764640561,8424.15764640561,8424.15764640561,0.0
1569456000,8091.69529924021,8091.69529924021,8091.69529924021,8091.69529924021,0.0
1569542400,8186.77963927528,8186.77963927528,8186.77963927528,8186.77963927528,0.0
1569628800,8201.97901344243,8201.97901344243,8201.97901344243,8201.97901344243,0.0
1569715200,8064.50806236119,8064.50806236119,8064.50806236119,8064.50806236119,0.0
1569801600,8282.3654541204,8282.3654541204,8282.3654541204,8282.3654541204,0.0
1569888000,8314.55139012273,8314.55139012273,8314.55139012273,8314.55139012273,0.0
1569974400,8362.53073232028,8362.53073232028,8362.53073232028,8362.53073232028,0.0
1570060800,8254.33991028638,8254.33991028638,8254.33991028638,8254.33991028638,0.0
1570147200,8165.68615125658,8165.68615125658,8165.68615125658,8165.68615125658,0.0
1570233600,8141.63371379311,8141.63371379311,8141.63371379311,8141.63371379311,0.0
1570320000,7854.60981297487,7854.60981297487,7854.60981297487,7854.60981297487,0.0
1570406400,8226.02342928112,8226.02342928112,8226.02342928112,8226.02342928112,0.0
1570492800,8190.1151207481,8190.1151207481,8190.1151207481,8190.1151207481,0.0
1570579200,8598.3319207481,8598.3319207481,8598.3319207481,8598.3319207481,0.0
1570665600,8578.09037931034,8578.09037931034,8578.09037931034,8578.09037931034,0.0
1570752000,8289.85402893045,8289.85402893045,8289.85402893045,8289.85402893045,0.0
1570838400,8323.7501440678,8323.7501440678,8323.7501440678,8323.7501440678,0.0
1570924800,8291.25065143191,8291.25065143191,8291.25065143191,8291.25065143191,0.0
1571011200,8346.36843658679,8346.36843658679,8346.36843658679,8346.36843658679,0.0
1571097600,8160.71262752776,8160.71262752776,8160.71262752776,8160.71262752776,0.0
1571184000,8003.85592314436,8003.85592314436,8003.85592314436,8003.85592314436,0.0
1571270400,8072.48938229106,8072.48938229106,8072.48938229106,8072.48938229106,0.0
1571356800,7959.33199357101,7959.33199357101,7959.33199357101,7959.33199357101,0.0
1571443200,7948.47733722969,7948.47733722969,7948.47733722969,7948.47733722969,0.0
1571529600,8213.70903927528,8213.70903927528,8213.70903927528,8213.70903927528,0.0
1571616000,8211.65455873758,8211.65455873758,8211.65455873758,8211.65455873758,0.0
1571702400,8029.20537288136,8029.20537288136,8029.20537288136,8029.20537288136,0.0
1571788800,7458.03585680889,7458.03585680889,7458.03585680889,7458.03585680889,0.0
1571875200,7454.37113816482,7454.37113816482,7454.37113816482,7454.37113816482,0.0
1571961600,8656.65517755699,8656.65517755699,8656.65517755699,8656.65517755699,0.0
1572048000,9249.64676095851,9249.64676095851,9249.64676095851,9249.64676095851,0.0
1572134400,9558.15604400935,9558.15604400935,9558.15604400935,9558.15604400935,0.0
1572220800,9319.17814167154,9319.17814167154,9319.17814167154,9319.17814167154,0.0
1572307200,9431.20712390415,9431.20712390415,9431.20712390415,9431.20712390415,0.0
1572393600,9182.85506516657,9182.85506516657,9182.85506516657,9182.85506516657,0.0
1572480000,9155.27729877265,9155.27729877265,9155.27729877265,9155.27729877265,0.0
1572566400,9251.38129345412,9251.38129345412,9251.38129345412,9251.38129345412,0.0
1572652800,9300.19083752192,9300.19083752192,9300.19083752192,9300.19083752192,0.0
1572739200,9209.63869608416,9209.63869608416,9209.63869608416,9209.63869608416,0.0
1572825600,9418.36013062537,9418.36013062537,9418.36013062537,9418.36013062537,0.0
1572912000,9330.78722296902,9330.78722296902,9330.78722296902,9330.78722296902,0.0
1572998400,9354.93338229106,9354.93338229106,9354.93338229106,9354.93338229106,0.0
1573084800,9210.74822238457,9210.74822238457,9210.74822238457,9210.74822238457,0.0
1573171200,8791.33393495032,8791.33393495032,8791.33393495032,8791.33393495032,0.0
1573257600,8810.78456195208,8810.78456195208,8810.78456195208,8810.78456195208,0.0
1573344000,9042.89072320281,9042.89072320281,9042.89072320281,9042.89072320281,0.0
1573430400,8713.20792957335,8713.20792957335,8713.20792957335,8713.20792957335,0.0
1573516800,8788.95814295734,8788.95814295734,8788.95814295734,8788.95814295734,0.0
1573603200,8766.72943050848,8766.72943050848,8766.72943050848,8766.72943050848,0.0
1573689600,8645.43580362361,8645.43580362361,8645.43580362361,8645.43580362361,0.0
1573776000,8465.87788854471,8465.87788854471,8465.87788854471,8465.87788854471,0.0
1573862400,8477.69024284044,8477.69024284044,8477.69024284044,8477.69024284044,0.0
1573948800,8505.16122326125,8505.16122326125,8505.16122326125,8505.16122326125,0.0
1574035200,8183.53341350088,8183.53341350088,8183.53341350088,8183.53341350088,0.0
1574121600,8116.82067258913,8116.82067258913,8116.82067258913,8116.82067258913,0.0
1574208000,8076.55466008182,8076.55466008182,8076.55466008182,8076.55466008182,0.0
1574294400,7612.2774880187,7612.2774880187,7612.2774880187,7612.2774880187,0.0
1574380800,7277.52427323203,7277.52427323203,7277.52427323203,7277.52427323203,0.0
1574467200,7324.83617855056,7324.83617855056,7324.83617855056,7324.83617855056,0.0
1574553600,6943.38065604909,6943.38065604909,6943.38065604909,6943.38065604909,0.0
1574640000,7139.04468597312,7139.04468597312,7139.04468597312,7139.04468597312,0.0
1574726400,7165.43773027469,7165.43773027469,7165.43773027469,7165.43773027469,0.0
1574812800,7526.86381654004,7526.86381654004,7526.86381654004,7526.86381654004,0.0
1574899200,7436.3363817066,7436.3363817066,7436.3363817066,7436.3363817066,0.0
1574985600,7747.73804208066,7747.73804208066,7747.73804208066,7747.73804208066,0.0
1575072000,7556.19372121567,7556.19372121567,7556.19372121567,7556.19372121567,0.0
1575158400,7417.72720601987,7417.72720601987,7417.72720601987,7417.72720601987,0.0
1575244800,7318.31252180012,7318.31252180012,7318.31252180012,7318.31252180012,0.0
1575331200,7306.44623331385,7306.44623331385,7306.44623331385,7306.44623331385,0.0
1575417600,7215.02034482759,7215.02034482759,7215.02034482759,7215.02034482759,0.0
1575504000,7404.0867949737,7404.0867949737,7404.0867949737,7404.0867949737,0.0
1575590400,7534.2083559322,7534.2083559322,7534.2083559322,7534.2083559322,0.0
1575676800,7512.06140263004,7512.06140263004,7512.06140263004,7512.06140263004,0.0
1575763200,7528.94026943308,7528.94026943308,7528.94026943308,7528.94026943308,0.0
1575849600,7340.22745908825,7340.22745908825,7340.22745908825,7340.22745908825,0.0
1575936000,7232.09178375219,7232.09178375219,7232.09178375219,7232.09178375219,0.0
1576022400,7200.46444599649,7200.46444599649,7200.46444599649,7200.46444599649,0.0
1576108800,7192.84902425482,7192.84902425482,7192.84902425482,7192.84902425482,0.0
1576195200,7244.90372004676,7244.90372004676,7244.90372004676,7244.90372004676,0.0
1576281600,7071.10709029807,7071.10709029807,7071.10709029807,7071.10709029807,0.0
1576368000,7111.28666995909,7111.28666995909,7111.28666995909,7111.28666995909,0.0
1576454400,6882.39579532437,6882.39579532437,6882.39579532437,6882.39579532437,0.0
1576540800,6608.96197983635,6608.96197983635,6608.96197983635,6608.96197983635,0.0
1576627200,7284.6254836353,7284.6254836353,7284.6254836353,7284.6254836353,0.0
1576713600,7146.16763763881,7146.16763763881,7146.16763763881,7146.16763763881,0.0
1576800000,7184.21917206312,7184.21917206312,7184.21917206312,7184.21917206312,0.0
1576886400,7140.29801127995,7140.29801127995,7140.29801127995,7140.29801127995,0.0
1576972800,7479.40240789012,7479.40240789012,7479.40240789012,7479.40240789012,0.0
1577059200,7321.7487238457,7321.7487238457,7321.7487238457,7321.7487238457,0.0
1577145600,7235.62908381064,7235.62908381064,7235.62908381064,7235.62908381064,0.0
1577232000,7191.17416569258,7191.17416569258,7191.17416569258,7191.17416569258,0.0
1577318400,7194.63975832846,7194.63975832846,7194.63975832846,7194.63975832846,0.0
1577404800,7237.15044728229,7237.15044728229,7237.15044728229,7237.15044728229,0.0
1577491200,7306.64330829924,7306.64330829924,7306.64330829924,7306.64330829924,0.0
1577577600,7391.578521391,7391.578521391,7391.578521391,7391.578521391,0.0
1577664000,7229.3971006429,7229.3971006429,7229.3971006429,7229.3971006429,0.0
1577750400,7167.39505464641,7167.39505464641,7167.39505464641,7167.39505464641,0.0
1577836800,7170.63186879018,7170.63186879018,7170.63186879018,7170.63186879018,0.0
1577923200,6946.82526914085,6946.82526914085,6946.82526914085,6946.82526914085,0.0
1578009600,7315.3093603156,7315.3093603156,7315.3093603156,7315.3093603156,0.0
1578096000,7343.16419438925,7343.16419438925,7343.16419438925,7343.16419438925,0.0
1578182400,7345.53069181765,7345.53069181765,7345.53069181765,7345.53069181765,0.0
1578268800,7765.7977346581,7765.7977346581,7765.7977346581,7765.7977346581,0.0
1578355200,8136.08684190532,8136.08684190532,8136.08684190532,8136.08684190532,0.0
1578441600,8059.69952887201,8059.69952887201,8059.69952887201,8059.69952887201,0.0
1578528000,7817.13609322034,7817.13609322034,7817.13609322034,7817.13609322034,0.0
1578614400,8129.81791992987,8129.81791992987,8129.81791992987,8129.81791992987,0.0
1578700800,8032.00549503215,8032.00549503215,8032.00549503215,8032.00549503215,0.0
1578787200,8164.54999316189,8164.54999316189,8164.54999316189,8164.54999316189,0.0
1578873600,8121.92566762127,8121.92566762127,8121.92566762127,8121.92566762127,0.0
1578960000,8830.16787346581,8830.16787346581,8830.16787346581,8830.16787346581,0.0
1579046400,8811.44820251315,8811.44820251315,8811.44820251315,8811.44820251315,0.0
1579132800,8718.68699801286,8718.68699801286,8718.68699801286,8718.68699801286,0.0
1579219200,8912.54190414962,8912.54190414962,8912.54190414962,8912.54190414962,0.0
1579305600,8928.1807565751,8928.1807565751,8928.1807565751,8928.1807565751,0.0
1579392000,8687.35483664524,8687.35483664524,8687.35483664524,8687.35483664524,0.0
1579478400,8636.2587862069,8636.2587862069,8636.2587862069,8636.2587862069,0.0
1579564800,8730.86756019871,8730.86756019871,8730.86756019871,8730.86756019871,0.0
1579651200,8647.90047399182,8647.90047399182,8647.90047399182,8647.90047399182,0.0
1579737600,8366.38461396844,8366.38461396844,8366.38461396844,8366.38461396844,0.0
1579824000,8423.39095815313,8423.39095815313,8423.39095815313,8423.39095815313,0.0
1579910400,8344.77456896552,8344.77456896552,8344.77456896552,8344.77456896552,0.0
1579996800,8573.87480958504,8573.87480958504,8573.87480958504,8573.87480958504,0.0
1580083200,8901.95928486265,8901.95928486265,8901.95928486265,8901.95928486265,0.0
1580169600,9297.3883176505,9297.3883176505,9297.3883176505,9297.3883176505,0.0
1580256000,9311.94754354179,9311.94754354179,9311.94754354179,9311.94754354179,0.0
1580342400,9508.92096493279,9508.92096493279,9508.92096493279,9508.92096493279,0.0
1580428800,9357.28478240795,9357.28478240795,9357.28478240795,9357.28478240795,0.0
1580515200,9381.88602863822,9381.88602863822,9381.88602863822,9381.88602863822,0.0
1580601600,9339.38706312098,9339.38706312098,9339.38706312098,9339.38706312098,0.0
1580688000,9279.81252051432,9279.81252051432,9279.81252051432,9279.81252051432,0.0
1580774400,9161.62719772063,9161.62719772063,9161.62719772063,9161.62719772063,0.0
1580860800,9628.13677586207,9628.13677586207,9628.13677586207,9628.13677586207,0.0
1580947200,9739.2804364699,9739.2804364699,9739.2804364699,9739.2804364699,0.0
1581033600,9800.27939982466,9800.27939982466,9800.27939982466,9800.27939982466,0.0
1581120000,9911.29340841613,9911.29340841613,9911.29340841613,9911.29340841613,0.0
1581206400,10151.0832026885,10151.0832026885,10151.0832026885,10151.0832026885,0.0
1581292800,9872.36187305669,9872.36187305669,9872.36187305669,9872.36187305669,0.0
1581379200,10272.2225558738,10272.2225558738,10272.2225558738,10272.2225558738,0.0
1581465600,10360.1352229106,10360.1352229106,10360.1352229106,10360.1352229106,0.0
1581552000,10235.4973226184,10235.4973226184,10235.4973226184,10235.4973226184,0.0
1581638400,10361.6156901812,10361.6156901812,10361.6156901812,10361.6156901812,0.0
1581724800,9911.72432700175,9911.72432700175,9911.72432700175,9911.72432700175,0.0
1581811200,9952.04661157218,9952.04661157218,9952.04661157218,9952.04661157218,0.0
1581897600,9683.0796277031,9683.0796277031,9683.0796277031,9683.0796277031,0.0
1581984000,10195.3037904734,10195.3037904734,10195.3037904734,10195.3037904734,0.0
1582070400,9636.00229865576,9636.00229865576,9636.00229865576,9636.00229865576,0.0
1582156800,9614.03012244302,9614.03012244302,9614.03012244302,9614.03012244302,0.0
1582243200,9701.79750268849,9701.79750268849,9701.79750268849,9701.79750268849,0.0
1582329600,9675.24905756868,9675.24905756868,9675.24905756868,9675.24905756868,0.0
1582416000,9972.84242308591,9972.84242308591,9972.84242308591,9972.84242308591,0.0
1582502400,9648.00788310929,9648.00788310929,9648.00788310929,9648.00788310929,0.0
1582588800,9344.28714009351,9344.28714009351,9344.28714009351,9344.28714009351,0.0
1582675200,8798.88894856809,8798.88894856809,8798.88894856809,8798.88894856809,0.0
1582761600,8779.02948188194,8779.02948188194,8779.02948188194,8779.02948188194,0.0
1582848000,8750.59344599649,8750.59344599649,8750.59344599649,8750.59344599649,0.0
1582934400,8582.09029964933,8582.09029964933,8582.09029964933,8582.09029964933,0.0
1583020800,8541.77389392169,8541.77389392169,8541.77389392169,8541.77389392169,0.0
1583107200,8906.21475645821,8906.21475645821,8906.21475645821,8906.21475645821,0.0
1583193600,8768.81061420222,8768.81061420222,8768.81061420222,8768.81061420222,0.0
1583280000,8756.36957218001,8756.36957218001,8756.36957218001,8756.36957218001,0.0
1583366400,9062.61580274693,9062.61580274693,9062.61580274693,9062.61580274693,0.0
1583452800,9147.08505897136,9147.08505897136,9147.08505897136,9147.08505897136,0.0
1583539200,8898.30695675044,8898.30695675044,8898.30695675044,8898.30695675044,0.0
1583625600,8109.61454114553,8109.61454114553,8109.61454114553,8109.61454114553,0.0
1583712000,7896.38531987142,7896.38531987142,7896.38531987142,7896.38531987142,0.0
1583798400,7909.92787545295,7909.92787545295,7909.92787545295,7909.92787545295,0.0
1583884800,7939.34133477499,7939.34133477499,7939.34133477499,7939.34133477499,0.0
1583971200,4959.31341437756,4959.31341437756,4959.31341437756,4959.31341437756,0.0
1584057600,5627.69238836938,5627.69238836938,5627.69238836938,5627.69238836938,0.0
1584144000,5145.17250642899,5145.17250642899,5145.17250642899,5145.17250642899,0.0
1584230400,5358.61066335476,5358.61066335476,5358.61066335476,5358.61066335476,0.0
1584316800,5012.92738778492,5012.92738778492,5012.92738778492,5012.92738778492,0.0
1584403200,5416.7547106955,5416.7547106955,5416.7547106955,5416.7547106955,0.0
1584489600,5392.48783594389,5392.48783594389,5392.48783594389,5392.48783594389,0.0
1584576000,6203.5516320865,6203.5516320865,6203.5516320865,6203.5516320865,0.0
1584662400,6174.14947603741,6174.14947603741,6174.14947603741,6174.14947603741,0.0
1584748800,6175.83102220924,6175.83102220924,6175.83102220924,6175.83102220924,0.0
1584835200,5830.56097960257,5830.56097960257,5830.56097960257,5830.56097960257,0.0
1584921600,6486.40865733489,6486.40865733489,6486.40865733489,6486.40865733489,0.0
1585008000,6775.05761893629,6775.05761893629,6775.05761893629,6775.05761893629,0.0
1585094400,6689.96901285798,6689.96901285798,6689.96901285798,6689.96901285798,0.0
1585180800,6754.46033606078,6754.46033606078,6754.46033606078,6754.46033606078,0.0
1585267200,6490.79541502046,6490.79541502046,6490.79541502046,6490.79541502046,0.0
1585353600,6231.81989023963,6231.81989023963,6231.81989023963,6231.81989023963,0.0
1585440000,5904.85758679135,5904.85758679135,5904.85758679135,5904.85758679135,0.0
1585526400,6436.90570017534,6436.90570017534,6436.90570017534,6436.90570017534,0.0
1585612800,6432.3832421391,6432.3832421391,6432.3832421391,6432.3832421391,0.0
1585699200,6643.11000870836,6643.11000870836,6643.11000870836,6643.11000870836,0.0
1585785600,6792.74222209234,6792.74222209234,6792.74222209234,6792.74222209234,0.0
1585872000,6751.90255178258,6751.90255178258,6751.90255178258,6751.90255178258,0.0
1585958400,6859.98916867329,6859.98916867329,6859.98916867329,6859.98916867329,0.0
1586044800,6790.81247264758,6790.81247264758,6790.81247264758,6790.81247264758,0.0
1586131200,7298.17374517826,7298.17374517826,7298.17374517826,7298.17374517826,0.0
1586217600,7187.59333664524,7187.59333664524,7187.59333664524,7187.59333664524,0.0
1586304000,7372.19476399766,7372.19476399766,7372.19476399766,7372.19476399766,0.0
1586390400,7299.57918790181,7299.57918790181,7299.57918790181,7299.57918790181,0.0
1586476800,6859.82267475161,6859.82267475161,6859.82267475161,6859.82267475161,0.0
1586563200,6883.18222895967,6883.18222895967,6883.18222895967,6883.18222895967,0.0
1586649600,6978.66628661601,6978.66628661601,6978.66628661601,6978.66628661601,0.0
1586736000,6863.57553319696,6863.57553319696,6863.57553319696,6863.57553319696,0.0
1586822400,6875.53850344828,6875.53850344828,6875.53850344828,6875.53850344828,0.0
1586908800,6625.47577510228,6625.47577510228,6625.47577510228,6625.47577510228,0.0
1586995200,7127.79228223261,7127.79228223261,7127.79228223261,7127.79228223261,0.0
1587081600,7081.39519842197,7081.39519842197,7081.39519842197,7081.39519842197,0.0
1587168000,7262.79234360023,7262.79234360023,7262.79234360023,7262.79234360023,0.0
1587254400,7150.2442154588,7150.2442154588,7150.2442154588,7150.2442154588,0.0
1587340800,6853.27341478667,6853.27341478667,6853.27341478667,6853.27341478667,0.0
1587427200,6870.42369865576,6870.42369865576,6870.42369865576,6870.42369865576,0.0
1587513600,7123.65691992987,7123.65691992987,7123.65691992987,7123.65691992987,0.0
1587600000,7488.60516528346,7488.60516528346,7488.60516528346,7488.60516528346,0.0
1587686400,7506.44331648159,7506.44331648159,7506.44331648159,7506.44331648159,0.0
1587772800,7537.73820911748,7537.73820911748,7537.73820911748,7537.73820911748,0.0
1587859200,7684.06852168322,7684.06852168322,7684.06852168322,7684.06852168322,0.0
1587945600,7777.49151858562,7777.49151858562,7777.49151858562,7777.49151858562,0.0
1588032000,7769.89969842197,7769.89969842197,7769.89969842197,7769.89969842197,0.0
1588118400,8761.83716954997,8761.83716954997,8761.83716954997,8761.83716954997,0.0
1588204800,8652.4109912332,8652.4109912332,8652.4109912332,8652.4109912332,0.0
1588291200,8855.53525827002,8855.53525827002,8855.53525827002,8855.53525827002,0.0
1588377600,8977.28170537697,8977.28170537697,8977.28170537697,8977.28170537697,0.0
1588464000,8896.7956383986,8896.7956383986,8896.7956383986,8896.7956383986,0.0
1588550400,8881.95430450029,8881.95430450029,8881.95430450029,8881.95430450029,0.0
1588636800,8985.8795993571,8985.8795993571,8985.8795993571,8985.8795993571,0.0
1588723200,9266.8130730567,9266.8130730567,9266.8130730567,9266.8130730567,0.0
1588809600,9993.75317685564,9993.75317685564,9993.75317685564,9993.75317685564,0.0
1588896000,9859.32360461718,9859.32360461718,9859.32360461718,9859.32360461718,0.0
1588982400,9577.33892238457,9577.33892238457,9577.33892238457,9577.33892238457,0.0
1589068800,8715.03329322034,8715.03329322034,8715.03329322034,8715.03329322034,0.0
1589155200,8591.65288433665,8591.65288433665,8591.65288433665,8591.65288433665,0.0
1589241600,8817.25068112215,8817.25068112215,8817.25068112215,8817.25068112215,0.0
1589328000,9322.99720204559,9322.99720204559,9322.99720204559,9322.99720204559,0.0
1589414400,9801.26948772647,9801.26948772647,9801.26948772647,9801.26948772647,0.0
1589500800,9326.87585891292,9326.87585891292,9326.87585891292,9326.87585891292,0.0
1589587200,9395.4753893045,9395.4753893045,9395.4753893045,9395.4753893045,0.0
1589673600,9682.5324811806,9682.5324811806,9682.5324811806,9682.5324811806,0.0
1589760000,9726.85002209235,9726.85002209235,9726.85002209235,9726.85002209235,0.0
1589846400,9754.20146201052,9754.20146201052,9754.20146201052,9754.20146201052,0.0
1589932800,9515.702550263,9515.702550263,9515.702550263,9515.702550263,0.0
1590019200,9068.80122933957,9068.80122933957,9068.80122933957,9068.80122933957,0.0
1590105600,9161.81503389831,9161.81503389831,9161.81503389831,9161.81503389831,0.0
1590192000,9183.66212507305,9183.66212507305,9183.66212507305,9183.66212507305,0.0
1590278400,8806.23065715956,8806.23065715956,8806.23065715956,8806.23065715956,0.0
1590364800,8909.19258153127,8909.19258153127,8909.19258153127,8909.19258153127,0.0
1590451200,8835.13725336061,8835.13725336061,8835.13725336061,8835.13725336061,0.0
1590537600,9169.05743921683,9169.05743921683,9169.05743921683,9169.05743921683,0.0
1590624000,9568.26185300994,9568.26185300994,9568.26185300994,9568.26185300994,0.0
1590710400,9432.41333343074,9432.41333343074,9432.41333343074,9432.41333343074,0.0
1590796800,9691.68049117475,9691.68049117475,9691.68049117475,9691.68049117475,0.0
1590883200,9433.94384663939,9433.94384663939,9433.94384663939,9433.94384663939,0.0
1590969600,10199.1350542373,10199.1350542373,10199.1350542373,10199.1350542373,0.0
1591056000,9512.34653302163,9512.34653302163,9512.34653302163,9512.34653302163,0.0
1591142400,9642.27340035067,9642.27340035067,9642.27340035067,9642.27340035067,0.0
1591228800,9813.36067913501,9813.36067913501,9813.36067913501,9813.36067913501,0.0
1591315200,9641.8916225599,9641.8916225599,9641.8916225599,9641.8916225599,0.0
1591401600,9668.67053857393,9668.67053857393,9668.67053857393,9668.67053857393,0.0
1591488000,9747.58011104617,9747.58011104617,9747.58011104617,9747.58011104617,0.0
1591574400,9769.34236148451,9769.34236148451,9769.34236148451,9769.34236148451,0.0
1591660800,9779.42216566335,9779.42216566335,9779.42216566335,9779.42216566335,0.0
1591747200,9888.44417469316,9888.44417469316,9888.44417469316,9888.44417469316,0.0
1591833600,9277.45116931619,9277.45116931619,9277.45116931619,9277.45116931619,0.0
1591920000,9456.16153331385,9456.16153331385,9456.16153331385,9456.16153331385,0.0
1592006400,9461.33379865576,9461.33379865576,9461.33379865576,9461.33379865576,0.0
1592092800,9342.955635301,9342.955635301,9342.955635301,9342.955635301,0.0
1592179200,9441.38321127995,9441.38321127995,9441.38321127995,9441.38321127995,0.0
1592265600,9520.09194827586,9520.09194827586,9520.09194827586,9520.09194827586,0.0
1592352000,9448.69356060783,9448.69356060783,9448.69356060783,9448.69356060783,0.0
1592438400,9389.99076639392,9389.99076639392,9389.99076639392,9389.99076639392,0.0
1592524800,9285.99158293396,9285.99158293396,9285.99158293396,9285.99158293396,0.0
1592611200,9357.29246446522,9357.29246446522,9357.29246446522,9357.29246446522,0.0
1592697600,9284.76937182934,9284.76937182934,9284.76937182934,9284.76937182934,0.0
1592784000,9684.62018474576,9684.62018474576,9684.62018474576,9684.62018474576,0.0
1592870400,9611.72599824664,9611.72599824664,9611.72599824664,9611.72599824664,0.0
1592956800,9292.94354354179,9292.94354354179,9292.94354354179,9292.94354354179,0.0
1593043200,9247.12143249561,9247.12143249561,9247.12143249561,9247.12143249561,0.0
1593129600,9159.43777206312,9159.43777206312,9159.43777206312,9159.43777206312,0.0
1593216000,9002.16561718293,9002.16561718293,9002.16561718293,9002.16561718293,0.0
1593302400,9108.06567457627,9108.06567457627,9108.06567457627,9108.06567457627,0.0
1593388800,9184.24736627703,9184.24736627703,9184.24736627703,9184.24736627703,0.0
1593475200,9143.96758530099,9143.96758530099,9143.96758530099,9143.96758530099,0.0
1593561600,9241.33961239041,9241.33961239041,9241.33961239041,9241.33961239041,0.0
1593648000,9094.38728679135,9094.38728679135,9094.38728679135,9094.38728679135,0.0
1593734400,9066.69069661017,9066.69069661017,9066.69069661017,9066.69069661017,0.0
1593820800,9126.21955493863,9126.21955493863,9126.21955493863,9126.21955493863,0.0
1593907200,9079.61401808884,9079.61401808884,9079.61401808884,9079.61401808884,0.0
1593993600,9338.94259117475,9338.94259117475,9338.94259117475,9338.94259117475,0.0
1594080000,9252.15873261251,9252.15873261251,9252.15873261251,9252.15873261251,0.0
1594166400,9434.56795645821,9434.56795645821,9434.56795645821,9434.56795645821,0.0
1594252800,9231.50234751607,9231.50234751607,9231.50234751607,9231.50234751607,0.0
1594339200,9285.22101542957,9285.22101542957,9285.22101542957,9285.22101542957,0.0
1594425600,9237.17100818235,9237.17100818235,9237.17100818235,9237.17100818235,0.0
1594512000,9289.09797691408,9289.09797691408,9289.09797691408,9289.09797691408,0.0
1594598400,9236.62250116891,9236.62250116891,9236.62250116891,9236.62250116891,0.0
1594684800,9260.3569868498,9260.3569868498,9260.3569868498,9260.3569868498,0.0
1594771200,9196.72555897136,9196.72555897136,9196.72555897136,9196.72555897136,0.0
1594857600,9132.59231209818,9132.59231209818,9132.59231209818,9132.59231209818,0.0
1594944000,9156.46870976037,9156.46870976037,9156.46870976037,9156.46870976037,0.0
1595030400,9175.90530859147,9175.90530859147,9175.90530859147,9175.90530859147,0.0
1595116800,9218.84231081239,9218.84231081239,9218.84231081239,9218.84231081239,0.0
1595203200,9167.19056750439,9167.19056750439,9167.19056750439,9167.19056750439,0.0
1595289600,9388.57434979544,9388.57434979544,9388.57434979544,9388.57434979544,0.0
1595376000,9531.2574301578,9531.2574301578,9531.2574301578,9531.2574301578,0.0
1595462400,9609.16671537113,9609.16671537113,9609.16671537113,9609.16671537113,0.0
1595548800,9548.1007270602,9548.1007270602,9548.1007270602,9548.1007270602,0.0
1595635200,9702.45279047341,9702.45279047341,9702.45279047341,9702.45279047341,0.0
1595721600,9933.90655423729,9933.90655423729,9933.90655423729,9933.90655423729,0.0
1595808000,11046.5083295149,11046.5083295149,11046.5083295149,11046.5083295149,0.0
1595894400,10944.6129789012,10944.6129789012,10944.6129789012,10944.6129789012,0.0
1595980800,11115.7712819988,11115.7712819988,11115.7712819988,11115.7712819988,0.0
1596067200,11135.3907261835,11135.3907261835,11135.3907261835,11135.3907261835,0.0
1596153600,11338.1973407949,11338.1973407949,11338.1973407949,11338.1973407949,0.0
1596240000,11797.5821265342,11797.5821265342,11797.5821265342,11797.5821265342,0.0
1596326400,11094.0206841321,11094.0206841321,11094.0206841321,11094.0206841321,0.0
1596412800,11236.0956805377,11236.0956805377,11236.0956805377,11236.0956805377,0.0
1596499200,11202.651909059,11202.651909059,11202.651909059,11202.651909059,0.0
1596585600,11721.4384715956,11721.4384715956,11721.4384715956,11721.4384715956,0.0
1596672000,11769.3091081239,11769.3091081239,11769.3091081239,11769.3091081239,0.0
1596758400,11598.9690585038,11598.9690585038,11598.9690585038,11598.9690585038,0.0
1596844800,11743.0086350088,11743.0086350088,11743.0086350088,11743.0086350088,0.0
1596931200,11680.5173661601,11680.5173661601,11680.5173661601,11680.5173661601,0.0
1597017600,11870.3695447107,11870.3695447107,11870.3695447107,11870.3695447107,0.0
1597104000,11392.6440884278,11392.6440884278,11392.6440884278,11392.6440884278,0.0
1597190400,11575.5124736996,11575.5124736996,11575.5124736996,11575.5124736996,0.0
1597276800,11773.4481155465,11773.4481155465,11773.4481155465,11773.4481155465,0.0
1597363200,11774.4082518995,11774.4082518995,11774.4082518995,11774.4082518995,0.0
1597449600,11866.9103613092,11866.9103613092,11866.9103613092,11866.9103613092,0.0
1597536000,11899.6427535944,11899.6427535944,11899.6427535944,11899.6427535944,0.0
1597622400,12315.7624166569,12315.7624166569,12315.7624166569,12315.7624166569,0.0
1597708800,11992.6959962595,11992.6959962595,11992.6959962595,11992.6959962595,0.0
1597795200,11736.8490645237,11736.8490645237,11736.8490645237,11736.8490645237,0.0
1597881600,11867.5203439509,11867.5203439509,11867.5203439509,11867.5203439509,0.0
1597968000,11524.6989491525,11524.6989491525,11524.6989491525,11524.6989491525,0.0
1598054400,11682.2891503799,11682.2891503799,11682.2891503799,11682.2891503799,0.0
1598140800,11665.6092735243,11665.6092735243,11665.6092735243,11665.6092735243,0.0
1598227200,11771.4080537405,11771.4080537405,11771.4080537405,11771.4080537405,0.0
1598313600,11358.4543202805,11358.4543202805,11358.4543202805,11358.4543202805,0.0
1598400000,11472.0491204559,11472.0491204559,11472.0491204559,11472.0491204559,0.0
1598486400,11314.6737410286,11314.6737410286,11314.6737410286,11314.6737410286,0.0
1598572800,11527.8830322326,11527.8830322326,11527.8830322326,11527.8830322326,0.0
1598659200,11490.7623477499,11490.7623477499,11490.7623477499,11490.7623477499,0.0
1598745600,11698.9758329632,11698.9758329632,11698.9758329632,11698.9758329632,0.0
1598832000,11678.3482268849,11678.3482268849,11678.3482268849,11678.3482268849,0.0
1598918400,11970.364856166,11970.364856166,11970.364856166,11970.364856166,0.0
1599004800,11414.5209336645,11414.5209336645,11414.5209336645,11414.5209336645,0.0
1599091200,10261.4944095266,10261.4944095266,10261.4944095266,10261.4944095266,0.0
1599177600,10471.9664133255,10471.9664133255,10471.9664133255,10471.9664133255,0.0
1599264000,10128.64358609,10128.64358609,10128.64358609,10128.64358609,0.0
1599350400,10253.2998980129,10253.2998980129,10253.2998980129,10253.2998980129,0.0
1599436800,10367.8783543542,10367.8783543542,10367.8783543542,10367.8783543542,0.0
1599523200,10108.6354501461,10108.6354501461,10108.6354501461,10108.6354501461,0.0
1599609600,10223.1114091175,10223.1114091175,10223.1114091175,10223.1114091175,0.0
1599696000,10334.6307302162,10334.6307302162,10334.6307302162,10334.6307302162,0.0
1599782400,10387.0207419638,10387.0207419638,10387.0207419638,10387.0207419638,0.0
1599868800,10436.9778322618,10436.9778322618,10436.9778322618,10436.9778322618,0.0
1599955200,10322.5236148451,10322.5236148451,10322.5236148451,10322.5236148451,0.0
1600041600,10662.719912332,10662.719912332,10662.719912332,10662.719912332,0.0
1600128000,10779.3810249562,10779.3810249562,10779.3810249562,10779.3810249562,0.0
1600214400,10968.3205465809,10968.3205465809,10968.3205465809,10968.3205465809,0.0
1600300800,10936.2927505552,10936.2927505552,10936.2927505552,10936.2927505552,0.0
1600387200,10920.1128439509,10920.1128439509,10920.1128439509,10920.1128439509,0.0
1600473600,11073.7795478083,11073.7795478083,11073.7795478083,11073.7795478083,0.0
1600560000,10921.2180998247,10921.2180998247,10921.2180998247,10921.2180998247,0.0
1600646400,10455.3799623027,10455.3799623027,10455.3799623027,10455.3799623027,0.0
1600732800,10519.8391641146,10519.8391641146,10519.8391641146,10519.8391641146,0.0
1600819200,10233.2995687317,10233.2995687317,10233.2995687317,10233.2995687317,0.0
1600905600,10739.0427094097,10739.0427094097,10739.0427094097,10739.0427094097,0.0
1600992000,10683.6305806546,10683.6305806546,10683.6305806546,10683.6305806546,0.0
1601078400,10742.0304202221,10742.0304202221,10742.0304202221,10742.0304202221,0.0
1601164800,10758.8242899474,10758.8242899474,10758.8242899474,10758.8242899474,0.0
1601251200,10727.3750541204,10727.3750541204,10727.3750541204,10727.3750541204,0.0
1601337600,10841.1427444769,10841.1427444769,10841.1427444769,10841.1427444769,0.0
1601424000,10772.351766803,10772.351766803,10772.351766803,10772.351766803,0.0
1601510400,10606.6173325541,10606.6173325541,10606.6173325541,10606.6173325541,0.0
1601596800,10570.1056777908,10570.1056777908,10570.1056777908,10570.1056777908,0.0
1601683200,10555.7054339567,10555.7054339567,10555.7054339567,10555.7054339567,0.0
1601769600,10665.618622443,10665.618622443,10665.618622443,10665.618622443,0.0
1601856000,10772.6355995909,10772.6355995909,10772.6355995909,10772.6355995909,0.0
1601942400,10596.3735493863,10596.3735493863,10596.3735493863,10596.3735493863,0.0
1602028800,10667.1943941555,10667.1943941555,10667.1943941555,10667.1943941555,0.0
1602115200,10902.5293637054,10902.5293637054,10902.5293637054,10902.5293637054,0.0
1602201600,11074.1036797779,11074.1036797779,11074.1036797779,11074.1036797779,0.0
1602288000,11302.8542864407,11302.8542864407,11302.8542864407,11302.8542864407,0.0
1602374400,11378.2625284629,11378.2625284629,11378.2625284629,11378.2625284629,0.0
1602460800,11548.401556692,11548.401556692,11548.401556692,11548.401556692,0.0
1602547200,11434.9687849211,11434.9687849211,11434.9687849211,11434.9687849211,0.0
1602633600,11417.10811391,11417.10811391,11417.10811391,11417.10811391,0.0
1602720000,11502.5812390415,11502.5812390415,11502.5812390415,11502.5812390415,0.0
1602806400,11338.9871765634,11338.9871765634,11338.9871765634,11338.9871765634,0.0
1602892800,11362.8022174167,11362.8022174167,11362.8022174167,11362.8022174167,0.0
1602979200,11489.6225650497,11489.6225650497,11489.6225650497,11489.6225650497,0.0
1603065600,11745.8119675628,11745.8119675628,11745.8119675628,11745.8119675628,0.0
1603152000,11929.4572507306,11929.4572507306,11929.4572507306,11929.4572507306,0.0
1603238400,12848.4906177674,12848.4906177674,12848.4906177674,12848.4906177674,0.0
1603324800,12997.4993417884,12997.4993417884,12997.4993417884,12997.4993417884,0.0
1603411200,12953.4296969608,12953.4296969608,12953.4296969608,12953.4296969608,0.0
1603497600,13113.8669231444,13113.8669231444,13113.8669231444,13113.8669231444,0.0
1603584000,13041.6410374635,13041.6410374635,13041.6410374635,13041.6410374635,0.0
1603670400,13080.6561698422,13080.6561698422,13080.6561698422,13080.6561698422,0.0
1603756800,13675.5239275278,13675.5239275278,13675.5239275278,13675.5239275278,0.0
1603843200,13290.3288497954,13290.3288497954,13290.3288497954,13290.3288497954,0.0
1603929600,13475.2173007013,13475.2173007013,13475.2173007013,13475.2173007013,0.0
1604016000,13603.2960908825,13603.2960908825,13603.2960908825,13603.2960908825,0.0
1604102400,13807.2336110462,13807.2336110462,13807.2336110462,13807.2336110462,0.0
1604188800,13736.89941128,13736.89941128,13736.89941128,13736.89941128,0.0
1604275200,13595.5647603741,13595.5647603741,13595.5647603741,13595.5647603741,0.0
1604361600,13996.915398597312,13996.915398597312,13996.915398597312,13996.915398597312,0.0
1604448000,14129.148195499705,14129.148195499705,14129.148195499705,14129.148195499705,0.0
1604534400,15606.46683372297,15606.46683372297,15606.46683372297,15606.46683372297,0.0
1604620800,15618.972471361778,15618.972471361778,15618.972471361778,15618.972471361778,0.0
1604707200,14866.356304500296,14866.356304500296,14866.356304500296,14866.356304500296,0.0
1604793600,15500.000707188785,15500.000707188785,15500.000707188785,15500.000707188785,0.0
1604880000,15319.819972530682,15319.819972530682,15319.819972530682,15319.819972530682,0.0
1604966400,15319.275676212741,15319.275676212741,15319.275676212741,15319.275676212741,0.0
1605052800,15731.241105786092,15731.241105786092,15731.241105786092,15731.241105786092,0.0
1605139200,16289.814897720635,16289.814897720635,16289.814897720635,16289.814897720635,0.0
1605225600,16330.06276797195,16330.06276797195,16330.06276797195,16330.06276797195,0.0
1605312000,16102.010016949156,16102.010016949156,16102.010016949156,16102.010016949156,0.0
1605398400,15986.7549905903,15986.7549905903,15986.7549905903,15986.7549905903,0.0
1605484800,16743.05393980129,16743.05393980129,16743.05393980129,16743.05393980129,0.0
1605571200,17682.16918702513,17682.16918702513,17682.16918702513,17682.16918702513,0.0
1605657600,17804.690023962594,17804.690023962594,17804.690023962594,17804.690023962594,0.0
1605744000,17818.668662185857,17818.668662185857,17818.668662185857,17818.668662185857,0.0
1605830400,18663.78185312683,18663.78185312683,18663.78185312683,18663.78185312683,0.0
1605916800,18706.58933541788,18706.58933541788,18706.58933541788,18706.58933541788,0.0
1606003200,18482.692631735823,18482.692631735823,18482.692631735823,18482.692631735823,0.0
1606089600,18373.257759789598,18373.257759789598,18373.257759789598,18373.257759789598,0.0
1606176000,19150.251048509646,19150.251048509646,19150.251048509646,19150.251048509646,0.0
1606262400,18748.393713033314,18748.393713033314,18748.393713033314,18748.393713033314,0.0
1606348800,17113.716871420223,17113.716871420223,17113.716871420223,17113.716871420223,0.0
1606435200,17101.603018059614,17101.603018059614,17101.603018059614,17101.603018059614,0.0
1606521600,17745.377312448858,17745.377312448858,17745.377312448858,17745.377312448858,0.0
1606608000,18190.866880420806,18190.866880420806,18190.866880420806,18190.866880420806,0.0
1606694400,19664.407606662764,19664.407606662764,19664.407606662764,19664.407606662764,0.0
1606780800,18820.60778959673,18820.60778959673,18820.60778959673,18820.60778959673,0.0
1606867200,19214.872229047338,19214.872229047338,19214.872229047338,19214.872229047338,0.0
1606953600,19470.31120806546,19470.31120806546,19470.31120806546,19470.31120806546,0.0
1607040000,18732.967090999413,18732.967090999413,18732.967090999413,18732.967090999413,0.0
1607126400,19114.633130917588,19114.633130917588,19114.633130917588,19114.633130917588,0.0
1607212800,19356.313676797196,19356.313676797196,19356.313676797196,19356.313676797196,0.0
1607299200,19182.176832846293,19182.176832846293,19182.176832846293,19182.176832846293,0.0
1607385600,18340.97813769725,18340.97813769725,18340.97813769725,18340.97813769725,0.0
1607472000,18574.69673524255,18574.69673524255,18574.69673524255,18574.69673524255,0.0
1607558400,18294.84695149036,18294.84695149036,18294.84695149036,18294.84695149036,0.0
1607644800,18061.760025716,18061.760025716,18061.760025716,18061.760025716,0.0
1607731200,18813.2837685564,18813.2837685564,18813.2837685564,18813.2837685564,0.0
1607817600,19156.0825055523,19156.0825055523,19156.0825055523,19156.0825055523,0.0
1607904000,19286.7512992402,19286.7512992402,19286.7512992402,19286.7512992402,0.0
1607990400,19432.5884640561,19432.5884640561,19432.5884640561,19432.5884640561,0.0
1608076800,21370.7203186441,21370.7203186441,21370.7203186441,21370.7203186441,0.0
1608163200,22789.2674160725,22789.2674160725,22789.2674160725,22789.2674160725,0.0
1608249600,23048.7645610754,23048.7645610754,23048.7645610754,23048.7645610754,0.0
1608336000,23856.7735192285,23856.7735192285,23856.7735192285,23856.7735192285,0.0
1608422400,23528.5506135593,23528.5506135593,23528.5506135593,23528.5506135593,0.0
1608508800,22937.4183435418,22937.4183435418,22937.4183435418,22937.4183435418,0.0
1608595200,23756.8887685564,23756.8887685564,23756.8887685564,23756.8887685564,0.0
1608681600,23307.2709018118,23307.2709018118,23307.2709018118,23307.2709018118,0.0
1608768000,23707.6330440678,23707.6330440678,23707.6330440678,23707.6330440678,0.0
1608854400,24669.1643220339,24669.1643220339,24669.1643220339,24669.1643220339,0.0
1608940800,26478.0681052016,26478.0681052016,26478.0681052016,26478.0681052016,0.0
1609027200,26430.8565971946,26430.8565971946,26430.8565971946,26430.8565971946,0.0
1609113600,27039.3490199883,27039.3490199883,27039.3490199883,27039.3490199883,0.0
1609200000,27231.2034552893,27231.2034552893,27231.2034552893,27231.2034552893,0.0
1609286400,28844.6136781999,28844.6136781999,28844.6136781999,28844.6136781999,0.0
1609372800,29022.6714126242,29022.6714126242,29022.6714126242,29022.6714126242,0.0
1609459200,29380.6937327878,29380.6937327878,29380.6937327878,29380.6937327878,0.0
1609545600,32022.6810578609,32022.6810578609,32022.6810578609,32022.6810578609,0.0
1609632000,33277.8353050848,33277.8353050848,33277.8353050848,33277.8353050848,0.0
1609718400,31802.1467136178,31802.1467136178,31802.1467136178,31802.1467136178,0.0
1609804800,34013.1741724138,34013.1741724138,34013.1741724138,34013.1741724138,0.0
1609891200,36643.2777223846,36643.2777223846,36643.2777223846,36643.2777223846,0.0
1609977600,39215.6511490356,39215.6511490356,39215.6511490356,39215.6511490356,0.0
1610064000,40775.4045634132,40775.4045634132,40775.4045634132,40775.4045634132,0.0
1610150400,40370.6823495032,40370.6823495032,40370.6823495032,40370.6823495032,0.0
1610236800,38329.3401665693,38329.3401665693,38329.3401665693,38329.3401665693,0.0
1610323200,35269.5137177089,35269.5137177089,35269.5137177089,35269.5137177089,0.0
1610409600,33712.4685452952,33712.4685452952,33712.4685452952,33712.4685452952,0.0
1610496000,37296.5475277615,37296.5475277615,37296.5475277615,37296.5475277615,0.0
1610582400,39045.518340152,39045.518340152,39045.518340152,39045.518340152,0.0
1610668800,36710.3174248977,36710.3174248977,36710.3174248977,36710.3174248977,0.0
1610755200,36177.2610970193,36177.2610970193,36177.2610970193,36177.2610970193,0.0
1610841600,36069.939466803,36069.939466803,36069.939466803,36069.939466803,0.0
1610928000,36594.2964018118,36594.2964018118,36594.2964018118,36594.2964018118,0.0
1611014400,36250.1461893629,36250.1461893629,36250.1461893629,36250.1461893629,0.0
1611100800,35515.480012858,35515.480012858,35515.480012858,35515.480012858,0.0
1611187200,31022.9510280538,31022.9510280538,31022.9510280538,31022.9510280538,0.0
1611273600,32986.4357568673,32986.4357568673,32986.4357568673,32986.4357568673,0.0
1611360000,32036.2822723553,32036.2822723553,32036.2822723553,32036.2822723553,0.0
1611446400,32216.1042904734,32216.1042904734,32216.1042904734,32216.1042904734,0.0
1611532800,32419.7059462303,32419.7059462303,32419.7059462303,32419.7059462303,0.0
1611619200,32640.6391426067,32640.6391426067,32640.6391426067,32640.6391426067,0.0
1611705600,30358.9347235535,30358.9347235535,30358.9347235535,30358.9347235535,0.0
1611792000,33511.287595149,33511.287595149,33511.287595149,33511.287595149,0.0
1611878400,34166.1494259497,34166.1494259497,34166.1494259497,34166.1494259497,0.0
1611964800,34349.9170952659,34349.9170952659,34349.9170952659,34349.9170952659,0.0
1612051200,33157.8325745178,33157.8325745178,33157.8325745178,33157.8325745178,0.0
1612137600,33570.2718468732,33570.2718468732,33570.2718468732,33570.2718468732,0.0
1612224000,35596.1489094097,35596.1489094097,35596.1489094097,35596.1489094097,0.0
1612310400,37578.3732068966,37578.3732068966,37578.3732068966,37578.3732068966,0.0
1612396800,37129.2029376972,37129.2029376972,37129.2029376972,37129.2029376972,0.0
1612483200,38045.4136084161,38045.4136084161,38045.4136084161,38045.4136084161,0.0
1612569600,39341.727081239,39341.727081239,39341.727081239,39341.727081239,0.0
1612656000,39003.0121817651,39003.0121817651,39003.0121817651,39003.0121817651,0.0
1612742400,46121.9340724722,46121.9340724722,46121.9340724722,46121.9340724722,0.0
1612828800,46548.1619912332,46548.1619912332,46548.1619912332,46548.1619912332,0.0
1612915200,45078.128350263,45078.128350263,45078.128350263,45078.128350263,0.0
1613001600,47892.8409181765,47892.8409181765,47892.8409181765,47892.8409181765,0.0
1613088000,47525.2091431911,47525.2091431911,47525.2091431911,47525.2091431911,0.0
1613174400,47208.6250270602,47208.6250270602,47208.6250270602,47208.6250270602,0.0
1613260800,48829.8275096435,48829.8275096435,48829.8275096435,48829.8275096435,0.0
1613347200,48110.2417334892,48110.2417334892,48110.2417334892,48110.2417334892,0.0
1613433600,49140.3826578024,49140.3826578024,49140.3826578024,49140.3826578024,0.0
1613520000,52224.9391139684,52224.9391139684,52224.9391139684,52224.9391139684,0.0
1613606400,51650.0699485681,51650.0699485681,51650.0699485681,51650.0699485681,0.0
1613692800,55820.5044038574,55820.5044038574,55820.5044038574,55820.5044038574,0.0
1613779200,55861.8205670953,55861.8205670953,55861.8205670953,55861.8205670953,0.0
1613865600,57500.7161102864,57500.7161102864,57500.7161102864,57500.7161102864,0.0
1613952000,53952.1533386324,53952.1533386324,53952.1533386324,53952.1533386324,0.0
1614038400,48560.4890350672,48560.4890350672,48560.4890350672,48560.4890350672,0.0
1614124800,49567.3456890707,49567.3456890707,49567.3456890707,49567.3456890707,0.0
1614211200,47568.131170076,47568.131170076,47568.131170076,47568.131170076,0.0
1614297600,46231.7675784921,46231.7675784921,46231.7675784921,46231.7675784921,0.0
1614384000,45834.5133611923,45834.5133611923,45834.5133611923,45834.5133611923,0.0
1614470400,45359.4641642314,45359.4641642314,45359.4641642314,45359.4641642314,0.0
1614556800,49634.4471092928,49634.4471092928,49634.4471092928,49634.4471092928,0.0
1614643200,48304.7054879018,48304.7054879018,48304.7054879018,48304.7054879018,0.0
1614729600,50690.4671835184,50690.4671835184,50690.4671835184,50690.4671835184,0.0
1614816000,48472.7954751607,48472.7954751607,48472.7954751607,48472.7954751607,0.0
1614902400,48800.8173594389,48800.8173594389,48800.8173594389,48800.8173594389,0.0
1614988800,48970.5244868498,48970.5244868498,48970.5244868498,48970.5244868498,0.0
1615075200,51086.4681794272,51086.4681794272,51086.4681794272,51086.4681794272,0.0
1615161600,52088.475131502,52088.475131502,52088.475131502,52088.475131502,0.0
1615248000,54739.1352542373,54739.1352542373,54739.1352542373,54739.1352542373,0.0
1615334400,56116.040912332,56116.040912332,56116.040912332,56116.040912332,0.0
1615420800,57847.2549357101,57847.2549357101,57847.2549357101,57847.2549357101,0.0
1615507200,57334.641534775,57334.641534775,57334.641534775,57334.641534775,0.0
1615593600,61288.7941276447,61288.7941276447,61288.7941276447,61288.7941276447,0.0
1615680000,59905.6184704851,59905.6184704851,59905.6184704851,59905.6184704851,0.0
1615766400,56121.121924021,56121.121924021,56121.121924021,56121.121924021,0.0
1615852800,56500.4460257159,56500.4460257159,56500.4460257159,56500.4460257159,0.0
1615939200,58683.0659824664,58683.0659824664,58683.0659824664,58683.0659824664,0.0
1616025600,57731.4798410871,57731.4798410871,57731.4798410871,57731.4798410871,0.0
1616112000,58168.1219222677,58168.1219222677,58168.1219222677,58168.1219222677,0.0
1616198400,58247.8847066043,58247.8847066043,58247.8847066043,58247.8847066043,0.0
1616284800,57447.9330198714,57447.9330198714,57447.9330198714,57447.9330198714,0.0
1616371200,54453.1373508475,54453.1373508475,54453.1373508475,54453.1373508475,0.0
1616457600,54563.6119458211,54563.6119458211,54563.6119458211,54563.6119458211,0.0
1616544000,52595.4113237873,52595.4113237873,52595.4113237873,52595.4113237873,0.0
1616630400,51547.1248953828,51547.1248953828,51547.1248953828,51547.1248953828,0.0
1616716800,54817.8571122151,54817.8571122151,54817.8571122151,54817.8571122151,0.0
1616803200,56019.8373055523,56019.8373055523,56019.8373055523,56019.8373055523,0.0
1616889600,55713.0381396844,55713.0381396844,55713.0381396844,55713.0381396844,0.0
1616976000,57571.2333477498,57571.2333477498,57571.2333477498,57571.2333477498,0.0
1617062400,58684.5483921683,58684.5483921683,58684.5483921683,58684.5483921683,0.0
1617148800,58792.1948275862,58792.1948275862,58792.1948275862,58792.1948275862,0.0
1617235200,58818.9770985973,58818.9770985973,58818.9770985973,58818.9770985973,0.0
1617321600,59031.5340192285,59031.5340192285,59031.5340192285,59031.5340192285,0.0
1617408000,57282.3896247808,57282.3896247808,57282.3896247808,57282.3896247808,0.0
1617494400,58202.199391993,58202.199391993,58202.199391993,58202.199391993,0.0
1617580800,58755.8525295149,58755.8525295149,58755.8525295149,58755.8525295149,0.0
1617667200,58084.0664231444,58084.0664231444,58084.0664231444,58084.0664231444,0.0
1617753600,56266.8346762127,56266.8346762127,56266.8346762127,56266.8346762127,0.0
1617840000,57963.3445994155,57963.3445994155,57963.3445994155,57963.3445994155,0.0
1617926400,58051.7625563998,58051.7625563998,58051.7625563998,58051.7625563998,0.0
1618012800,59651.5589877265,59651.5589877265,59651.5589877265,59651.5589877265,0.0
1618099200,59932.9306469901,59932.9306469901,59932.9306469901,59932.9306469901,0.0
1618185600,59905.9363744594,59905.9363744594,59905.9363744594,59905.9363744594,0.0
1618272000,63445.638314436,63445.638314436,63445.638314436,63445.638314436,0.0
1618358400,62869.4955873758,62869.4955873758,62869.4955873758,62869.4955873758,0.0
1618444800,63231.162987142,63231.162987142,63231.162987142,63231.162987142,0.0
1618531200,61571.1100905903,61571.1100905903,61571.1100905903,61571.1100905903,0.0
1618617600,60280.8761758036,60280.8761758036,60280.8761758036,60280.8761758036,0.0
1618704000,56389.5579812975,56389.5579812975,56389.5579812975,56389.5579812975,0.0
1618790400,55798.1370771479,55798.1370771479,55798.1370771479,55798.1370771479,0.0
1618876800,56474.3737586207,56474.3737586207,56474.3737586207,56474.3737586207,0.0
1618963200,54025.7995745178,54025.7995745178,54025.7995745178,54025.7995745178,0.0
1619049600,51882.0598106371,51882.0598106371,51882.0598106371,51882.0598106371,0.0
1619136000,50954.9100607832,50954.9100607832,50954.9100607832,50954.9100607832,0.0
1619222400,50279.9484464056,50279.9484464056,50279.9484464056,50279.9484464056,0.0
1619308800,48946.9407428404,48946.9407428404,48946.9407428404,48946.9407428404,0.0
1619395200,53943.3499783752,53943.3499783752,53943.3499783752,53943.3499783752,0.0
1619481600,55027.0309848042,55027.0309848042,55027.0309848042,55027.0309848042,0.0
1619568000,54787.3787071888,54787.3787071888,54787.3787071888,54787.3787071888,0.0
1619654400,53567.0811938048,53567.0811938048,53567.0811938048,53567.0811938048,0.0
1619740800,57741.44441654,57741.44441654,57741.44441654,57741.44441654,0.0
1619827200,57863.5903927528,57863.5903927528,57863.5903927528,57863.5903927528,0.0
1619913600,56572.5968410286,56572.5968410286,56572.5968410286,56572.5968410286,0.0
1620000000,57243.0416054939,57243.0416054939,57243.0416054939,57243.0416054939,0.0
1620086400,53724.10892519,53724.10892519,53724.10892519,53724.10892519,0.0
1620172800,57342.0256616014,57342.0256616014,57342.0256616014,57342.0256616014,0.0
1620259200,56527.3529789597,56527.3529789597,56527.3529789597,56527.3529789597,0.0
1620345600,57341.0684549386,57341.0684549386,57341.0684549386,57341.0684549386,0.0
1620432000,58736.1258950906,58736.1258950906,58736.1258950906,58736.1258950906,0.0
1620518400,58288.4256303916,58288.4256303916,58288.4256303916,58288.4256303916,0.0
1620604800,55902.9277399182,55902.9277399182,55902.9277399182,55902.9277399182,0.0
1620691200,56612.1026487434,56612.1026487434,56612.1026487434,56612.1026487434,0.0
1620777600,50972.355081239,50972.355081239,50972.355081239,50972.355081239,0.0
1620864000,49368.6144739918,49368.6144739918,49368.6144739918,49368.6144739918,0.0
1620950400,49997.3959011105,49997.3959011105,49997.3959011105,49997.3959011105,0.0
1621036800,47047.9633331385,47047.9633331385,47047.9633331385,47047.9633331385,0.0
1621123200,46022.5037090006,46022.5037090006,46022.5037090006,46022.5037090006,0.0
1621209600,43492.3954833431,43492.3954833431,43492.3954833431,43492.3954833431,0.0
1621296000,42789.8093921683,42789.8093921683,42789.8093921683,42789.8093921683,0.0
1621382400,37642.5200017534,37642.5200017534,37642.5200017534,37642.5200017534,0.0
1621468800,40799.4021475745,40799.4021475745,40799.4021475745,40799.4021475745,0.0
1621555200,37174.3311014027,37174.3311014027,37174.3311014027,37174.3311014027,0.0
1621641600,37643.4197983635,37643.4197983635,37643.4197983635,37643.4197983635,0.0
1621728000,34774.207221917,34774.207221917,34774.207221917,34774.207221917,0.0
1621814400,38630.4091186441,38630.4091186441,38630.4091186441,38630.4091186441,0.0
1621900800,38269.7710747516,38269.7710747516,38269.7710747516,38269.7710747516,0.0
1621987200,39194.8588980129,39194.8588980129,39194.8588980129,39194.8588980129,0.0
1622073600,38510.8570417884,38510.8570417884,38510.8570417884,38510.8570417884,0.0
1622160000,35596.7179510228,35596.7179510228,35596.7179510228,35596.7179510228,0.0
1622246400,34681.8183670368,34681.8183670368,34681.8183670368,34681.8183670368,0.0
1622332800,35652.1687703098,35652.1687703098,35652.1687703098,35652.1687703098,0.0
1622419200,37312.9748970193,37312.9748970193,37312.9748970193,37312.9748970193,0.0
1622505600,36661.3781184687,36661.3781184687,36661.3781184687,36661.3781184687,0.0
1622592000,37639.4556732905,37639.4556732905,37639.4556732905,37639.4556732905,0.0
1622678400,39160.1504132086,39160.1504132086,39160.1504132086,39160.1504132086,0.0
1622764800,36884.3735551724,36884.3735551724,36884.3735551724,36884.3735551724,0.0
1622851200,35409.5672366452,35409.5672366452,35409.5672366452,35409.5672366452,0.0
1622937600,35720.6043546464,35720.6043546464,35720.6043546464,35720.6043546464,0.0
1623024000,33724.9077517826,33724.9077517826,33724.9077517826,33724.9077517826,0.0
1623110400,33475.0489234366,33475.0489234366,33475.0489234366,33475.0489234366,0.0
1623196800,37372.9888953828,37372.9888953828,37372.9888953828,37372.9888953828,0.0
1623283200,36826.0022185856,36826.0022185856,36826.0022185856,36826.0022185856,0.0
1623369600,37185.3931268264,37185.3931268264,37185.3931268264,37185.3931268264,0.0
1623456000,35669.1712817066,35669.1712817066,35669.1712817066,35669.1712817066,0.0
1623542400,38925.4194289889,38925.4194289889,38925.4194289889,38925.4194289889,0.0
1623628800,40455.5959833431,40455.5959833431,40455.5959833431,40455.5959833431,0.0
1623715200,40254.6514679135,40254.6514679135,40254.6514679135,40254.6514679135,0.0
1623801600,38265.5437726476,38265.5437726476,38265.5437726476,38265.5437726476,0.0
1623888000,38018.6432346581,38018.6432346581,38018.6432346581,38018.6432346581,0.0
1623974400,35714.3120787259,35714.3120787259,35714.3120787259,35714.3120787259,0.0
1624060800,35555.9763966686,35555.9763966686,35555.9763966686,35555.9763966686,0.0
1624147200,35599.9418784337,35599.9418784337,35599.9418784337,35599.9418784337,0.0
1624233600,31715.1598624196,31715.1598624196,31715.1598624196,31715.1598624196,0.0
1624320000,32394.5555949737,32394.5555949737,32394.5555949737,32394.5555949737,0.0
1624406400,33610.4968129749,33610.4968129749,33610.4968129749,33610.4968129749,0.0
1624492800,34658.972875979,34658.972875979,34658.972875979,34658.972875979,0.0
1624579200,31683.5032004676,31683.5032004676,31683.5032004676,31683.5032004676,0.0
1624665600,31890.6764465225,31890.6764465225,31890.6764465225,31890.6764465225,0.0
1624752000,34506.4911975453,34506.4911975453,34506.4911975453,34506.4911975453,0.0
1624838400,34376.188538983,34376.188538983,34376.188538983,34376.188538983,0.0
1624924800,35933.7782178843,35933.7782178843,35933.7782178843,35933.7782178843,0.0
1625011200,35065.4661533606,35065.4661533606,35065.4661533606,35065.4661533606,0.0
1625097600,33505.0804935126,33505.0804935126,33505.0804935126,33505.0804935126,0.0
1625184000,33782.9459464641,33782.9459464641,33782.9459464641,33782.9459464641,0.0
1625270400,34588.2242916423,34588.2242916423,34588.2242916423,34588.2242916423,0.0
1625356800,35355.6078883694,35355.6078883694,35355.6078883694,35355.6078883694,0.0
1625443200,33911.7538404442,33911.7538404442,33911.7538404442,33911.7538404442,0.0
1625529600,34123.9815680888,34123.9815680888,34123.9815680888,34123.9815680888,0.0
1625616000,33931.6186382233,33931.6186382233,33931.6186382233,33931.6186382233,0.0
1625702400,32819.6595312098,32819.6595312098,32819.6595312098,32819.6595312098,0.0
1625788800,33914.8810742256,33914.8810742256,33914.8810742256,33914.8810742256,0.0
1625875200,33610.9458386908,33610.9458386908,33610.9458386908,33610.9458386908,0.0
1625961600,34258.4413898305,34258.4413898305,34258.4413898305,34258.4413898305,0.0
1626048000,33135.2359117475,33135.2359117475,33135.2359117475,33135.2359117475,0.0
1626134400,32641.9759610169,32641.9759610169,32641.9759610169,32641.9759610169,0.0
1626220800,32798.2845189947,32798.2845189947,32798.2845189947,32798.2845189947,0.0
1626307200,31707.6900368206,31707.6900368206,31707.6900368206,31707.6900368206,0.0
1626393600,31455.7175818819,31455.7175818819,31455.7175818819,31455.7175818819,0.0
1626480000,31547.9511990064,31547.9511990064,31547.9511990064,31547.9511990064,0.0
1626566400,31707.7038527177,31707.7038527177,31707.7038527177,31707.7038527177,0.0
1626652800,30883.4697462303,30883.4697462303,30883.4697462303,30883.4697462303,0.0
1626739200,29766.6577182934,29766.6577182934,29766.6577182934,29766.6577182934,0.0
1626825600,32119.6572258328,32119.6572258328,32119.6572258328,32119.6572258328,0.0
1626912000,32306.9614285798,32306.9614285798,32306.9614285798,32306.9614285798,0.0
1626998400,33439.5957028638,33439.5957028638,33439.5957028638,33439.5957028638,0.0
1627084800,34166.914654588,34166.914654588,34166.914654588,34166.914654588,0.0
1627171200,35119.9374360023,35119.9374360023,35119.9374360023,35119.9374360023,0.0
1627257600,37444.7825102279,37444.7825102279,37444.7825102279,37444.7825102279,0.0
1627344000,39126.5402881356,39126.5402881356,39126.5402881356,39126.5402881356,0.0
1627430400,39939.1940432495,39939.1940432495,39939.1940432495,39939.1940432495,0.0
1627516800,40086.1643950906,40086.1643950906,40086.1643950906,40086.1643950906,0.0
1627603200,41789.6670981882,41789.6670981882,41789.6670981882,41789.6670981882,0.0
1627689600,41793.3137481005,41793.3137481005,41793.3137481005,41793.3137481005,0.0
1627776000,39968.9689544126,39968.9689544126,39968.9689544126,39968.9689544126,0.0
1627862400,39304.1862835769,39304.1862835769,39304.1862835769,39304.1862835769,0.0
1627948800,38288.8253975453,38288.8253975453,38288.8253975453,38288.8253975453,0.0
1628035200,39773.9113489188,39773.9113489188,39773.9113489188,39773.9113489188,0.0
1628121600,40941.650434249,40941.650434249,40941.650434249,40941.650434249,0.0
1628208000,42790.3573284629,42790.3573284629,42790.3573284629,42790.3573284629,0.0
1628294400,44484.9005862069,44484.9005862069,44484.9005862069,44484.9005862069,0.0
1628380800,43972.3010181181,43972.3010181181,43972.3010181181,43972.3010181181,0.0
1628467200,46265.6424564582,46265.6424564582,46265.6424564582,46265.6424564582,0.0
1628553600,45488.7912624196,45488.7912624196,45488.7912624196,45488.7912624196,0.0
1628640000,45676.3263611923,45676.3263611923,45676.3263611923,45676.3263611923,0.0
1628726400,44405.7483483343,44405.7483483343,44405.7483483343,44405.7483483343,0.0
1628812800,47717.4853559322,47717.4853559322,47717.4853559322,47717.4853559322,0.0
1628899200,47124.2050736411,47124.2050736411,47124.2050736411,47124.2050736411,0.0
1628985600,47074.370710111,47074.370710111,47074.370710111,47074.370710111,0.0
1629072000,45984.7199070719,45984.7199070719,45984.7199070719,45984.7199070719,0.0
1629158400,44714.0967982466,44714.0967982466,44714.0967982466,44714.0967982466,0.0
1629244800,44954.3637469316,44954.3637469316,44954.3637469316,44954.3637469316,0.0
1629331200,46646.8615049679,46646.8615049679,46646.8615049679,46646.8615049679,0.0
1629417600,49240.8356049094,49240.8356049094,49240.8356049094,49240.8356049094,0.0
1629504000,49070.2409701929,49070.2409701929,49070.2409701929,49070.2409701929,0.0
1629590400,49363.3160952659,49363.3160952659,49363.3160952659,49363.3160952659,0.0
1629676800,49590.8763676213,49590.8763676213,49590.8763676213,49590.8763676213,0.0
1629763200,47925.8622127411,47925.8622127411,47925.8622127411,47925.8622127411,0.0
1629849600,49002.3166049094,49002.3166049094,49002.3166049094,49002.3166049094,0.0
1629936000,47190.3449929866,47190.3449929866,47190.3449929866,47190.3449929866,0.0
1630022400,49048.4755891292,49048.4755891292,49048.4755891292,49048.4755891292,0.0
1630108800,48852.4687995324,48852.4687995324,48852.4687995324,48852.4687995324,0.0
1630195200,48948.3479579193,48948.3479579193,48948.3479579193,48948.3479579193,0.0
1630281600,47125.7685189947,47125.7685189947,47125.7685189947,47125.7685189947,0.0
1630368000,47219.2443424898,47219.2443424898,47219.2443424898,47219.2443424898,0.0
1630454400,48688.5375572764,48688.5375572764,48688.5375572764,48688.5375572764,0.0
1630540800,49369.5862746932,49369.5862746932,49369.5862746932,49369.5862746932,0.0
1630627200,49860.5341635301,49860.5341635301,49860.5341635301,49860.5341635301,0.0
1630713600,49919.577563647,49919.577563647,49919.577563647,49919.577563647,0.0
1630800000,51747.6438565167,51747.6438565167,51747.6438565167,51747.6438565167,0.0
1630886400,52640.5883740503,52640.5883740503,52640.5883740503,52640.5883740503,0.0
1630972800,46854.4006028638,46854.4006028638,46854.4006028638,46854.4006028638,0.0
1631059200,46187.9757306254,46187.9757306254,46187.9757306254,46187.9757306254,0.0
1631145600,46448.7748290473,46448.7748290473,46448.7748290473,46448.7748290473,0.0
1631232000,44765.2755762712,44765.2755762712,44765.2755762712,44765.2755762712,0.0
1631318400,45098.5916447691,45098.5916447691,45098.5916447691,45098.5916447691,0.0
1631404800,46180.6124563998,46180.6124563998,46180.6124563998,46180.6124563998,0.0
1631491200,44991.5221277031,44991.5221277031,44991.5221277031,44991.5221277031,0.0
1631577600,47022.6177597896,47022.6177597896,47022.6177597896,47022.6177597896,0.0
1631664000,48167.1893676213,48167.1893676213,48167.1893676213,48167.1893676213,0.0
1631750400,47797.3283237873,47797.3283237873,47797.3283237873,47797.3283237873,0.0
1631836800,47213.7941294565,47213.7941294565,47213.7941294565,47213.7941294565,0.0
1631923200,48204.0136519579,48204.0136519579,48204.0136519579,48204.0136519579,0.0
1632009600,47218.4739964933,47218.4739964933,47218.4739964933,47218.4739964933,0.0
1632096000,42855.5103448276,42855.5103448276,42855.5103448276,42855.5103448276,0.0
1632182400,40526.4893760958,40526.4893760958,40526.4893760958,40526.4893760958,0.0
1632268800,43577.5724821742,43577.5724821742,43577.5724821742,43577.5724821742,0.0
1632355200,44861.2980329047,44861.2980329047,44861.2980329047,44861.2980329047,0.0
1632441600,42803.307701052,42803.307701052,42803.307701052,42803.307701052,0.0
1632528000,42735.2658240795,42735.2658240795,42735.2658240795,42735.2658240795,0.0
1632614400,43131.2941773816,43131.2941773816,43131.2941773816,43131.2941773816,0.0
1632700800,42496.7852250146,42496.7852250146,42496.7852250146,42496.7852250146,0.0
1632787200,41223.7862743425,41223.7862743425,41223.7862743425,41223.7862743425,0.0
1632873600,41453.9470131502,41453.9470131502,41453.9470131502,41453.9470131502,0.0
1632960000,43781.546015488,43781.546015488,43781.546015488,43781.546015488,0.0
1633046400,48078.1315543542,48078.1315543542,48078.1315543542,48078.1315543542,0.0
1633132800,47792.4391943308,47792.4391943308,47792.4391943308,47792.4391943308,0.0
1633219200,48202.6229177089,48202.6229177089,48202.6229177089,48202.6229177089,0.0
1633305600,49288.5013106371,49288.5013106371,49288.5013106371,49288.5013106371,0.0
1633392000,51558.0493319112,51558.0493319112,51558.0493319112,51558.0493319112,0.0
1633478400,55419.800411163,55419.800411163,55419.800411163,55419.800411163,0.0
1633564800,53805.1569125658,53805.1569125658,53805.1569125658,53805.1569125658,0.0
1633651200,53933.5275908825,53933.5275908825,53933.5275908825,53933.5275908825,0.0
1633737600,55010.9224751607,55010.9224751607,55010.9224751607,55010.9224751607,0.0
1633824000,54701.2797022209,54701.2797022209,54701.2797022209,54701.2797022209,0.0
1633910400,57289.1864570426,57289.1864570426,57289.1864570426,57289.1864570426,0.0
1633996800,56196.1812597896,56196.1812597896,56196.1812597896,56196.1812597896,0.0
1634083200,57348.8928769725,57348.8928769725,57348.8928769725,57348.8928769725,0.0
1634169600,57384.0369146698,57384.0369146698,57384.0369146698,57384.0369146698,0.0
1634256000,61446.0840073057,61446.0840073057,61446.0840073057,61446.0840073057,0.0
1634342400,60932.0632119228,60932.0632119228,60932.0632119228,60932.0632119228,0.0
1634428800,61462.2223722969,61462.2223722969,61462.2223722969,61462.2223722969,0.0
1634515200,61977.0575514319,61977.0575514319,61977.0575514319,61977.0575514319,0.0
1634601600,64290.8977574518,64290.8977574518,64290.8977574518,64290.8977574518,0.0
1634688000,66061.7965639977,66061.7965639977,66061.7965639977,66061.7965639977,0.0
1634774400,62373.8856206897,62373.8856206897,62373.8856206897,62373.8856206897,0.0
1634860800,60750.9673718293,60750.9673718293,60750.9673718293,60750.9673718293,0.0
1634947200,61250.082628872,61250.082628872,61250.082628872,61250.082628872,0.0
1635033600,60865.4470523086,60865.4470523086,60865.4470523086,60865.4470523086,0.0
1635120000,63031.6729015196,63031.6729015196,63031.6729015196,63031.6729015196,0.0
1635206400,60393.9802738165,60393.9802738165,60393.9802738165,60393.9802738165,0.0
1635292800,58563.3359899766,58563.3359899766,58563.3359899766,58563.3359899766,0.0
1635379200,60564.5721122151,60564.5721122151,60564.5721122151,60564.5721122151,0.0
1635465600,62230.8055689655,62230.8055689655,62230.8055689655,62230.8055689655,0.0
1635552000,61742.9165321449,61742.9165321449,61742.9165321449,61742.9165321449,0.0
1635638400,61432.9700628287,61432.9700628287,61432.9700628287,61432.9700628287,0.0
1635724800,61092.0950592051,61092.0950592051,61092.0950592051,61092.0950592051,0.0
1635811200,63024.7472296902,63024.7472296902,63024.7472296902,63024.7472296902,0.0
1635897600,62955.9817630041,62955.9817630041,62955.9817630041,62955.9817630041,0.0
1635984000,61393.8899780246,61393.8899780246,61393.8899780246,61393.8899780246,0.0
1636070400,61005.840833723,61005.840833723,61005.840833723,61005.840833723,0.0
1636156800,61455.0536268849,61455.0536268849,61455.0536268849,61455.0536268849,0.0
1636243200,63043.8290590298,63043.8290590298,63043.8290590298,63043.8290590298,0.0
1636329600,67541.7555081824,67541.7555081824,67541.7555081824,67541.7555081824,0.0
1636416000,67095.5856706605,67095.5856706605,67095.5856706605,67095.5856706605,0.0
1636502400,64756.0779689071,64756.0779689071,64756.0779689071,64756.0779689071,0.0
1636588800,64962.9312939801,64962.9312939801,64962.9312939801,64962.9312939801,0.0
1636675200,64078.968037405,64078.968037405,64078.968037405,64078.968037405,0.0
1636761600,64397.7912063121,64397.7912063121,64397.7912063121,64397.7912063121,0.0
1636848000,65032.2256548217,65032.2256548217,65032.2256548217,65032.2256548217,0.0
1636934400,63753.5031592636,63753.5031592636,63753.5031592636,63753.5031592636,0.0
1637020800,60322.4978530099,60322.4978530099,60322.4978530099,60322.4978530099,0.0
1637107200,60154.3083661601,60154.3083661601,60154.3083661601,60154.3083661601,0.0
1637193600,56794.1556271186,56794.1556271186,56794.1556271186,56794.1556271186,0.0
1637280000,58014.0729888954,58014.0729888954,58014.0729888954,58014.0729888954,0.0
1637366400,59749.4738229106,59749.4738229106,59749.4738229106,59749.4738229106,0.0
1637452800,59032.6241017534,59032.6241017534,59032.6241017534,59032.6241017534,0.0
1637539200,56383.5658760958,56383.5658760958,56383.5658760958,56383.5658760958,0.0
1637625600,57642.2657980713,57642.2657980713,57642.2657980713,57642.2657980713,0.0
1637712000,57141.8303784337,57141.8303784337,57141.8303784337,57141.8303784337,0.0
1637798400,59008.6554792519,59008.6554792519,59008.6554792519,59008.6554792519,0.0
1637884800,53800.6178389831,53800.6178389831,53800.6178389831,53800.6178389831,0.0
1637971200,54635.8824628872,54635.8824628872,54635.8824628872,54635.8824628872,0.0
1638057600,57248.5696963764,57248.5696963764,57248.5696963764,57248.5696963764,0.0
1638144000,57920.7107299825,57920.7107299825,57920.7107299825,57920.7107299825,0.0
1638230400,57097.0127942724,57097.0127942724,57097.0127942724,57097.0127942724,0.0
1638316800,57180.6098439509,57180.6098439509,57180.6098439509,57180.6098439509,0.0
1638403200,56582.8937691408,56582.8937691408,56582.8937691408,56582.8937691408,0.0
1638489600,53671.6160680888,53671.6160680888,53671.6160680888,53671.6160680888,0.0
1638576000,49159.7357983635,49159.7357983635,49159.7357983635,49159.7357983635,0.0
1638662400,49327.0935999416,49327.0935999416,49327.0935999416,49327.0935999416,0.0
1638748800,50535.4252232612,50535.4252232612,50535.4252232612,50535.4252232612,0.0
1638835200,50574.4728344828,50574.4728344828,50574.4728344828,50574.4728344828,0.0
1638921600,50500.6543513735,50500.6543513735,50500.6543513735,50500.6543513735,0.0
1639008000,47937.8228458212,47937.8228458212,47937.8228458212,47937.8228458212,0.0
1639094400,47437.2289725307,47437.2289725307,47437.2289725307,47437.2289725307,0.0
1639180800,49321.7693252484,49321.7693252484,49321.7693252484,49321.7693252484,0.0
1639267200,50136.5722568673,50136.5722568673,50136.5722568673,50136.5722568673,0.0
1639353600,46785.3278410286,46785.3278410286,46785.3278410286,46785.3278410286,0.0
1639440000,48292.6822501461,48292.6822501461,48292.6822501461,48292.6822501461,0.0
1639526400,48830.6223860316,48830.6223860316,48830.6223860316,48830.6223860316,0.0
1639612800,47663.4691077148,47663.4691077148,47663.4691077148,47663.4691077148,0.0
1639699200,46334.4837489772,46334.4837489772,46334.4837489772,46334.4837489772,0.0
1639785600,46904.8736753361,46904.8736753361,46904.8736753361,46904.8736753361,0.0
1639872000,46876.426924021,46876.426924021,46876.426924021,46876.426924021,0.0
1639958400,46954.7634783168,46954.7634783168,46954.7634783168,46954.7634783168,0.0
1640044800,49082.0624666277,49082.0624666277,49082.0624666277,49082.0624666277,0.0
1640131200,48692.0987391584,48692.0987391584,48692.0987391584,48692.0987391584,0.0
1640217600,50712.9707682642,50712.9707682642,50712.9707682642,50712.9707682642,0.0
1640304000,50783.8344210988,50783.8344210988,50783.8344210988,50783.8344210988,0.0
1640390400,50590.4508976622,50590.4508976622,50590.4508976622,50590.4508976622,0.0
1640476800,50798.3065859147,50798.3065859147,50798.3065859147,50798.3065859147,0.0
1640563200,50796.3776735827,50796.3776735827,50796.3776735827,50796.3776735827,0.0
1640649600,47673.0440452367,47673.0440452367,47673.0440452367,47673.0440452367,0.0
1640736000,46470.3215751023,46470.3215751023,46470.3215751023,46470.3215751023,0.0
1640822400,47102.4630037989,47102.4630037989,47102.4630037989,47102.4630037989,0.0
1640908800,46355.1173302747,46355.1173302747,46355.1173302747,46355.1173302747,0.0
1640995200,47560.0093816482,47560.0093816482,47560.0093816482,47560.0093816482,0.0
1641081600,47352.5577565751,47352.5577565751,47352.5577565751,47352.5577565751,0.0
1641168000,46453.432351841,46453.432351841,46453.432351841,46453.432351841,0.0
1641254400,45905.9611221508,45905.9611221508,45905.9611221508,45905.9611221508,0.0
1641340800,43530.9440388662,43530.9440388662,43530.9440388662,43530.9440388662,0.0
1641427200,43144.9652928112,43144.9652928112,43144.9652928112,43144.9652928112,0.0
1641513600,41512.7845808299,41512.7845808299,41512.7845808299,41512.7845808299,0.0
1641600000,41799.8128848627,41799.8128848627,41799.8128848627,41799.8128848627,0.0
1641686400,41886.4985569842,41886.4985569842,41886.4985569842,41886.4985569842,0.0
1641772800,41816.9510561075,41816.9510561075,41816.9510561075,41816.9510561075,0.0
1641859200,42768.1786116306,42768.1786116306,42768.1786116306,42768.1786116306,0.0
1641945600,43961.0265441262,43961.0265441262,43961.0265441262,43961.0265441262,0.0
1642032000,42626.8653924605,42626.8653924605,42626.8653924605,42626.8653924605,0.0
1642118400,43102.6476180596,43102.6476180596,43102.6476180596,43102.6476180596,0.0
1642204800,43206.6744812975,43206.6744812975,43206.6744812975,43206.6744812975,0.0
1642291200,43168.8596671537,43168.8596671537,43168.8596671537,43168.8596671537,0.0
1642377600,42211.270399474,42211.270399474,42211.270399474,42211.270399474,0.0
1642464000,42431.2319670368,42431.2319670368,42431.2319670368,42431.2319670368,0.0
1642550400,41787.722012858,41787.722012858,41787.722012858,41787.722012858,0.0
1642636800,40756.1261630625,40756.1261630625,40756.1261630625,40756.1261630625,0.0
1642723200,36492.2872241379,36492.2872241379,36492.2872241379,36492.2872241379,0.0
1642809600,34996.390965225,34996.390965225,34996.390965225,34996.390965225,0.0
1642896000,36271.0502650497,36271.0502650497,36271.0502650497,36271.0502650497,0.0
1642982400,36659.7252206312,36659.7252206312,36659.7252206312,36659.7252206312,0.0
1643068800,36952.586773232,36952.586773232,36952.586773232,36952.586773232,0.0
1643155200,36825.8245993571,36825.8245993571,36825.8245993571,36825.8245993571,0.0
1643241600,37021.9371332554,37021.9371332554,37021.9371332554,37021.9371332554,0.0
1643328000,37768.8474836353,37768.8474836353,37768.8474836353,37768.8474836353,0.0
1643414400,38088.2912279953,38088.2912279953,38088.2912279953,38088.2912279953,0.0
1643500800,37983.5063845704,37983.5063845704,37983.5063845704,37983.5063845704,0.0
1643587200,38462.6724029807,38462.6724029807,38462.6724029807,38462.6724029807,0.0
1643673600,38787.9640824079,38787.9640824079,38787.9640824079,38787.9640824079,0.0
1643760000,36942.3307493279,36942.3307493279,36942.3307493279,36942.3307493279,0.0
1643846400,37057.6521879018,37057.6521879018,37057.6521879018,37057.6521879018,0.0
1643932800,41079.9060881356,41079.9060881356,41079.9060881356,41079.9060881356,0.0
1644019200,41508.5816925774,41508.5816925774,41508.5816925774,41508.5816925774,0.0
1644105600,42358.2251732905,42358.2251732905,42358.2251732905,42358.2251732905,0.0
1644192000,43888.980119813,43888.980119813,43888.980119813,43888.980119813,0.0
1644278400,44167.4447945646,44167.4447945646,44167.4447945646,44167.4447945646,0.0
1644364800,44405.0732042665,44405.0732042665,44405.0732042665,44405.0732042665,0.0
1644451200,43614.3426960842,43614.3426960842,43614.3426960842,43614.3426960842,0.0
1644537600,42357.3217416715,42357.3217416715,42357.3217416715,42357.3217416715,0.0
1644624000,42173.4593962595,42173.4593962595,42173.4593962595,42173.4593962595,0.0
1644710400,42195.5947451782,42195.5947451782,42195.5947451782,42195.5947451782,0.0
1644796800,42646.1618590883,42646.1618590883,42646.1618590883,42646.1618590883,0.0
1644883200,44511.9084880187,44511.9084880187,44511.9084880187,44511.9084880187,0.0
1644969600,44065.7092673875,44065.7092673875,44065.7092673875,44065.7092673875,0.0
1645056000,40610.024261543,40610.024261543,40610.024261543,40610.024261543,0.0
1645142400,40044.2204856809,40044.2204856809,40044.2204856809,40044.2204856809,0.0
1645228800,40095.887329398,40095.887329398,40095.887329398,40095.887329398,0.0
1645315200,38551.6224967855,38551.6224967855,38551.6224967855,38551.6224967855,0.0
1645401600,37098.0360081824,37098.0360081824,37098.0360081824,37098.0360081824,0.0
1645488000,38202.5940818235,38202.5940818235,38202.5940818235,38202.5940818235,0.0
1645574400,37308.2687344243,37308.2687344243,37308.2687344243,37308.2687344243,0.0
1645660800,38283.790402104,38283.790402104,38283.790402104,38283.790402104,0.0
1645747200,39323.7702158387,39323.7702158387,39323.7702158387,39323.7702158387,0.0
1645833600,39056.5781523086,39056.5781523086,39056.5781523086,39056.5781523086,0.0
1645920000,37664.7792828755,37664.7792828755,37664.7792828755,37664.7792828755,0.0
1646006400,43179.2545140269,43179.2545140269,43179.2545140269,43179.2545140269,0.0
1646092800,44334.457582408,44334.457582408,44334.457582408,44334.457582408,0.0
1646179200,43984.584926768,43984.584926768,43984.584926768,43984.584926768,0.0
1646265600,42492.7744552893,42492.7744552893,42492.7744552893,42492.7744552893,0.0
1646352000,39106.4052159556,39106.4052159556,39106.4052159556,39106.4052159556,0.0
1646438400,39383.8848433665,39383.8848433665,39383.8848433665,39383.8848433665,0.0
1646524800,38399.3426268264,38399.3426268264,38399.3426268264,38399.3426268264,0.0
1646611200,38146.734273232,38146.734273232,38146.734273232,38146.734273232,0.0
1646697600,38725.477261543,38725.477261543,38725.477261543,38725.477261543,0.0
1646784000,41989.4028179427,41989.4028179427,41989.4028179427,41989.4028179427,0.0
1646870400,39482.2584672706,39482.2584672706,39482.2584672706,39482.2584672706,0.0
1646956800,38825.3644214494,38825.3644214494,38825.3644214494,38825.3644214494,0.0
1647043200,38951.1300157802,38951.1300157802,38951.1300157802,38951.1300157802,0.0
1647129600,37808.3174004091,37808.3174004091,37808.3174004091,37808.3174004091,0.0
1647216000,39649.0453243717,39649.0453243717,39649.0453243717,39649.0453243717,0.0
1647302400,39356.8139000584,39356.8139000584,39356.8139000584,39356.8139000584,0.0
1647388800,41101.768579135,41101.768579135,41101.768579135,41101.768579135,0.0
1647475200,40966.4169324956,40966.4169324956,40966.4169324956,40966.4169324956,0.0
1647561600,41826.1160710111,41826.1160710111,41826.1160710111,41826.1160710111,0.0
1647648000,42193.1615362361,42193.1615362361,42193.1615362361,42193.1615362361,0.0
1647734400,41294.7235129164,41294.7235129164,41294.7235129164,41294.7235129164,0.0
1647820800,41064.429648159,41064.429648159,41064.429648159,41064.429648159,0.0
1647907200,42383.169518761,42383.169518761,42383.169518761,42383.169518761,0.0
1647993600,42734.2000355932,42734.2000355932,42734.2000355932,42734.2000355932,0.0
1648080000,43974.5935882525,43974.5935882525,43974.5935882525,43974.5935882525,0.0
1648166400,44347.034279661,44347.034279661,44347.034279661,44347.034279661,0.0
1648252800,44519.9268641145,44519.9268641145,44519.9268641145,44519.9268641145,0.0
1648339200,46777.2056265342,46777.2056265342,46777.2056265342,46777.2056265342,0.0
1648425600,47223.6528860316,47223.6528860316,47223.6528860316,47223.6528860316,0.0
1648512000,47463.7096770894,47463.7096770894,47463.7096770894,47463.7096770894,0.0
1648598400,47123.2971478667,47123.2971478667,47123.2971478667,47123.2971478667,0.0
1648684800,45562.2106665693,45562.2106665693,45562.2106665693,45562.2106665693,0.0
1648771200,46250.3362878434,46250.3362878434,46250.3362878434,46250.3362878434,0.0
1648857600,45939.8973489188,45939.8973489188,45939.8973489188,45939.8973489188,0.0
1648944000,46440.5438538866,46440.5438538866,46440.5438538866,46440.5438538866,0.0
1649030400,46663.0041770894,46663.0041770894,46663.0041770894,46663.0041770894,0.0
1649116800,45693.0350619521,45693.0350619521,45693.0350619521,45693.0350619521,0.0
1649203200,43304.9371990064,43304.9371990064,43304.9371990064,43304.9371990064,0.0
1649289600,43569.0471697837,43569.0471697837,43569.0471697837,43569.0471697837,0.0
1649376000,42222.0689772063,42222.0689772063,42222.0689772063,42222.0689772063,0.0
1649462400,42680.9947355932,42680.9947355932,42680.9947355932,42680.9947355932,0.0
1649548800,42264.4633909994,42264.4633909994,42264.4633909994,42264.4633909994,0.0
1649635200,39544.0251835184,39544.0251835184,39544.0251835184,39544.0251835184,0.0
1649721600,40096.3669748685,40096.3669748685,40096.3669748685,40096.3669748685,0.0
1649808000,41152.7554517826,41152.7554517826,41152.7554517826,41152.7554517826,0.0
1649894400,39916.4963842782,39916.4963842782,39916.4963842782,39916.4963842782,0.0
1649980800,40527.3319567504,40527.3319567504,40527.3319567504,40527.3319567504,0.0
1650067200,40439.5881209819,40439.5881209819,40439.5881209819,40439.5881209819,0.0
1650153600,39704.7839798364,39704.7839798364,39704.7839798364,39704.7839798364,0.0
1650240000,40818.8786025716,40818.8786025716,40818.8786025716,40818.8786025716,0.0
1650326400,41489.6638011689,41489.6638011689,41489.6638011689,41489.6638011689,0.0
1650412800,41395.64458346,41395.64458346,41395.64458346,41395.64458346,0.0
1650499200,40457.4959418469,40457.4959418469,40457.4959418469,40457.4959418469,0.0
1650585600,39737.9735040912,39737.9735040912,39737.9735040912,39737.9735040912,0.0
1650672000,39582.4548720047,39582.4548720047,39582.4548720047,39582.4548720047,0.0
1650758400,39511.6456928697,39511.6456928697,39511.6456928697,39511.6456928697,0.0
1650844800,40473.7483176505,40473.7483176505,40473.7483176505,40473.7483176505,0.0
1650931200,38072.800873758,38072.800873758,38072.800873758,38072.800873758,0.0
1651017600,39218.5376174752,39218.5376174752,39218.5376174752,39218.5376174752,0.0
1651104000,39747.9894270018,39747.9894270018,39747.9894270018,39747.9894270018,0.0
1651190400,38609.5059070719,38609.5059070719,38609.5059070719,38609.5059070719,0.0
1651276800,37714.0949804208,37714.0949804208,37714.0949804208,37714.0949804208,0.0
1651363200,38459.226979135,38459.226979135,38459.226979135,38459.226979135,0.0
1651449600,38566.0628877849,38566.0628877849,38566.0628877849,38566.0628877849,0.0
1651536000,37704.4053153127,37704.4053153127,37704.4053153127,37704.4053153127,0.0
1651622400,39641.852176505,39641.852176505,39641.852176505,39641.852176505,0.0
1651708800,36502.0245601403,36502.0245601403,36502.0245601403,36502.0245601403,0.0
1651795200,36042.9995584453,36042.9995584453,36042.9995584453,36042.9995584453,0.0
1651881600,35508.7110227937,35508.7110227937,35508.7110227937,35508.7110227937,0.0
1651968000,34058.9066861484,34058.9066861484,34058.9066861484,34058.9066861484,0.0
1652054400,30457.9218194039,30457.9218194039,30457.9218194039,30457.9218194039,0.0
1652140800,30990.7351659848,30990.7351659848,30990.7351659848,30990.7351659848,0.0
1652227200,28796.5568217417,28796.5568217417,28796.5568217417,28796.5568217417,0.0
1652313600,29030.7070417884,29030.7070417884,29030.7070417884,29030.7070417884,0.0
1652400000,29285.9346718293,29285.9346718293,29285.9346718293,29285.9346718293,0.0
1652486400,30051.935755114,30051.935755114,30051.935755114,30051.935755114,0.0
1652572800,31182.6212460549,31182.6212460549,31182.6212460549,31182.6212460549,0.0
1652659200,29889.6124757452,29889.6124757452,29889.6124757452,29889.6124757452,0.0
1652745600,30438.1944476914,30438.1944476914,30438.1944476914,30438.1944476914,0.0
1652832000,28771.2204786675,28771.2204786675,28771.2204786675,28771.2204786675,0.0
1652918400,30257.8852483928,30257.8852483928,30257.8852483928,30257.8852483928,0.0
1653004800,29224.245998422,29224.245998422,29224.245998422,29224.245998422,0.0
1653091200,29420.0782857978,29420.0782857978,29420.0782857978,29420.0782857978,0.0
1653177600,30331.87514173,30331.87514173,30331.87514173,30331.87514173,0.0
1653264000,29088.2515419638,29088.2515419638,29088.2515419638,29088.2515419638,0.0
1653350400,29643.6837556984,29643.6837556984,29643.6837556984,29643.6837556984,0.0
1653436800,29577.259880187,29577.259880187,29577.259880187,29577.259880187,0.0
1653523200,29332.4860467563,29332.4860467563,29332.4860467563,29332.4860467563,0.0
1653609600,28612.0413103448,28612.0413103448,28612.0413103448,28612.0413103448,0.0
1653696000,29045.5206344243,29045.5206344243,29045.5206344243,29045.5206344243,0.0
1653782400,29430.0689800117,29430.0689800117,29430.0689800117,29430.0689800117,0.0
1653868800,31735.9549719462,31735.9549719462,31735.9549719462,31735.9549719462,0.0
1653955200,31831.4095251315,31831.4095251315,31831.4095251315,31831.4095251315,0.0
1654041600,29825.9221992987,29825.9221992987,29825.9221992987,29825.9221992987,0.0
1654128000,30504.2679997078,30504.2679997078,30504.2679997078,30504.2679997078,0.0
1654214400,29662.6709708942,29662.6709708942,29662.6709708942,29662.6709708942,0.0
1654300800,29792.4076779077,29792.4076779077,29792.4076779077,29792.4076779077,0.0
1654387200,29915.4093009936,29915.4093009936,29915.4093009936,29915.4093009936,0.0
1654473600,31333.6770197545,31333.6770197545,31333.6770197545,31333.6770197545,0.0
1654560000,31175.0324289889,31175.0324289889,31175.0324289889,31175.0324289889,0.0
1654646400,30228.464698422,30228.464698422,30228.464698422,30228.464698422,0.0
1654732800,30064.4855289305,30064.4855289305,30064.4855289305,30064.4855289305,0.0
1654819200,29070.4000300994,29070.4000300994,29070.4000300994,29070.4000300994,0.0
1654905600,28360.7899231444,28360.7899231444,28360.7899231444,28360.7899231444,0.0
1654992000,26830.2839456458,26830.2839456458,26830.2839456458,26830.2839456458,0.0
1655078400,22316.2570400351,22316.2570400351,22316.2570400351,22316.2570400351,0.0
1655164800,22072.8663085915,22072.8663085915,22072.8663085915,22072.8663085915,0.0
1655251200,22520.7910087668,22520.7910087668,22520.7910087668,22520.7910087668,0.0
1655337600,20310.1769848042,20310.1769848042,20310.1769848042,20310.1769848042,0.0
1655424000,20464.9290873174,20464.9290873174,20464.9290873174,20464.9290873174,0.0
1655510400,19013.8672536528,19013.8672536528,19013.8672536528,19013.8672536528,0.0
1655596800,20492.2951683226,20492.2951683226,20492.2951683226,20492.2951683226,0.0
1655683200,20571.6292247224,20571.6292247224,20571.6292247224,20571.6292247224,0.0
1655769600,20688.4651312098,20688.4651312098,20688.4651312098,20688.4651312098,0.0
1655856000,20003.1683375219,20003.1683375219,20003.1683375219,20003.1683375219,0.0
1655942400,21097.1028331385,21097.1028331385,21097.1028331385,21097.1028331385,0.0
1656028800,21299.0769853887,21299.0769853887,21299.0769853887,21299.0769853887,0.0
1656115200,21468.3431566335,21468.3431566335,21468.3431566335,21468.3431566335,0.0
1656201600,21066.6209430158,21066.6209430158,21066.6209430158,21066.6209430158,0.0
1656288000,20751.0516960842,20751.0516960842,20751.0516960842,20751.0516960842,0.0
1656374400,20263.2196393922,20263.2196393922,20263.2196393922,20263.2196393922,0.0
1656460800,20080.9480864991,20080.9480864991,20080.9480864991,20080.9480864991,0.0
1656547200,19332.9121294565,19332.9121294565,19332.9121294565,19332.9121294565,0.0
1656633600,19341.8631240795,19341.8631240795,19341.8631240795,19341.8631240795,0.0
1656720000,19231.8317083577,19231.8317083577,19231.8317083577,19231.8317083577,0.0
1656806400,19276.5146639392,19276.5146639392,19276.5146639392,19276.5146639392,0.0
1656892800,20226.2984745763,20226.2984745763,20226.2984745763,20226.2984745763,0.0
1656979200,20193.3427938048,20193.3427938048,20193.3427938048,20193.3427938048,0.0
1657065600,20560.8438126826,20560.8438126826,20560.8438126826,20560.8438126826,0.0
1657152000,21651.4191423144,21651.4191423144,21651.4191423144,21651.4191423144,0.0
1657238400,21813.7871239042,21813.7871239042,21813.7871239042,21813.7871239042,0.0
1657324800,21585.1321922852,21585.1321922852,21585.1321922852,21585.1321922852,0.0
1657411200,20831.2733915839,20831.2733915839,20831.2733915839,20831.2733915839,0.0
1657497600,19971.3294704851,19971.3294704851,19971.3294704851,19971.3294704851,0.0
1657584000,19339.1534734074,19339.1534734074,19339.1534734074,19339.1534734074,0.0
1657670400,20155.5278386908,20155.5278386908,20155.5278386908,20155.5278386908,0.0
1657756800,20552.8990289304,20552.8990289304,20552.8990289304,20552.8990289304,0.0
1657843200,20831.722700526,20831.722700526,20831.722700526,20831.722700526,0.0
1657929600,21196.5091428989,21196.5091428989,21196.5091428989,21196.5091428989,0.0
1658016000,20827.8886085915,20827.8886085915,20827.8886085915,20827.8886085915,0.0
1658102400,22305.7066428989,22305.7066428989,22305.7066428989,22305.7066428989,0.0
1658188800,23371.2026601403,23371.2026601403,23371.2026601403,23371.2026601403,0.0
1658275200,23280.9356680304,23280.9356680304,23280.9356680304,23280.9356680304,0.0
1658361600,23152.4093112215,23152.4093112215,23152.4093112215,23152.4093112215,0.0
1658448000,22706.0835554646,22706.0835554646,22706.0835554646,22706.0835554646,0.0
1658534400,22484.4592317358,22484.4592317358,22484.4592317358,22484.4592317358,0.0
1658620800,22653.3570260082,22653.3570260082,22653.3570260082,22653.3570260082,0.0
1658707200,21510.1255874342,21510.1255874342,21510.1255874342,21510.1255874342,0.0
1658793600,21181.6591967855,21181.6591967855,21181.6591967855,21181.6591967855,0.0
1658880000,22898.4150683226,22898.4150683226,22898.4150683226,22898.4150683226,0.0
1658966400,23838.5568838691,23838.5568838691,23838.5568838691,23838.5568838691,0.0
1659052800,23950.7403798948,23950.7403798948,23950.7403798948,23950.7403798948,0.0
1659139200,23623.4349611338,23623.4349611338,23623.4349611338,23623.4349611338,0.0
1659225600,23356.1722215079,23356.1722215079,23356.1722215079,23356.1722215079,0.0
1659312000,23331.4426969608,23331.4426969608,23331.4426969608,23331.4426969608,0.0
1659398400,23031.4268834015,23031.4268834015,23031.4268834015,23031.4268834015,0.0
1659484800,22809.7474418469,22809.7474418469,22809.7474418469,22809.7474418469,0.0
1659571200,22628.3320821157,22628.3320821157,22628.3320821157,22628.3320821157,0.0
1659657600,23248.9715023378,23248.9715023378,23248.9715023378,23248.9715023378,0.0
1659744000,22996.2750452952,22996.2750452952,22996.2750452952,22996.2750452952,0.0
1659830400,23153.6584713618,23153.6584713618,23153.6584713618,23153.6584713618,0.0
1659916800,23803.6505154296,23803.6505154296,23803.6505154296,23803.6505154296,0.0
1660003200,23186.2917464641,23186.2917464641,23186.2917464641,23186.2917464641,0.0
1660089600,23923.0584830508,23923.0584830508,23923.0584830508,23923.0584830508,0.0
1660176000,23934.4390561075,23934.4390561075,23934.4390561075,23934.4390561075,0.0
1660262400,24396.3088462887,24396.3088462887,24396.3088462887,24396.3088462887,0.0
1660348800,24426.2225748101,24426.2225748101,24426.2225748101,24426.2225748101,0.0
1660435200,24314.2021315021,24314.2021315021,24314.2021315021,24314.2021315021,0.0
1660521600,24083.9539748685,24083.9539748685,24083.9539748685,24083.9539748685,0.0
1660608000,23868.8193530099,23868.8193530099,23868.8193530099,23868.8193530099,0.0
1660694400,23336.3489310345,23336.3489310345,23336.3489310345,23336.3489310345,0.0
1660780800,23221.1706028638,23221.1706028638,23221.1706028638,23221.1706028638,0.0
1660867200,20906.7663141438,20906.7663141438,20906.7663141438,20906.7663141438,0.0
1660953600,21146.6548021625,21146.6548021625,21146.6548021625,21146.6548021625,0.0
1661040000,21553.9961717125,21553.9961717125,21553.9961717125,21553.9961717125,0.0
1661126400,21301.0840581531,21301.0840581531,21301.0840581531,21301.0840581531,0.0
1661212800,21534.5143521333,21534.5143521333,21534.5143521333,21534.5143521333,0.0
1661299200,21424.9728232028,21424.9728232028,21424.9728232028,21424.9728232028,0.0
1661385600,21587.8395844535,21587.8395844535,21587.8395844535,21587.8395844535,0.0
1661472000,20246.1655733489,20246.1655733489,20246.1655733489,20246.1655733489,0.0
1661558400,20043.9909485681,20043.9909485681,20043.9909485681,20043.9909485681,0.0
1661644800,19673.5412188778,19673.5412188778,19673.5412188778,19673.5412188778,0.0
1661731200,20270.960383986,20270.960383986,20270.960383986,20270.960383986,0.0
1661817600,19825.4632066043,19825.4632066043,19825.4632066043,19825.4632066043,0.0
1661904000,20024.6716059614,20024.6716059614,20024.6716059614,20024.6716059614,0.0
1661990400,20105.4626072472,20105.4626072472,20105.4626072472,20105.4626072472,0.0
1662076800,19948.8567472823,19948.8567472823,19948.8567472823,19948.8567472823,0.0
1662163200,19803.8332697253,19803.8332697253,19803.8332697253,19803.8332697253,0.0
1662249600,19961.9118907072,19961.9118907072,19961.9118907072,19961.9118907072,0.0
1662336000,19797.7967884278,19797.7967884278,19797.7967884278,19797.7967884278,0.0
1662422400,18846.150537405,18846.150537405,18846.150537405,18846.150537405,0.0
1662508800,19292.9070745178,19292.9070745178,19292.9070745178,19292.9070745178,0.0
1662595200,19319.1248512566,19319.1248512566,19319.1248512566,19319.1248512566,0.0
1662681600,21363.3136152542,21363.3136152542,21363.3136152542,21363.3136152542,0.0
1662768000,21715.2107980713,21715.2107980713,21715.2107980713,21715.2107980713,0.0
1662854400,21732.7705686733,21732.7705686733,21732.7705686733,21732.7705686733,0.0
1662940800,22365.2145601987,22365.2145601987,22365.2145601987,22365.2145601987,0.0
1663027200,20165.0421607247,20165.0421607247,20165.0421607247,20165.0421607247,0.0
1663113600,20246.3660424313,20246.3660424313,20246.3660424313,20246.3660424313,0.0
1663200000,19696.8698661601,19696.8698661601,19696.8698661601,19696.8698661601,0.0
1663286400,19741.5776168907,19741.5776168907,19741.5776168907,19741.5776168907,0.0
1663372800,20120.7023459965,20120.7023459965,20120.7023459965,20120.7023459965,0.0
1663459200,19427.1002626534,19427.1002626534,19427.1002626534,19427.1002626534,0.0
1663545600,19557.9769582116,19557.9769582116,19557.9769582116,19557.9769582116,0.0
1663632000,18872.9498667446,18872.9498667446,18872.9498667446,18872.9498667446,0.0
1663718400,18506.7607481005,18506.7607481005,18506.7607481005,18506.7607481005,0.0
1663804800,19414.5396449445,19414.5396449445,19414.5396449445,19414.5396449445,0.0
1663891200,19326.8648199883,19326.8648199883,19326.8648199883,19326.8648199883,0.0
1663977600,18924.7677872589,18924.7677872589,18924.7677872589,18924.7677872589,0.0
1664064000,18793.1561531268,18793.1561531268,18793.1561531268,18793.1561531268,0.0
1664150400,19201.1317209234,19201.1317209234,19201.1317209234,19201.1317209234,0.0
1664236800,19106.7389135009,19106.7389135009,19106.7389135009,19106.7389135009,0.0
1664323200,19454.937210111,19454.937210111,19454.937210111,19454.937210111,0.0
1664409600,19540.8664105786,19540.8664105786,19540.8664105786,19540.8664105786,0.0
1664496000,19435.1946917008,19435.1946917008,19435.1946917008,19435.1946917008,0.0
1664582400,19311.861629398,19311.861629398,19311.861629398,19311.861629398,0.0
1664668800,19015.2928050847,19015.2928050847,19015.2928050847,19015.2928050847,0.0
1664755200,19633.4325859147,19633.4325859147,19633.4325859147,19633.4325859147,0.0
1664841600,20339.9712811221,20339.9712811221,20339.9712811221,20339.9712811221,0.0
1664928000,20155.0996987142,20155.0996987142,20155.0996987142,20155.0996987142,0.0
1665014400,19950.5477957335,19950.5477957335,19950.5477957335,19950.5477957335,0.0
1665100800,19539.1439216832,19539.1439216832,19539.1439216832,19539.1439216832,0.0
1665187200,19416.1772291058,19416.1772291058,19416.1772291058,19416.1772291058,0.0
1665273600,19428.3671323787,19428.3671323787,19428.3671323787,19428.3671323787,0.0
1665360000,19154.4042346581,19154.4042346581,19154.4042346581,19154.4042346581,0.0
1665446400,19039.2820683811,19039.2820683811,19039.2820683811,19039.2820683811,0.0
1665532800,19156.9115645821,19156.9115645821,19156.9115645821,19156.9115645821,0.0
1665619200,19387.8336806546,19387.8336806546,19387.8336806546,19387.8336806546,0.0
1665705600,19177.6941031561,19177.6941031561,19177.6941031561,19177.6941031561,0.0
1665792000,19069.8749272355,19069.8749272355,19069.8749272355,19069.8749272355,0.0
1665878400,19261.7497878434,19261.7497878434,19261.7497878434,19261.7497878434,0.0
1665964800,19557.0218106371,19557.0218106371,19557.0218106371,19557.0218106371,0.0
1666051200,19341.4075543542,19341.4075543542,19341.4075543542,19341.4075543542,0.0
1666137600,19132.1544254822,19132.1544254822,19132.1544254822,19132.1544254822,0.0
1666224000,19033.3760239626,19033.3760239626,19033.3760239626,19033.3760239626,0.0
1666310400,19174.8763487434,19174.8763487434,19174.8763487434,19174.8763487434,0.0
1666396800,19207.6285078901,19207.6285078901,19207.6285078901,19207.6285078901,0.0
1666483200,19565.4123243717,19565.4123243717,19565.4123243717,19565.4123243717,0.0
1666569600,19341.460210111,19341.460210111,19341.460210111,19341.460210111,0.0
1666656000,20094.9611215663,20094.9611215663,20094.9611215663,20094.9611215663,0.0
1666742400,20797.0308258328,20797.0308258328,20797.0308258328,20797.0308258328,0.0
1666828800,20280.1751280538,20280.1751280538,20280.1751280538,20280.1751280538,0.0
1666915200,20604.6138535944,20604.6138535944,20604.6138535944,20604.6138535944,0.0
1667001600,20803.8999205143,20803.8999205143,20803.8999205143,20803.8999205143,0.0
1667088000,20616.7033766803,20616.7033766803,20616.7033766803,20616.7033766803,0.0
1667174400,20490.8581808884,20490.8581808884,20490.8581808884,20490.8581808884,0.0
1667260800,20483.966530976,20483.966530976,20483.966530976,20483.966530976,0.0
1667347200,20148.2845537697,20148.2845537697,20148.2845537697,20148.2845537697,0.0
1667433600,20198.1111860316,20198.1111860316,20198.1111860316,20198.1111860316,0.0
1667520000,21157.2449275278,21157.2449275278,21157.2449275278,21157.2449275278,0.0
1667606400,21283.4715999416,21283.4715999416,21283.4715999416,21283.4715999416,0.0
1667692800,20946.8030359439,20946.8030359439,20946.8030359439,20946.8030359439,0.0
1667779200,20568.5651183518,20568.5651183518,20568.5651183518,20568.5651183518,0.0
1667865600,18520.971163647,18520.971163647,18520.971163647,18520.971163647,0.0
1667952000,15758.2912819988,15758.2912819988,15758.2912819988,15758.2912819988,0.0
1668038400,17541.5602866745,17541.5602866745,17541.5602866745,17541.5602866745,0.0
1668124800,16916.8506312098,16916.8506312098,16916.8506312098,16916.8506312098,0.0
1668211200,16771.2426718293,16771.2426718293,16771.2426718293,16771.2426718293,0.0
1668297600,16320.4983375219,16320.4983375219,16320.4983375219,16320.4983375219,0.0
1668384000,16629.4784146698,16629.4784146698,16629.4784146698,16629.4784146698,0.0
1668470400,16855.59378609,16855.59378609,16855.59378609,16855.59378609,0.0
1668556800,16659.6063345996,16659.6063345996,16659.6063345996,16659.6063345996,0.0
1668643200,16675.1790204559,16675.1790204559,16675.1790204559,16675.1790204559,0.0
1668729600,16661.5229576271,16661.5229576271,16661.5229576271,16661.5229576271,0.0
1668816000,16696.0040581531,16696.0040581531,16696.0040581531,16696.0040581531,0.0
1668902400,16246.8446992987,16246.8446992987,16246.8446992987,16246.8446992987,0.0
1668988800,15778.0174047341,15778.0174047341,15778.0174047341,15778.0174047341,0.0
1669075200,16172.8893445354,16172.8893445354,16172.8893445354,16172.8893445354,0.0
1669161600,16574.0617299825,16574.0617299825,16574.0617299825,16574.0617299825,0.0
1669248000,16583.5243445354,16583.5243445354,16583.5243445354,16583.5243445354,0.0
1669334400,16522.3887767388,16522.3887767388,16522.3887767388,16522.3887767388,0.0
1669420800,16448.6413077148,16448.6413077148,16448.6413077148,16448.6413077148,0.0
1669507200,16436.0707688486,16436.0707688486,16436.0707688486,16436.0707688486,0.0
1669593600,16212.5814161309,16212.5814161309,16212.5814161309,16212.5814161309,0.0
1669680000,16443.0368199883,16443.0368199883,16443.0368199883,16443.0368199883,0.0
1669766400,17176.8986914085,17176.8986914085,17176.8986914085,17176.8986914085,0.0
1669852800,16961.2918042081,16961.2918042081,16961.2918042081,16961.2918042081,0.0
1669939200,17075.1091370544,17075.1091370544,17075.1091370544,17075.1091370544,0.0
1670025600,16899.5073831093,16899.5073831093,16899.5073831093,16899.5073831093,0.0
1670112000,17121.7149824664,17121.7149824664,17121.7149824664,17121.7149824664,0.0
1670198400,16961.3517866745,16961.3517866745,16961.3517866745,16961.3517866745,0.0
1670284800,17070.5158281707,17070.5158281707,17070.5158281707,17070.5158281707,0.0
1670371200,16848.2518243717,16848.2518243717,16848.2518243717,16848.2518243717,0.0
1670457600,17231.4563223261,17231.4563223261,17231.4563223261,17231.4563223261,0.0
1670544000,17136.1490008767,17136.1490008767,17136.1490008767,17136.1490008767,0.0
1670630400,17124.2146797195,17124.2146797195,17124.2146797195,17124.2146797195,0.0
1670716800,17094.3606592636,17094.3606592636,17094.3606592636,17094.3606592636,0.0
1670803200,17195.5249962011,17195.5249962011,17195.5249962011,17195.5249962011,0.0
1670889600,17774.9166320865,17774.9166320865,17774.9166320865,17774.9166320865,0.0
1670976000,17809.7240835769,17809.7240835769,17809.7240835769,17809.7240835769,0.0
1671062400,17344.0544569258,17344.0544569258,17344.0544569258,17344.0544569258,0.0
1671148800,16606.1101750438,16606.1101750438,16606.1101750438,16606.1101750438,0.0
1671235200,16774.3853702513,16774.3853702513,16774.3853702513,16774.3853702513,0.0
1671321600,16776.1159254822,16776.1159254822,16776.1159254822,16776.1159254822,0.0
1671408000,16424.1313857393,16424.1313857393,16424.1313857393,16424.1313857393,0.0
1671494400,16901.8169362946,16901.8169362946,16901.8169362946,16901.8169362946,0.0
1671580800,16800.5329707773,16800.5329707773,16800.5329707773,16800.5329707773,0.0
1671667200,16814.2225791935,16814.2225791935,16814.2225791935,16814.2225791935,0.0
1671753600,16780.5169798363,16780.5169798363,16780.5169798363,16780.5169798363,0.0
1671840000,16837.612170076,16837.612170076,16837.612170076,16837.612170076,0.0
1671926400,16824.8389736996,16824.8389736996,16824.8389736996,16824.8389736996,0.0
1672012800,16879.9382273524,16879.9382273524,16879.9382273524,16879.9382273524,0.0
1672099200,16698.9112708942,16698.9112708942,16698.9112708942,16698.9112708942,0.0
1672185600,16536.2942001753,16536.2942001753,16536.2942001753,16536.2942001753,0.0
1672272000,16630.5931551724,16630.5931551724,16630.5931551724,16630.5931551724,0.0
1672358400,16593.6888287551,16593.6888287551,16593.6888287551,16593.6888287551,0.0
1672444800,16524.2178024547,16524.2178024547,16524.2178024547,16524.2178024547,0.0
1672531200,16606.7520432496,16606.7520432496,16606.7520432496,16606.7520432496,0.0
1672617600,16688.7192729398,16688.7192729398,16688.7192729398,16688.7192729398,0.0
1672704000,16670.0773836937,16670.0773836937,16670.0773836937,16670.0773836937,0.0
1672790400,16848.3660391584,16848.3660391584,16848.3660391584,16848.3660391584,0.0
1672876800,16824.8001826417,16824.8001826417,16824.8001826417,16824.8001826417,0.0
1672963200,16957.8622738165,16957.8622738165,16957.8622738165,16957.8622738165,0.0
1673049600,16942.6285891292,16942.6285891292,16942.6285891292,16942.6285891292,0.0
1673136000,17059.2399444769,17059.2399444769,17059.2399444769,17059.2399444769,0.0
1673222400,17182.3198521333,17182.3198521333,17182.3198521333,17182.3198521333,0.0
1673308800,17433.9146320865,17433.9146320865,17433.9146320865,17433.9146320865,0.0
1673395200,17833.7107656341,17833.7107656341,17833.7107656341,17833.7107656341,0.0
1673481600,18869.7044842198,18869.7044842198,18869.7044842198,18869.7044842198,0.0
1673568000,19868.7247454705,19868.7247454705,19868.7247454705,19868.7247454705,0.0
1673654400,21010.9227200468,21010.9227200468,21010.9227200468,21010.9227200468,0.0
1673740800,20876.0085561075,20876.0085561075,20876.0085561075,20876.0085561075,0.0
1673827200,21180.4119485681,21180.4119485681,21180.4119485681,21180.4119485681,0.0
1673913600,21178.2993962595,21178.2993962595,21178.2993962595,21178.2993962595,0.0
1674000000,20709.6686040327,20709.6686040327,20709.6686040327,20709.6686040327,0.0
1674086400,21071.8334152542,21071.8334152542,21071.8334152542,21071.8334152542,0.0
1674172800,22660.7169421391,22660.7169421391,22660.7169421391,22660.7169421391,0.0
1674259200,22803.172761543,22803.172761543,22803.172761543,22803.172761543,0.0
1674345600,22716.2771966686,22716.2771966686,22716.2771966686,22716.2771966686,0.0
1674432000,22929.0248936295,22929.0248936295,22929.0248936295,22929.0248936295,0.0
1674518400,22611.1268787259,22611.1268787259,22611.1268787259,22611.1268787259,0.0
1674604800,23109.0845189947,23109.0845189947,23109.0845189947,23109.0845189947,0.0
1674691200,23008.6894766219,23008.6894766219,23008.6894766219,23008.6894766219,0.0
1674777600,23070.4964582116,23070.4964582116,23070.4964582116,23070.4964582116,0.0
1674864000,23008.8094649328,23008.8094649328,23008.8094649328,23008.8094649328,0.0
1674950400,23774.9963679135,23774.9963679135,23774.9963679135,23774.9963679135,0.0
1675036800,22799.427261543,22799.427261543,22799.427261543,22799.427261543,0.0
1675123200,23130.0519132087,23130.0519132087,23130.0519132087,23130.0519132087,0.0
1675209600,23727.2026075395,23727.2026075395,23727.2026075395,23727.2026075395,0.0
1675296000,23505.6048430742,23505.6048430742,23505.6048430742,23505.6048430742,0.0
1675382400,23445.8131773816,23445.8131773816,23445.8131773816,23445.8131773816,0.0
1675468800,23355.5243863238,23355.5243863238,23355.5243863238,23355.5243863238,0.0
1675555200,22957.2251905319,22957.2251905319,22957.2251905319,22957.2251905319,0.0
1675641600,22745.1650371128,22745.1650371128,22745.1650371128,22745.1650371128,0.0
1675728000,23266.2692036821,23266.2692036821,23266.2692036821,23266.2692036821,0.0
1675814400,22937.5799453536,22937.5799453536,22937.5799453536,22937.5799453536,0.0
1675900800,21818.1989456458,21818.1989456458,21818.1989456458,21818.1989456458,0.0
1675987200,21620.5667837522,21620.5667837522,21620.5667837522,21620.5667837522,0.0
1676073600,21864.8626414378,21864.8626414378,21864.8626414378,21864.8626414378,0.0
1676160000,21772.1373252484,21772.1373252484,21772.1373252484,21772.1373252484,0.0
1676246400,21798.7157168323,21798.7157168323,21798.7157168323,21798.7157168323,0.0
1676332800,22222.415043834,22222.415043834,22222.415043834,22222.415043834,0.0
1676419200,24304.6129827586,24304.6129827586,24304.6129827586,24304.6129827586,0.0
1676505600,23742.4488354763,23742.4488354763,23742.4488354763,23742.4488354763,0.0
1676592000,24607.3356054939,24607.3356054939,24607.3356054939,24607.3356054939,0.0
1676678400,24636.5266127995,24636.5266127995,24636.5266127995,24636.5266127995,0.0
1676764800,24366.9907606663,24366.9907606663,24366.9907606663,24366.9907606663,0.0
1676851200,24797.8430359439,24797.8430359439,24797.8430359439,24797.8430359439,0.0
1676937600,24400.3893898305,24400.3893898305,24400.3893898305,24400.3893898305,0.0
1677024000,24163.7389812975,24163.7389812975,24163.7389812975,24163.7389812975,0.0
1677110400,23910.0342104033,23910.0342104033,23910.0342104033,23910.0342104033,0.0
1677196800,23175.8242036821,23175.8242036821,23175.8242036821,23175.8242036821,0.0
1677283200,23159.8154403857,23159.8154403857,23159.8154403857,23159.8154403857,0.0
1677369600,23542.0964281122,23542.0964281122,23542.0964281122,23542.0964281122,0.0
1677456000,23504.1894178843,23504.1894178843,23504.1894178843,23504.1894178843,0.0
1677542400,23145.9491277031,23145.9491277031,23145.9491277031,23145.9491277031,0.0
1677628800,23610.6590902981,23610.6590902981,23610.6590902981,23610.6590902981,0.0
1677715200,23470.0254815897,23470.0254815897,23470.0254815897,23470.0254815897,0.0
1677801600,22350.0962340736,22350.0962340736,22350.0962340736,22350.0962340736,0.0
1677888000,22334.2852638808,22334.2852638808,22334.2852638808,22334.2852638808,0.0
1677974400,22419.8171390999,22419.8171390999,22419.8171390999,22419.8171390999,0.0
1678060800,22414.7033056692,22414.7033056692,22414.7033056692,22414.7033056692,0.0
1678147200,22174.6484725307,22174.6484725307,22174.6484725307,22174.6484725307,0.0
1678233600,21701.3846227352,21701.3846227352,21701.3846227352,21701.3846227352,0.0
1678320000,20349.8141732905,20349.8141732905,20349.8141732905,20349.8141732905,0.0
1678406400,20240.406694623,20240.406694623,20240.406694623,20240.406694623,0.0
1678492800,20585.2343290473,20585.2343290473,20585.2343290473,20585.2343290473,0.0
1678579200,22065.9800359439,22065.9800359439,22065.9800359439,22065.9800359439,0.0
1678665600,24154.4290946815,24154.4290946815,24154.4290946815,24154.4290946815,0.0
1678752000,24769.0175691409,24769.0175691409,24769.0175691409,24769.0175691409,0.0
1678838400,24409.8017518995,24409.8017518995,24409.8017518995,24409.8017518995,0.0
1678924800,25043.2388468732,25043.2388468732,25043.2388468732,25043.2388468732,0.0
1679011200,27450.6282933957,27450.6282933957,27450.6282933957,27450.6282933957,0.0
1679097600,26985.7359915254,26985.7359915254,26985.7359915254,26985.7359915254,0.0
1679184000,28185.2043319696,28185.2043319696,28185.2043319696,28185.2043319696,0.0
1679270400,27834.3361090006,27834.3361090006,27834.3361090006,27834.3361090006,0.0
1679356800,28172.7950558153,28172.7950558153,28172.7950558153,28172.7950558153,0.0
1679443200,27341.5571297487,27341.5571297487,27341.5571297487,27341.5571297487,0.0
1679529600,28387.8897495617,28387.8897495617,28387.8897495617,28387.8897495617,0.0
1679616000,27464.1249453536,27464.1249453536,27464.1249453536,27464.1249453536,0.0
1679702400,27488.954880187,27488.954880187,27488.954880187,27488.954880187,0.0
1679788800,28049.3916911163,28049.3916911163,28049.3916911163,28049.3916911163,0.0
1679875200,27154.9963702513,27154.9963702513,27154.9963702513,27154.9963702513,0.0
1679961600,27283.9634029807,27283.9634029807,27283.9634029807,27283.9634029807,0.0
1680048000,28389.2917784921,28389.2917784921,28389.2917784921,28389.2917784921,0.0
1680134400,28021.5583009936,28021.5583009936,28021.5583009936,28021.5583009936,0.0
1680220800,28514.6813062537,28514.6813062537,28514.6813062537,28514.6813062537,0.0
1680307200,28494.5638863238,28494.5638863238,28494.5638863238,28494.5638863238,0.0
1680393600,28161.9980362361,28161.9980362361,28161.9980362361,28161.9980362361,0.0
1680480000,27850.9799436002,27850.9799436002,27850.9799436002,27850.9799436002,0.0
1680566400,28113.9585187025,28113.9585187025,28113.9585187025,28113.9585187025,0.0
1680652800,28190.3116063705,28190.3116063705,28190.3116063705,28190.3116063705,0.0
1680739200,28049.0744763296,28049.0744763296,28049.0744763296,28049.0744763296,0.0
1680825600,27936.8042609585,27936.8042609585,27936.8042609585,27936.8042609585,0.0
1680912000,27964.0512498539,27964.0512498539,27964.0512498539,27964.0512498539,0.0
1680998400,28357.8072703098,28357.8072703098,28357.8072703098,28357.8072703098,0.0
1681084800,29687.5651846873,29687.5651846873,29687.5651846873,29687.5651846873,0.0
1681171200,30247.0959193454,30247.0959193454,30247.0959193454,30247.0959193454,0.0
1681257600,29913.0035463472,29913.0035463472,29913.0035463472,29913.0035463472,0.0
1681344000,30370.82207218,30370.82207218,30370.82207218,30370.82207218,0.0
1681430400,30458.9700414962,30458.9700414962,30458.9700414962,30458.9700414962,0.0
1681516800,30342.0591084161,30342.0591084161,30342.0591084161,30342.0591084161,0.0
1681603200,30312.9308533022,30312.9308533022,30312.9308533022,30312.9308533022,0.0
1681689600,29469.5050727645,29469.5050727645,29469.5050727645,29469.5050727645,0.0
1681776000,30366.8723813559,30366.8723813559,30366.8723813559,30366.8723813559,0.0
1681862400,28796.7440952659,28796.7440952659,28796.7440952659,28796.7440952659,0.0
1681948800,28251.2763790181,28251.2763790181,28251.2763790181,28251.2763790181,0.0
1682035200,27292.0211052016,27292.0211052016,27292.0211052016,27292.0211052016,0.0
1682121600,27827.5475920514,27827.5475920514,27827.5475920514,27827.5475920514,0.0
1682208000,27604.6855742256,27604.6855742256,27604.6855742256,27604.6855742256,0.0
1682294400,27520.1996729982,27520.1996729982,27520.1996729982,27520.1996729982,0.0
1682380800,28302.6942180012,28302.6942180012,28302.6942180012,28302.6942180012,0.0
1682467200,28384.2340333139,28384.2340333139,28384.2340333139,28384.2340333139,0.0
1682553600,29465.5514272355,29465.5514272355,29465.5514272355,29465.5514272355,0.0
1682640000,29350.811886616,29350.811886616,29350.811886616,29350.811886616,0.0
1682726400,29221.5145075979,29221.5145075979,29221.5145075979,29221.5145075979,0.0
1682812800,29362.0867974868,29362.0867974868,29362.0867974868,29362.0867974868,0.0
1682899200,28114.9531873174,28114.9531873174,28114.9531873174,28114.9531873174,0.0
1682985600,28690.5809959088,28690.5809959088,28690.5809959088,28690.5809959088,0.0
1683072000,29045.0427735243,29045.0427735243,29045.0427735243,29045.0427735243,0.0
1683158400,28855.8574465225,28855.8574465225,28855.8574465225,28855.8574465225,0.0
1683244800,29552.9695236704,29552.9695236704,29552.9695236704,29552.9695236704,0.0
1683331200,28899.4629602572,28899.4629602572,28899.4629602572,28899.4629602572,0.0
1683417600,28761.738434249,28761.738434249,28761.738434249,28761.738434249,0.0
1683504000,27727.2854091175,27727.2854091175,27727.2854091175,27727.2854091175,0.0
1683590400,27642.4281092928,27642.4281092928,27642.4281092928,27642.4281092928,0.0
1683676800,27646.004902104,27646.004902104,27646.004902104,27646.004902104,0.0
1683763200,26986.271065751,26986.271065751,26986.271065751,26986.271065751,0.0
1683849600,26773.3443591467,26773.3443591467,26773.3443591467,26773.3443591467,0.0
1683936000,26841.3982913501,26841.3982913501,26841.3982913501,26841.3982913501,0.0
1684022400,26918.261597896,26918.261597896,26918.261597896,26918.261597896,0.0
1684108800,27231.6216052016,27231.6216052016,27231.6216052016,27231.6216052016,0.0
1684195200,27025.7181864407,27025.7181864407,27025.7181864407,27025.7181864407,0.0
1684281600,27401.0440610754,27401.0440610754,27401.0440610754,27401.0440610754,0.0
1684368000,26843.2350938048,26843.2350938048,26843.2350938048,26843.2350938048,0.0
1684454400,26889.503631502,26889.503631502,26889.503631502,26889.503631502,0.0
1684540800,27100.8582878434,27100.8582878434,27100.8582878434,27100.8582878434,0.0
1684627200,26777.0977831677,26777.0977831677,26777.0977831677,26777.0977831677,0.0
1684713600,26858.7370637054,26858.7370637054,26858.7370637054,26858.7370637054,0.0
1684800000,27226.8558763881,27226.8558763881,27226.8558763881,27226.8558763881,0.0
1684886400,26341.4306446522,26341.4306446522,26341.4306446522,26341.4306446522,0.0
1684972800,26484.8359234366,26484.8359234366,26484.8359234366,26484.8359234366,0.0
1685059200,26720.3838071303,26720.3838071303,26720.3838071303,26720.3838071303,0.0
1685145600,26854.5403702513,26854.5403702513,26854.5403702513,26854.5403702513,0.0
1685232000,28097.5211259497,28097.5211259497,28097.5211259497,28097.5211259497,0.0
1685318400,27765.0728693746,27765.0728693746,27765.0728693746,27765.0728693746,0.0
1685404800,27712.4915844535,27712.4915844535,27712.4915844535,27712.4915844535,0.0
1685491200,27217.6832580362,27217.6832580362,27217.6832580362,27217.6832580362,0.0
1685577600,26825.3713451198,26825.3713451198,26825.3713451198,26825.3713451198,0.0
1685664000,27255.2279941555,27255.2279941555,27255.2279941555,27255.2279941555,0.0
1685750400,27079.4084643483,27079.4084643483,27079.4084643483,27079.4084643483,0.0
1685836800,27158.25456955,27158.25456955,27158.25456955,27158.25456955,0.0
1685923200,25785.8514842198,25785.8514842198,25785.8514842198,25785.8514842198,0.0
1686009600,27213.7705187025,27213.7705187025,27213.7705187025,27213.7705187025,0.0
1686096000,26339.5790292227,26339.5790292227,26339.5790292227,26339.5790292227,0.0
1686182400,26521.693600526,26521.693600526,26521.693600526,26521.693600526,0.0
1686268800,26470.6775780245,26470.6775780245,26470.6775780245,26470.6775780245,0.0
1686355200,25863.2138506721,25863.2138506721,25863.2138506721,25863.2138506721,0.0
1686441600,25906.8281516657,25906.8281516657,25906.8281516657,25906.8281516657,0.0
1686528000,25906.7519354179,25906.7519354179,25906.7519354179,25906.7519354179,0.0
1686614400,25880.8599734074,25880.8599734074,25880.8599734074,25880.8599734074,0.0
1686700800,25097.5853796026,25097.5853796026,25097.5853796026,25097.5853796026,0.0
1686787200,25559.1433293396,25559.1433293396,25559.1433293396,25559.1433293396,0.0
1686873600,26331.8200943892,26331.8200943892,26331.8200943892,26331.8200943892,0.0
1686960000,26514.1713495032,26514.1713495032,26514.1713495032,26514.1713495032,0.0
1687046400,26353.962682934,26353.962682934,26353.962682934,26353.962682934,0.0
1687132800,26778.0634415547,26778.0634415547,26778.0634415547,26778.0634415547,0.0
1687219200,28305.4204573349,28305.4204573349,28305.4204573349,28305.4204573349,0.0
1687305600,30099.5153509643,30099.5153509643,30099.5153509643,30099.5153509643,0.0
1687392000,29952.5112866745,29952.5112866745,29952.5112866745,29952.5112866745,0.0
1687478400,30638.3537644652,30638.3537644652,30638.3537644652,30638.3537644652,0.0
1687564800,30549.0162872589,30549.0162872589,30549.0162872589,30549.0162872589,0.0
1687651200,30467.4403705435,30467.4403705435,30467.4403705435,30467.4403705435,0.0
1687737600,30255.8861241964,30255.8861241964,30255.8861241964,30255.8861241964,0.0
1687824000,30667.0762948568,30667.0762948568,30667.0762948568,30667.0762948568,0.0
1687910400,30104.0432717709,30104.0432717709,30104.0432717709,30104.0432717709,0.0
1687996800,30460.792978083,30460.792978083,30460.792978083,30460.792978083,0.0
1688083200,30484.503257744,30484.503257744,30484.503257744,30484.503257744,0.0
1688169600,30581.6889655172,30581.6889655172,30581.6889655172,30581.6889655172,0.0
1688256000,30594.2164736996,30594.2164736996,30594.2164736996,30594.2164736996,0.0
1688342400,31135.3575993571,31135.3575993571,31135.3575993571,31135.3575993571,0.0
1688428800,30799.9474558738,30799.9474558738,30799.9474558738,30799.9474558738,0.0
1688515200,30497.8221282876,30497.8221282876,30497.8221282876,30497.8221282876,0.0
1688601600,29979.7298094681,29979.7298094681,29979.7298094681,29979.7298094681,0.0
1688688000,30329.8829786674,30329.8829786674,30329.8829786674,30329.8829786674,0.0
1688774400,30263.6196341321,30263.6196341321,30263.6196341321,30263.6196341321,0.0
1688860800,30163.2210563998,30163.2210563998,30163.2210563998,30163.2210563998,0.0
1688947200,30394.6555806546,30394.6555806546,30394.6555806546,30394.6555806546,0.0
1689033600,30616.247094097,30616.247094097,30616.247094097,30616.247094097,0.0
1689120000,30385.6087852133,30385.6087852133,30385.6087852133,30385.6087852133,0.0
1689206400,31434.7354704851,31434.7354704851,31434.7354704851,31434.7354704851,0.0
1689292800,30310.6720204559,30310.6720204559,30310.6720204559,30310.6720204559,0.0
1689379200,30290.8905958504,30290.8905958504,30290.8905958504,30290.8905958504,0.0
1689465600,30249.7729658095,30249.7729658095,30249.7729658095,30249.7729658095,0.0
1689552000,30143.7462744009,30143.7462744009,30143.7462744009,30143.7462744009,0.0
1689638400,29835.7474076563,29835.7474076563,29835.7474076563,29835.7474076563,0.0
1689724800,29913.0294646406,29913.0294646406,29913.0294646406,29913.0294646406,0.0
1689811200,29805.6065707189,29805.6065707189,29805.6065707189,29805.6065707189,0.0
1689897600,29919.6934921099,29919.6934921099,29919.6934921099,29919.6934921099,0.0
1689984000,29726.0096271186,29726.0096271186,29726.0096271186,29726.0096271186,0.0
1690070400,30066.5724482759,30066.5724482759,30066.5724482759,30066.5724482759,0.0
1690156800,29178.3597042665,29178.3597042665,29178.3597042665,29178.3597042665,0.0
1690243200,29221.2548533022,29221.2548533022,29221.2548533022,29221.2548533022,0.0
1690329600,29361.5917580362,29361.5917580362,29361.5917580362,29361.5917580362,0.0
1690416000,29201.6865175336,29201.6865175336,29201.6865175336,29201.6865175336,0.0
1690502400,29316.3130751023,29316.3130751023,29316.3130751023,29316.3130751023,0.0
1690588800,29360.376179135,29360.376179135,29360.376179135,29360.376179135,0.0
1690675200,29262.8367337814,29262.8367337814,29262.8367337814,29262.8367337814,0.0
1690761600,29219.8201887785,29219.8201887785,29219.8201887785,29219.8201887785,0.0
1690848000,29499.5875385739,29499.5875385739,29499.5875385739,29499.5875385739,0.0
1690934400,29143.1519620105,29143.1519620105,29143.1519620105,29143.1519620105,0.0
1691020800,29192.3448617767,29192.3448617767,29192.3448617767,29192.3448617767,0.0
1691107200,29057.2532437171,29057.2532437171,29057.2532437171,29057.2532437171,0.0
1691193600,29053.0956975453,29053.0956975453,29053.0956975453,29053.0956975453,0.0
1691280000,29048.0433275862,29048.0433275862,29048.0433275862,29048.0433275862,0.0
1691366400,29164.3585873758,29164.3585873758,29164.3585873758,29164.3585873758,0.0
1691452800,29779.511383986,29779.511383986,29779.511383986,29779.511383986,0.0
1691539200,29582.9442375804,29582.9442375804,29582.9442375804,29582.9442375804,0.0
1691625600,29430.1599117475,29430.1599117475,29430.1599117475,29430.1599117475,0.0
1691712000,29399.784739626,29399.784739626,29399.784739626,29399.784739626,0.0
1691798400,29415.733902104,29415.733902104,29415.733902104,29415.733902104,0.0
1691884800,29286.1176110462,29286.1176110462,29286.1176110462,29286.1176110462,0.0
1691971200,29408.9717127411,29408.9717127411,29408.9717127411,29408.9717127411,0.0
1692057600,29167.59721654,29167.59721654,29167.59721654,29167.59721654,0.0
1692144000,28754.2924079486,28754.2924079486,28754.2924079486,28754.2924079486,0.0
1692230400,26660.5627264757,26660.5627264757,26660.5627264757,26660.5627264757,0.0
1692316800,26037.3658474576,26037.3658474576,26037.3658474576,26037.3658474576,0.0
1692403200,26093.981808007,26093.981808007,26093.981808007,26093.981808007,0.0
1692489600,26176.4721642315,26176.4721642315,26176.4721642315,26176.4721642315,0.0
1692576000,26128.9050160725,26128.9050160725,26128.9050160725,26128.9050160725,0.0
1692662400,25978.2096914085,25978.2096914085,25978.2096914085,25978.2096914085,0.0
1692748800,26452.1935882525,26452.1935882525,26452.1935882525,26452.1935882525,0.0
1692835200,26126.7943331385,26126.7943331385,26126.7943331385,26126.7943331385,0.0
1692921600,26040.881255114,26040.881255114,26040.881255114,26040.881255114,0.0
1693008000,26006.1740800701,26006.1740800701,26006.1740800701,26006.1740800701,0.0
1693094400,26086.3612594974,26086.3612594974,26086.3612594974,26086.3612594974,0.0
1693180800,26103.2765730567,26103.2765730567,26103.2765730567,26103.2765730567,0.0
1693267200,27672.2221306254,27672.2221306254,27672.2221306254,27672.2221306254,0.0
1693353600,27298.997779661,27298.997779661,27298.997779661,27298.997779661,0.0
1693440000,25954.8665935126,25954.8665935126,25954.8665935126,25954.8665935126,0.0
1693526400,25802.7885298071,25802.7885298071,25802.7885298071,25802.7885298071,0.0
1693612800,25868.2960976037,25868.2960976037,25868.2960976037,25868.2960976037,0.0
1693699200,25962.5475689655,25962.5475689655,25962.5475689655,25962.5475689655,0.0
1693785600,25799.5256870251,25799.5256870251,25799.5256870251,25799.5256870251,0.0
1693872000,25782.3622200468,25782.3622200468,25782.3622200468,25782.3622200468,0.0
1693958400,25754.7902676797,25754.7902676797,25754.7902676797,25754.7902676797,0.0
1694044800,26210.6045637054,26210.6045637054,26210.6045637054,26210.6045637054,0.0
1694131200,25904.6982127411,25904.6982127411,25904.6982127411,25904.6982127411,0.0
1694217600,25894.6205976037,25894.6205976037,25894.6205976037,25894.6205976037,0.0
1694304000,25831.4647802455,25831.4647802455,25831.4647802455,25831.4647802455,0.0
1694390400,25135.0393781414,25135.0393781414,25135.0393781414,25135.0393781414,0.0
1694476800,25859.7018068381,25859.7018068381,25859.7018068381,25859.7018068381,0.0
1694563200,26226.8667524839,26226.8667524839,26226.8667524839,26226.8667524839,0.0
1694649600,26556.056943308,26556.056943308,26556.056943308,26556.056943308,0.0
1694736000,26672.6160818235,26672.6160818235,26672.6160818235,26672.6160818235,0.0
1694822400,26555.6361031561,26555.6361031561,26555.6361031561,26555.6361031561,0.0
1694908800,26502.4321189363,26502.4321189363,26502.4321189363,26502.4321189363,0.0
1694995200,26764.6319064874,26764.6319064874,26764.6319064874,26764.6319064874,0.0
1695081600,27215.0504848042,27215.0504848042,27215.0504848042,27215.0504848042,0.0
1695168000,27133.4037235535,27133.4037235535,27133.4037235535,27133.4037235535,0.0
1695254400,26571.5952919345,26571.5952919345,26571.5952919345,26571.5952919345,0.0
1695340800,26581.1476116306,26581.1476116306,26581.1476116306,26581.1476116306,0.0
1695427200,26575.776386616,26575.776386616,26575.776386616,26575.776386616,0.0
1695513600,26286.6410488019,26286.6410488019,26286.6410488019,26286.6410488019,0.0
1695600000,26288.8095005845,26288.8095005845,26288.8095005845,26288.8095005845,0.0
1695686400,26194.5378880772,26194.5378880772,26194.5378880772,26194.5378880772,0.0
1695772800,26336.0825973115,26336.0825973115,26336.0825973115,26336.0825973115,0.0
1695859200,27033.4254415546,27033.4254415546,27033.4254415546,27033.4254415546,0.0
1695945600,26911.2514739918,26911.2514739918,26911.2514739918,26911.2514739918,0.0
1696032000,26977.6933126826,26977.6933126826,26977.6933126826,26977.6933126826,0.0
1696118400,27950.1453594389,27950.1453594389,27950.1453594389,27950.1453594389,0.0
1696204800,27565.8892954413,27565.8892954413,27565.8892954413,27565.8892954413,0.0
1696291200,27439.1422393337,27439.1422393337,27439.1422393337,27439.1422393337,0.0
1696377600,27797.251176505,27797.251176505,27797.251176505,27797.251176505,0.0
1696464000,27426.3450926359,27426.3450926359,27426.3450926359,27426.3450926359,0.0
1696550400,27941.9633760959,27941.9633760959,27941.9633760959,27941.9633760959,0.0
1696636800,27972.7515704266,27972.7515704266,27972.7515704266,27972.7515704266,0.0
1696723200,27936.3261157218,27936.3261157218,27936.3261157218,27936.3261157218,0.0
1696809600,27591.3467618352,27591.3467618352,27591.3467618352,27591.3467618352,0.0
1696896000,27419.7971803039,27419.7971803039,27419.7971803039,27419.7971803039,0.0
1696982400,26828.1725710111,26828.1725710111,26828.1725710111,26828.1725710111,0.0
1697068800,26741.3405990649,26741.3405990649,26741.3405990649,26741.3405990649,0.0
1697155200,26842.4467703098,26842.4467703098,26842.4467703098,26842.4467703098,0.0
1697241600,26861.9892375804,26861.9892375804,26861.9892375804,26861.9892375804,0.0
1697328000,27130.3067092344,27130.3067092344,27130.3067092344,27130.3067092344,0.0
1697414400,28506.7936741671,28506.7936741671,28506.7936741671,28506.7936741671,0.0
1697500800,28433.2051522501,28433.2051522501,28433.2051522501,28433.2051522501,0.0
1697587200,28328.0750195792,28328.0750195792,28328.0750195792,28328.0750195792,0.0
1697673600,28690.358041204,28690.358041204,28690.358041204,28690.358041204,0.0
1697760000,29704.9853673291,29704.9853673291,29704.9853673291,29704.9853673291,0.0
1697846400,29922.5464044418,29922.5464044418,29922.5464044418,29922.5464044418,0.0
1697932800,29984.1593196961,29984.1593196961,29984.1593196961,29984.1593196961,0.0
1698019200,32954.1690482174,32954.1690482174,32954.1690482174,32954.1690482174,0.0
1698105600,33880.9566537113,33880.9566537113,33880.9566537113,33880.9566537113,0.0
1698192000,34488.6589210988,34488.6589210988,34488.6589210988,34488.6589210988,0.0
1698278400,34181.4922521917,34181.4922521917,34181.4922521917,34181.4922521917,0.0
1698364800,33896.938528346,33896.938528346,33896.938528346,33896.938528346,0.0
1698451200,34091.5890327294,34091.5890327294,34091.5890327294,34091.5890327294,0.0
1698537600,34574.3377206312,34574.3377206312,34574.3377206312,34574.3377206312,0.0
1698624000,34495.1050207481,34495.1050207481,34495.1050207481,34495.1050207481,0.0
1698710400,34636.4264736996,34636.4264736996,34636.4264736996,34636.4264736996,0.0
1698796800,35431.9794532437,35431.9794532437,35431.9794532437,35431.9794532437,0.0
1698883200,34882.9173366452,34882.9173366452,34882.9173366452,34882.9173366452,0.0
1698969600,34708.2218804792,34708.2218804792,34708.2218804792,34708.2218804792,0.0
1699056000,35091.0763062537,35091.0763062537,35091.0763062537,35091.0763062537,0.0
1699142400,35105.0420265926,35105.0420265926,35105.0420265926,35105.0420265926,0.0
1699228800,35017.7151484512,35017.7151484512,35017.7151484512,35017.7151484512,0.0
1699315200,35418.4768901227,35418.4768901227,35418.4768901227,35418.4768901227,0.0
1699401600,35797.8946090006,35797.8946090006,35797.8946090006,35797.8946090006,0.0
1699488000,36675.3264333723,36675.3264333723,36675.3264333723,36675.3264333723,0.0
1699574400,37367.4943722969,37367.4943722969,37367.4943722969,37367.4943722969,0.0
1699660800,36979.9312405026,36979.9312405026,36979.9312405026,36979.9312405026,0.0
1699747200,37053.3410514319,37053.3410514319,37053.3410514319,37053.3410514319,0.0
1699833600,36543.2680870836,36543.2680870836,36543.2680870836,36543.2680870836,0.0
1699920000,35590.6835645821,35590.6835645821,35590.6835645821,35590.6835645821,0.0
1700006400,37840.5534894798,37840.5534894798,37840.5534894798,37840.5534894798,0.0
1700092800,36160.4044509059,36160.4044509059,36160.4044509059,36160.4044509059,0.0
1700179200,36569.7120534775,36569.7120534775,36569.7120534775,36569.7120534775,0.0
1700265600,36577.4249617183,36577.4249617183,36577.4249617183,36577.4249617183,0.0
1700352000,37442.7285119813,37442.7285119813,37442.7285119813,37442.7285119813,0.0
1700438400,37516.0503708358,37516.0503708358,37516.0503708358,37516.0503708358,0.0
1700524800,36035.0330862069,36035.0330862069,36035.0330862069,36035.0330862069,0.0
1700611200,37403.0347168323,37403.0347168323,37403.0347168323,37403.0347168323,0.0
1700697600,37311.7192156634,37311.7192156634,37311.7192156634,37311.7192156634,0.0
1700784000,37718.7841630625,37718.7841630625,37718.7841630625,37718.7841630625,0.0
1700870400,37800.1260932203,37800.1260932203,37800.1260932203,37800.1260932203,0.0
1700956800,37482.7055260082,37482.7055260082,37482.7055260082,37482.7055260082,0.0
1701043200,37229.2452197545,37229.2452197545,37229.2452197545,37229.2452197545,0.0
1701129600,37828.4655911748,37828.4655911748,37828.4655911748,37828.4655911748,0.0
1701216000,37846.8531227352,37846.8531227352,37846.8531227352,37846.8531227352,0.0
1701302400,37712.7114789597,37712.7114789597,37712.7114789597,37712.7114789597,0.0
1701388800,38703.5536820573,38703.5536820573,38703.5536820573,38703.5536820573,0.0
1701475200,39462.2799272355,39462.2799272355,39462.2799272355,39462.2799272355,0.0
1701561600,39978.2226104617,39978.2226104617,39978.2226104617,39978.2226104617,0.0
1701648000,41910.2994815897,41910.2994815897,41910.2994815897,41910.2994815897,0.0
1701734400,44067.0054763296,44067.0054763296,44067.0054763296,44067.0054763296,0.0
1701820800,43745.8343907072,43745.8343907072,43745.8343907072,43745.8343907072,0.0
1701907200,43282.6182261835,43282.6182261835,43282.6182261835,43282.6182261835,0.0
1701993600,44205.0522089421,44205.0522089421,44205.0522089421,44205.0522089421,0.0
1702080000,43740.0063927528,43740.0063927528,43740.0063927528,43740.0063927528,0.0
1702166400,43732.7120900059,43732.7120900059,43732.7120900059,43732.7120900059,0.0
1702252800,41209.8947904734,41209.8947904734,41209.8947904734,41209.8947904734,0.0
1702339200,41467.2735698422,41467.2735698422,41467.2735698422,41467.2735698422,0.0
1702425600,42939.0607583285,42939.0607583285,42939.0607583285,42939.0607583285,0.0
1702512000,43033.1371560491,43033.1371560491,43033.1371560491,43033.1371560491,0.0
1702598400,41978.0970195792,41978.0970195792,41978.0970195792,41978.0970195792,0.0
1702684800,42203.2140450029,42203.2140450029,42203.2140450029,42203.2140450029,0.0
1702771200,41428.6657855056,41428.6657855056,41428.6657855056,41428.6657855056,0.0
1702857600,42635.7331911163,42635.7331911163,42635.7331911163,42635.7331911163,0.0
1702944000,42271.863025716,42271.863025716,42271.863025716,42271.863025716,0.0
1703030400,43605.1555549386,43605.1555549386,43605.1555549386,43605.1555549386,0.0
1703116800,43870.2382340736,43870.2382340736,43870.2382340736,43870.2382340736,0.0
1703203200,44009.5016551724,44009.5016551724,44009.5016551724,44009.5016551724,0.0
1703289600,43768.8067518995,43768.8067518995,43768.8067518995,43768.8067518995,0.0
1703376000,43097.8093258329,43097.8093258329,43097.8093258329,43097.8093258329,0.0
1703462400,43623.7504029807,43623.7504029807,43623.7504029807,43623.7504029807,0.0
1703548800,42491.1229079486,42491.1229079486,42491.1229079486,42491.1229079486,0.0
1703635200,43436.9594269433,43436.9594269433,43436.9594269433,43436.9594269433,0.0
1703721600,42670.6797180012,42670.6797180012,42670.6797180012,42670.6797180012,0.0
1703808000,41998.6033442431,41998.6033442431,41998.6033442431,41998.6033442431,0.0
1703894400,42204.4917744009,42204.4917744009,42204.4917744009,42204.4917744009,0.0
1703980800,42217.1587913501,42217.1587913501,42217.1587913501,42217.1587913501,0.0
1704067200,44049.4735534775,44049.4735534775,44049.4735534775,44049.4735534775,0.0
1704153600,44941.160493571,44941.160493571,44941.160493571,44941.160493571,0.0
1704240000,42773.6515423729,42773.6515423729,42773.6515423729,42773.6515423729,0.0
1704326400,44250.7452670953,44250.7452670953,44250.7452670953,44250.7452670953,0.0
1704412800,44146.3222022209,44146.3222022209,44146.3222022209,44146.3222022209,0.0
1704499200,43917.9798147282,43917.9798147282,43917.9798147282,43917.9798147282,0.0
1704585600,43844.195949737,43844.195949737,43844.195949737,43844.195949737,0.0
1704672000,46981.3242995324,46981.3242995324,46981.3242995324,46981.3242995324,0.0
1704758400,46084.005795149,46084.005795149,46084.005795149,46084.005795149,0.0
1704844800,46818.1592764465,46818.1592764465,46818.1592764465,46818.1592764465,0.0
1704931200,46380.8708082992,46380.8708082992,46380.8708082992,46380.8708082992,0.0
1705017600,42817.4305356517,42817.4305356517,42817.4305356517,42817.4305356517,0.0
1705104000,42846.9544699006,42846.9544699006,42846.9544699006,42846.9544699006,0.0
1705190400,41888.1513068381,41888.1513068381,41888.1513068381,41888.1513068381,0.0
1705276800,42528.9192489772,42528.9192489772,42528.9192489772,42528.9192489772,0.0
1705363200,43171.4472241379,43171.4472241379,43171.4472241379,43171.4472241379,0.0
1705449600,42689.304327294,42689.304327294,42689.304327294,42689.304327294,0.0
1705536000,41261.9076177674,41261.9076177674,41261.9076177674,41261.9076177674,0.0
1705622400,41606.8535330216,41606.8535330216,41606.8535330216,41606.8535330216,0.0
1705708800,41668.6904102864,41668.6904102864,41668.6904102864,41668.6904102864,0.0
1705795200,41537.1123562244,41537.1123562244,41537.1123562244,41537.1123562244,0.0
1705881600,39577.0998603156,39577.0998603156,39577.0998603156,39577.0998603156,0.0
1705968000,39737.3143617767,39737.3143617767,39737.3143617767,39737.3143617767,0.0
1706054400,40101.8568980129,40101.8568980129,40101.8568980129,40101.8568980129,0.0
1706140800,39917.6611461134,39917.6611461134,39917.6611461134,39917.6611461134,0.0
1706227200,41860.7310458796,41860.7310458796,41860.7310458796,41860.7310458796,0.0
1706313600,42125.3014155465,42125.3014155465,42125.3014155465,42125.3014155465,0.0
1706400000,41983.0202744009,41983.0202744009,41983.0202744009,41983.0202744009,0.0
1706486400,43218.3470821157,43218.3470821157,43218.3470821157,43218.3470821157,0.0
1706572800,42950.0541277031,42950.0541277031,42950.0541277031,42950.0541277031,0.0
1706659200,42589.4708059614,42589.4708059614,42589.4708059614,42589.4708059614,0.0
1706745600,43020.3596548802,43020.3596548802,43020.3596548802,43020.3596548802,0.0
1706832000,43155.3852030976,43155.3852030976,43155.3852030976,43155.3852030976,0.0
1706918400,42982.3789979544,42982.3789979544,42982.3789979544,42982.3789979544,0.0
1707004800,42576.2913050847,42576.2913050847,42576.2913050847,42576.2913050847,0.0
1707091200,42619.2742738165,42619.2742738165,42619.2742738165,42619.2742738165,0.0
1707177600,43102.7062632963,43102.7062632963,43102.7062632963,43102.7062632963,0.0
1707264000,44253.0314731151,44253.0314731151,44253.0314731151,44253.0314731151,0.0
1707350400,45332.09157218,45332.09157218,45332.09157218,45332.09157218,0.0
1707436800,47176.9665137347,47176.9665137347,47176.9665137347,47176.9665137347,0.0
1707523200,47792.8972156634,47792.8972156634,47792.8972156634,47792.8972156634,0.0
1707609600,48200.7986057861,48200.7986057861,48200.7986057861,48200.7986057861,0.0
1707696000,49989.80371654,49989.80371654,49989.80371654,49989.80371654,0.0
1707782400,49628.0941528346,49628.0941528346,49628.0941528346,49628.0941528346,0.0
1707868800,51844.2929193454,51844.2929193454,51844.2929193454,51844.2929193454,0.0
1707955200,51939.1472919345,51939.1472919345,51939.1472919345,51939.1472919345,0.0
1708041600,52157.3123977206,52157.3123977206,52157.3123977206,52157.3123977206,0.0
1708128000,51674.8158521333,51674.8158521333,51674.8158521333,51674.8158521333,0.0
1708214400,52148.0645365283,52148.0645365283,52148.0645365283,52148.0645365283,0.0
1708300800,51804.8051537113,51804.8051537113,51804.8051537113,51804.8051537113,0.0
1708387200,52308.0531712449,52308.0531712449,52308.0531712449,52308.0531712449,0.0
1708473600,51744.321808007,51744.321808007,51744.321808007,51744.321808007,0.0
1708560000,51292.3252574518,51292.3252574518,51292.3252574518,51292.3252574518,0.0
1708646400,50789.1431759205,50789.1431759205,50789.1431759205,50789.1431759205,0.0
1708732800,51578.2349164231,51578.2349164231,51578.2349164231,51578.2349164231,0.0
1708819200,51746.4789669784,51746.4789669784,51746.4789669784,51746.4789669784,0.0
1708905600,54551.8259184687,54551.8259184687,54551.8259184687,54551.8259184687,0.0
1708992000,57049.888220339,57049.888220339,57049.888220339,57049.888220339,0.0
1709078400,62460.740619813,62460.740619813,62460.740619813,62460.740619813,0.0
1709164800,61394.7818515488,61394.7818515488,61394.7818515488,61394.7818515488,0.0
1709251200,62524.401817066,62524.401817066,62524.401817066,62524.401817066,0.0
1709337600,62049.6145637054,62049.6145637054,62049.6145637054,62049.6145637054,0.0
1709424000,62991.4422913501,62991.4422913501,62991.4422913501,62991.4422913501,0.0
1709510400,68091.8388243717,68091.8388243717,68091.8388243717,68091.8388243717,0.0
1709596800,63950.524329924,63950.524329924,63950.524329924,63950.524329924,0.0
1709683200,66103.7215400351,66103.7215400351,66103.7215400351,66103.7215400351,0.0
1709769600,67070.3791484512,67070.3791484512,67070.3791484512,67070.3791484512,0.0
1709856000,68343.7149552893,68343.7149552893,68343.7149552893,68343.7149552893,0.0
1709942400,68502.5053392753,68502.5053392753,68502.5053392753,68502.5053392753,0.0
1710028800,68882.2513395675,68882.2513395675,68882.2513395675,68882.2513395675,0.0
1710115200,72198.0875341905,72198.0875341905,72198.0875341905,72198.0875341905,0.0
1710201600,71432.7283018702,71432.7283018702,71432.7283018702,71432.7283018702,0.0
1710288000,73081.5759053185,73081.5759053185,73081.5759053185,73081.5759053185,0.0
1710374400,71505.2729076563,71505.2729076563,71505.2729076563,71505.2729076563,0.0
1710460800,69424.9141753361,69424.9141753361,69424.9141753361,69424.9141753361,0.0
1710547200,65433.6819006429,65433.6819006429,65433.6819006429,65433.6819006429,0.0
1710633600,68285.0891691993,68285.0891691993,68285.0891691993,68285.0891691993,0.0
1710720000,67770.8865245471,67770.8865245471,67770.8865245471,67770.8865245471,0.0
1710806400,61969.3075394506,61969.3075394506,61969.3075394506,61969.3075394506,0.0
1710892800,67848.1076396844,67848.1076396844,67848.1076396844,67848.1076396844,0.0
1710979200,65454.7357232612,65454.7357232612,65454.7357232612,65454.7357232612,0.0
1711065600,63486.4849997078,63486.4849997078,63486.4849997078,63486.4849997078,0.0
1711152000,64361.2429047341,64361.2429047341,64361.2429047341,64361.2429047341,0.0
1711238400,67289.5658310929,67289.5658310929,67289.5658310929,67289.5658310929,0.0
1711324800,70042.0204237288,70042.0204237288,70042.0204237288,70042.0204237288,0.0
1711411200,70071.0472144945,70071.0472144945,70071.0472144945,70071.0472144945,0.0
1711497600,69267.8879815897,69267.8879815897,69267.8879815897,69267.8879815897,0.0
1711584000,70826.8968714202,70826.8968714202,70826.8968714202,70826.8968714202,0.0
1711670400,69917.0430070134,69917.0430070134,69917.0430070134,69917.0430070134,0.0
1711756800,69663.0119073641,69663.0119073641,69663.0119073641,69663.0119073641,0.0
1711843200,71227.4517939801,71227.4517939801,71227.4517939801,71227.4517939801,0.0
1711929600,69791.6277305669,69791.6277305669,69791.6277305669,69791.6277305669,0.0
1712016000,65533.7548351841,65533.7548351841,65533.7548351841,65533.7548351841,0.0
1712102400,66130.2162393337,66130.2162393337,66130.2162393337,66130.2162393337,0.0
1712188800,68438.135024547,68438.135024547,68438.135024547,68438.135024547,0.0
1712275200,67904.9094766219,67904.9094766219,67904.9094766219,67904.9094766219,0.0
1712361600,69136.0710783168,69136.0710783168,69136.0710783168,69136.0710783168,0.0
1712448000,69392.6830108124,69392.6830108124,69392.6830108124,69392.6830108124,0.0
1712534400,71712.7972840444,71712.7972840444,71712.7972840444,71712.7972840444,0.0
1712620800,69074.5418638223,69074.5418638223,69074.5418638223,69074.5418638223,0.0
1712707200,70579.4456767972,70579.4456767972,70579.4456767972,70579.4456767972,0.0
1712793600,70046.5536057861,70046.5536057861,70046.5536057861,70046.5536057861,0.0
1712880000,67098.113691993,67098.113691993,67098.113691993,67098.113691993,0.0
1712966400,64551.6482875512,64551.6482875512,64551.6482875512,64551.6482875512,0.0
1713052800,65648.8099602572,65648.8099602572,65648.8099602572,65648.8099602572,0.0
1713139200,63393.325166277,63393.325166277,63393.325166277,63393.325166277,0.0
1713225600,63784.8203340152,63784.8203340152,63784.8203340152,63784.8203340152,0.0
1713312000,61324.2184286967,61324.2184286967,61324.2184286967,61324.2184286967,0.0
1713398400,63510.14500263,63510.14500263,63510.14500263,63510.14500263,0.0
1713484800,63762.6310300994,63762.6310300994,63762.6310300994,63762.6310300994,0.0
1713571200,64907.9928366452,64907.9928366452,64907.9928366452,64907.9928366452,0.0
1713657600,64968.192619813,64968.192619813,64968.192619813,64968.192619813,0.0
1713744000,66944.5960911748,66944.5960911748,66944.5960911748,66944.5960911748,0.0
1713830400,66385.3002919345,66385.3002919345,66385.3002919345,66385.3002919345,0.0
1713916800,64189.9679064874,64189.9679064874,64189.9679064874,64189.9679064874,0.0
1714003200,64515.3874725307,64515.3874725307,64515.3874725307,64515.3874725307,0.0
1714089600,63777.4715002922,63777.4715002922,63777.4715002922,63777.4715002922,0.0
1714176000,63429.3099649328,63429.3099649328,63429.3099649328,63429.3099649328,0.0
1714262400,62978.5770049678,62978.5770049678,62978.5770049678,62978.5770049678,0.0
1714348800,63908.3888766803,63908.3888766803,63908.3888766803,63908.3888766803,0.0
1714435200,60636.3261633548,60636.3261633548,60636.3261633548,60636.3261633548,0.0
1714521600,58141.7772799532,58141.7772799532,58141.7772799532,58141.7772799532,0.0
1714608000,59170.1088936295,59170.1088936295,59170.1088936295,59170.1088936295,0.0
1714694400,62983.6554783752,62983.6554783752,62983.6554783752,62983.6554783752,0.0
1714780800,63881.1305429573,63881.1305429573,63881.1305429573,63881.1305429573,0.0
1714867200,64067.5959918177,64067.5959918177,64067.5959918177,64067.5959918177,0.0
1714953600,63228.1031341321,63228.1031341321,63228.1031341321,63228.1031341321,0.0
1715040000,62396.999720339,62396.999720339,62396.999720339,62396.999720339,0.0
1715126400,61079.27442782,61079.27442782,61079.27442782,61079.27442782,0.0
1715212800,62998.4903381064,62998.4903381064,62998.4903381064,62998.4903381064,0.0
1715299200,60896.6418880772,60896.6418880772,60896.6418880772,60896.6418880772,0.0
1715385600,60843.5729240211,60843.5729240211,60843.5729240211,60843.5729240211,0.0
1715472000,61431.2746879018,61431.2746879018,61431.2746879018,61431.2746879018,0.0
1715558400,62886.9394491526,62886.9394491526,62886.9394491526,62886.9394491526,0.0
1715644800,61555.5670046756,61555.5670046756,61555.5670046756,61555.5670046756,0.0
1715731200,66281.5322542373,66281.5322542373,66281.5322542373,66281.5322542373,0.0
1715817600,65269.2603246639,65269.2603246639,65269.2603246639,65269.2603246639,0.0
1715904000,66956.4409476914,66956.4409476914,66956.4409476914,66956.4409476914,0.0
1715990400,66977.6006914085,66977.6006914085,66977.6006914085,66977.6006914085,0.0
1716076800,66259.4704260666,66259.4704260666,66259.4704260666,66259.4704260666,0.0
1716163200,71202.2025902981,71202.2025902981,71202.2025902981,71202.2025902981,0.0
1716249600,70217.2546914085,70217.2546914085,70217.2546914085,70217.2546914085,0.0
1716336000,69074.9141350088,69074.9141350088,69074.9141350088,69074.9141350088,0.0
1716422400,67758.7306586791,67758.7306586791,67758.7306586791,67758.7306586791,0.0
1716508800,68608.998279661,68608.998279661,68608.998279661,68608.998279661,0.0
1716595200,69282.7925976037,69282.7925976037,69282.7925976037,69282.7925976037,0.0
1716681600,68445.0069532437,68445.0069532437,68445.0069532437,68445.0069532437,0.0
1716768000,69347.815260374,69347.815260374,69347.815260374,69347.815260374,0.0
1716854400,68342.8204488603,68342.8204488603,68342.8204488603,68342.8204488603,0.0
1716940800,67584.2632402104,67584.2632402104,67584.2632402104,67584.2632402104,0.0
1717027200,68375.4760260082,68375.4760260082,68375.4760260082,68375.4760260082,0.0
1717113600,67377.7626122151,67377.7626122151,67377.7626122151,67377.7626122151,0.0
1717200000,67714.3526399766,67714.3526399766,67714.3526399766,67714.3526399766,0.0
1717286400,67805.4855742256,67805.4855742256,67805.4855742256,67805.4855742256,0.0
1717372800,68833.3028351841,68833.3028351841,68833.3028351841,68833.3028351841,0.0
1717459200,70554.0894330801,70554.0894330801,70554.0894330801,70554.0894330801,0.0
1717545600,71087.4433158971,71087.4433158971,71087.4433158971,71087.4433158971,0.0
1717632000,70788.5013755114,70788.5013755114,70788.5013755114,70788.5013755114,0.0
1717718400,69338.1573240795,69338.1573240795,69338.1573240795,69338.1573240795,0.0
1717804800,69310.1092618352,69310.1092618352,69310.1092618352,69310.1092618352,0.0
1717891200,69644.0190894214,69644.0190894214,69644.0190894214,69644.0190894214,0.0
1717977600,69465.9362478083,69465.9362478083,69465.9362478083,69465.9362478083,0.0
1718064000,67368.263506429,67368.263506429,67368.263506429,67368.263506429,0.0
1718150400,68213.8346838106,68213.8346838106,68213.8346838106,68213.8346838106,0.0
1718236800,66783.4902767388,66783.4902767388,66783.4902767388,66783.4902767388,0.0
1718323200,65982.1865195792,65982.1865195792,65982.1865195792,65982.1865195792,0.0
1718409600,66204.904308007,66204.904308007,66204.904308007,66204.904308007,0.0
1718496000,66622.5999336645,66622.5999336645,66622.5999336645,66622.5999336645,0.0
1718582400,66483.8785260082,66483.8785260082,66483.8785260082,66483.8785260082,0.0
1718668800,65112.1230020456,65112.1230020456,65112.1230020456,65112.1230020456,0.0
1718755200,64878.7141525424,64878.7141525424,64878.7141525424,64878.7141525424,0.0
1718841600,64897.7011542957,64897.7011542957,64897.7011542957,64897.7011542957,0.0
1718928000,64086.0489228521,64086.0489228521,64086.0489228521,64086.0489228521,0.0
1719014400,64258.135506429,64258.135506429,64258.135506429,64258.135506429,0.0
1719100800,63345.0218760959,63345.0218760959,63345.0218760959,63345.0218760959,0.0
1719187200,60258.9554374635,60258.9554374635,60258.9554374635,60258.9554374635,0.0
1719273600,61739.6658477498,61739.6658477498,61739.6658477498,61739.6658477498,0.0
1719360000,60794.4760584454,60794.4760584454,60794.4760584454,60794.4760584454,0.0
1719446400,61569.9234275278,61569.9234275278,61569.9234275278,61569.9234275278,0.0
1719532800,60303.3147364115,60303.3147364115,60303.3147364115,60303.3147364115,0.0
1719619200,60889.3298430742,60889.3298430742,60889.3298430742,60889.3298430742,0.0
1719705600,62763.2796861485,62763.2796861485,62763.2796861485,62763.2796861485,0.0
1719792000,62835.3997647575,62835.3997647575,62835.3997647575,62835.3997647575,0.0
1719878400,62028.6170385739,62028.6170385739,62028.6170385739,62028.6170385739,0.0
1719964800,60216.3920859147,60216.3920859147,60216.3920859147,60216.3920859147,0.0
1720051200,57418.2420213326,57418.2420213326,57418.2420213326,57418.2420213326,0.0
1720137600,56720.9881256575,56720.9881256575,56720.9881256575,56720.9881256575,0.0
1720224000,58259.221773232,58259.221773232,58259.221773232,58259.221773232,0.0
1720310400,56112.5725587376,56112.5725587376,56112.5725587376,56112.5725587376,0.0
1720396800,56691.9149061952,56691.9149061952,56691.9149061952,56691.9149061952,0.0
1720483200,57981.4320967271,57981.4320967271,57981.4320967271,57981.4320967271,0.0
1720569600,57722.0113527177,57722.0113527177,57722.0113527177,57722.0113527177,0.0
1720656000,57307.712738457,57307.712738457,57307.712738457,57307.712738457,0.0
1720742400,57859.1202819988,57859.1202819988,57859.1202819988,57859.1202819988,0.0
1720828800,59329.0372016365,59329.0372016365,59329.0372016365,59329.0372016365,0.0
1720915200,61015.0339412624,61015.0339412624,61015.0339412624,61015.0339412624,0.0
1721001600,64734.7611697837,64734.7611697837,64734.7611697837,64734.7611697837,0.0
1721088000,65118.8266583869,65118.8266583869,65118.8266583869,65118.8266583869,0.0
1721174400,64201.3707805377,64201.3707805377,64201.3707805377,64201.3707805377,0.0
1721260800,63984.3022022209,63984.3022022209,63984.3022022209,63984.3022022209,0.0
1721347200,66755.7833828171,66755.7833828171,66755.7833828171,66755.7833828171,0.0
1721433600,67185.4978112215,67185.4978112215,67185.4978112215,67185.4978112215,0.0
1721520000,68056.6201215663,68056.6201215663,68056.6201215663,68056.6201215663,0.0
1721606400,67535.1976738749,67535.1976738749,67535.1976738749,67535.1976738749,0.0
1721692800,65916.4081616014,65916.4081616014,65916.4081616014,65916.4081616014,0.0
1721779200,65353.3857784921,65353.3857784921,65353.3857784921,65353.3857784921,0.0
1721865600,65722.0611917007,65722.0611917007,65722.0611917007,65722.0611917007,0.0
1721952000,67912.2433091759,67912.2433091759,67912.2433091759,67912.2433091759,0.0
1722038400,68077.3730812391,68077.3730812391,68077.3730812391,68077.3730812391,0.0
1722124800,68170.6691309176,68170.6691309176,68170.6691309176,68170.6691309176,0.0
1722211200,66867.167277031,66867.167277031,66867.167277031,66867.167277031,0.0
1722297600,66186.9146861484,66186.9146861484,66186.9146861484,66186.9146861484,0.0
1722384000,64690.6340385739,64690.6340385739,64690.6340385739,64690.6340385739,0.0
1722470400,65178.0554891876,65178.0554891876,65178.0554891876,65178.0554891876,0.0
1722556800,61506.7698877849,61506.7698877849,61506.7698877849,61506.7698877849,0.0
1722643200,60688.2444272355,60688.2444272355,60688.2444272355,60688.2444272355,0.0
1722729600,58306.2644786675,58306.2644786675,58306.2644786675,58306.2644786675,0.0
1722816000,54343.6276773816,54343.6276773816,54343.6276773816,54343.6276773816,0.0
1722902400,56047.4712866744,56047.4712866744,56047.4712866744,56047.4712866744,0.0
1722988800,55129.7410376973,55129.7410376973,55129.7410376973,55129.7410376973,0.0
1723075200,61908.7896724138,61908.7896724138,61908.7896724138,61908.7896724138,0.0
1723161600,60720.9407594974,60720.9407594974,60720.9407594974,60720.9407594974,0.0
1723248000,60871.5550727645,60871.5550727645,60871.5550727645,60871.5550727645,0.0
1723334400,58836.1043722969,58836.1043722969,58836.1043722969,58836.1043722969,0.0
1723420800,59394.1629538282,59394.1629538282,59394.1629538282,59394.1629538282,0.0
1723507200,60536.2457846289,60536.2457846289,60536.2457846289,60536.2457846289,0.0
1723593600,58840.6466797195,58840.6466797195,58840.6466797195,58840.6466797195,0.0
1723680000,57644.1876879018,57644.1876879018,57644.1876879018,57644.1876879018,0.0
1723766400,58927.2765087668,58927.2765087668,58927.2765087668,58927.2765087668,0.0
1723852800,59414.6743351841,59414.6743351841,59414.6743351841,59414.6743351841,0.0
1723939200,58793.2061458212,58793.2061458212,58793.2061458212,58793.2061458212,0.0
1724025600,59411.5190169492,59411.5190169492,59411.5190169492,59411.5190169492,0.0
1724112000,59123.3002662186,59123.3002662186,59123.3002662186,59123.3002662186,0.0
1724198400,61133.0256493279,61133.0256493279,61133.0256493279,61133.0256493279,0.0
1724284800,60394.4737749854,60394.4737749854,60394.4737749854,60394.4737749854,0.0
1724371200,64106.8029152543,64106.8029152543,64106.8029152543,64106.8029152543,0.0
1724457600,64023.226703682,64023.226703682,64023.226703682,64023.226703682,0.0
1724544000,64498.0183413209,64498.0183413209,64498.0183413209,64498.0183413209,0.0
1724630400,62983.4427729398,62983.4427729398,62983.4427729398,62983.4427729398,0.0
1724716800,59548.0076215663,59548.0076215663,59548.0076215663,59548.0076215663,0.0
1724803200,59100.7747548217,59100.7747548217,59100.7747548217,59100.7747548217,0.0
1724889600,59339.7909947399,59339.7909947399,59339.7909947399,59339.7909947399,0.0
1724976000,59142.9399640561,59142.9399640561,59142.9399640561,59142.9399640561,0.0
1725062400,58959.926273232,58959.926273232,58959.926273232,58959.926273232,0.0
1725148800,57349.0807180012,57349.0807180012,57349.0807180012,57349.0807180012,0.0
1725235200,59159.0238877849,59159.0238877849,59159.0238877849,59159.0238877849,0.0
1725321600,57637.7754444769,57637.7754444769,57637.7754444769,57637.7754444769,0.0
1725408000,58033.3989704851,58033.3989704851,58033.3989704851,58033.3989704851,0.0
1725494400,56112.9529400935,56112.9529400935,56112.9529400935,56112.9529400935,0.0
1725580800,53838.9534623028,53838.9534623028,53838.9534623028,53838.9534623028,0.0
1725667200,54066.4399248977,54066.4399248977,54066.4399248977,54066.4399248977,0.0
1725753600,54859.2584082408,54859.2584082408,54859.2584082408,54859.2584082408,0.0
1725840000,57135.7814371712,57135.7814371712,57135.7814371712,57135.7814371712,0.0
1725926400,57664.4998214494,57664.4998214494,57664.4998214494,57664.4998214494,0.0
1726012800,57409.1950663355,57409.1950663355,57409.1950663355,57409.1950663355,0.0
1726099200,58124.6418065459,58124.6418065459,58124.6418065459,58124.6418065459,0.0
1726185600,60536.8814503215,60536.8814503215,60536.8814503215,60536.8814503215,0.0
1726272000,60007.1702507306,60007.1702507306,60007.1702507306,60007.1702507306,0.0
1726358400,59129.9197536528,59129.9197536528,59129.9197536528,59129.9197536528,0.0
1726444800,58227.46421654,58227.46421654,58227.46421654,58227.46421654,0.0
1726531200,60238.2177255991,60238.2177255991,60238.2177255991,60238.2177255991,0.0
1726617600,61306.2337317358,61306.2337317358,61306.2337317358,61306.2337317358,0.0
1726704000,62994.6096528346,62994.6096528346,62994.6096528346,62994.6096528346,0.0
1726790400,63153.9518270018,63153.9518270018,63153.9518270018,63153.9518270018,0.0
1726876800,63367.7296078317,63367.7296078317,63367.7296078317,63367.7296078317,0.0
1726963200,63571.9521729983,63571.9521729983,63571.9521729983,63571.9521729983,0.0
1727049600,63336.0126347165,63336.0126347165,63336.0126347165,63336.0126347165,0.0
1727136000,64342.7891113384,64342.7891113384,64342.7891113384,64342.7891113384,0.0
1727222400,63059.6269167154,63059.6269167154,63059.6269167154,63059.6269167154,0.0
1727308800,65057.7861461134,65057.7861461134,65057.7861461134,65057.7861461134,0.0
1727395200,65767.7132542373,65767.7132542373,65767.7132542373,65767.7132542373,0.0
1727481600,65770.5276478667,65770.5276478667,65770.5276478667,65770.5276478667,0.0
1727568000,65617.7610689655,65617.7610689655,65617.7610689655,65617.7610689655,0.0
1727654400,63260.0425482174,63260.0425482174,63260.0425482174,63260.0425482174,0.0
1727740800,60858.2487086499,60858.2487086499,60858.2487086499,60858.2487086499,0.0
1727827200,60686.0993135593,60686.0993135593,60686.0993135593,60686.0993135593,0.0
1727913600,60765.2367498539,60765.2367498539,60765.2367498539,60765.2367498539,0.0
1728000000,62052.5100496785,62052.5100496785,62052.5100496785,62052.5100496785,0.0
1728086400,62030.4538977206,62030.4538977206,62030.4538977206,62030.4538977206,0.0
1728172800,62789.8814555815,62789.8814555815,62789.8814555815,62789.8814555815,0.0
1728259200,62416.508829924,62416.508829924,62416.508829924,62416.508829924,0.0
1728345600,62126.3273769725,62126.3273769725,62126.3273769725,62126.3273769725,0.0
1728432000,60615.2581917008,60615.2581917008,60615.2581917008,60615.2581917008,0.0
1728518400,60221.1172869667,60221.1172869667,60221.1172869667,60221.1172869667,0.0
1728604800,62462.539962595,62462.539962595,62462.539962595,62462.539962595,0.0
1728691200,63202.8806992987,63202.8806992987,63202.8806992987,63202.8806992987,0.0
1728777600,62759.431113384,62759.431113384,62759.431113384,62759.431113384,0.0
1728864000,66089.7587410871,66089.7587410871,66089.7587410871,66089.7587410871,0.0
1728950400,66933.974833723,66933.974833723,66933.974833723,66933.974833723,0.0
1729036800,67662.9534038574,67662.9534038574,67662.9534038574,67662.9534038574,0.0
1729123200,67337.9075482174,67337.9075482174,67337.9075482174,67337.9075482174,0.0
1729209600,68390.5375625365,68390.5375625365,68390.5375625365,68390.5375625365,0.0
1729296000,68357.8982963179,68357.8982963179,68357.8982963179,68357.8982963179,0.0
1729382400,69012.3532089421,69012.3532089421,69012.3532089421,69012.3532089421,0.0
1729468800,67440.4625058445,67440.4625058445,67440.4625058445,67440.4625058445,0.0
1729555200,67425.7553211572,67425.7553211572,67425.7553211572,67425.7553211572,0.0
1729641600,66647.2866642315,66647.2866642315,66647.2866642315,66647.2866642315,0.0
1729728000,68130.9948369374,68130.9948369374,68130.9948369374,68130.9948369374,0.0
1729814400,66261.5376861485,66261.5376861485,66261.5376861485,66261.5376861485,0.0
1729900800,67023.3399611338,67023.3399611338,67023.3399611338,67023.3399611338,0.0
1729987200,68000.1475008767,68000.1475008767,68000.1475008767,68000.1475008767,0.0
1730073600,69862.5205470485,69862.5205470485,69862.5205470485,69862.5205470485,0.0
1730160000,72678.7866201052,72678.7866201052,72678.7866201052,72678.7866201052,0.0
1730246400,72450.2843819404,72450.2843819404,72450.2843819404,72450.2843819404,0.0
1730332800,70367.0819576271,70367.0819576271,70367.0819576271,70367.0819576271,0.0
1730419200,69483.5830303916,69483.5830303916,69483.5830303916,69483.5830303916,0.0
1730505600,69241.6794865576,69241.6794865576,69241.6794865576,69241.6794865576,0.0
1730592000,68742.7546227352,68742.7546227352,68742.7546227352,68742.7546227352,0.0
1730678400,67779.0969795441,67779.0969795441,67779.0969795441,67779.0969795441,0.0
1730764800,69538.0241729982,69538.0241729982,69538.0241729982,69538.0241729982,0.0
1730851200,75696.0366192285,75696.0366192285,75696.0366192285,75696.0366192285,0.0
1730937600,75972.2955546464,75972.2955546464,75972.2955546464,75972.2955546464,0.0
1731024000,76507.4474012273,76507.4474012273,76507.4474012273,76507.4474012273,0.0
1731110400,76799.2527469316,76799.2527469316,76799.2527469316,76799.2527469316,0.0
1731196800,80409.2865666277,80409.2865666277,80409.2865666277,80409.2865666277,0.0
1731283200,88859.998448568,88859.998448568,88859.998448568,88859.998448568,0.0
1731369600,88048.7488877849,88048.7488877849,88048.7488877849,88048.7488877849,0.0
1731456000,90369.3819693162,90369.3819693162,90369.3819693162,90369.3819693162,0.0
1731542400,87204.2569827586,87204.2569827586,87204.2569827586,87204.2569827586,0.0
1731628800,91139.0844427236,91139.0844427236,91139.0844427236,91139.0844427236,0.0
1731715200,90567.6957568673,90567.6957568673,90567.6957568673,90567.6957568673,0.0
1731801600,89732.9704292811,89732.9704292811,89732.9704292811,89732.9704292811,0.0
1731888000,90587.6965534775,90587.6965534775,90587.6965534775,90587.6965534775,0.0
1731974400,92254.1385800701,92254.1385800701,92254.1385800701,92254.1385800701,0.0
1732060800,94160.0406858562,94160.0406858562,94160.0406858562,94160.0406858562,0.0
1732147200,98545.5688798948,98545.5688798948,98545.5688798948,98545.5688798948,0.0
1732233600,98938.3495450029,98938.3495450029,98938.3495450029,98938.3495450029,0.0
1732320000,97707.0484590883,97707.0484590883,97707.0484590883,97707.0484590883,0.0
1732406400,97980.2082819988,97980.2082819988,97980.2082819988,97980.2082819988,0.0
1732492800,93343.0290745178,93343.0290745178,93343.0290745178,93343.0290745178,0.0
1732579200,91875.5699593805,91875.5699593805,91875.5699593805,91875.5699593805,0.0
1732665600,95989.0802273524,95989.0802273524,95989.0802273524,95989.0802273524,0.0
1732752000,95737.9402822911,95737.9402822911,95737.9402822911,95737.9402822911,0.0
1732838400,97398.9417399182,97398.9417399182,97398.9417399182,97398.9417399182,0.0
1732924800,96463.6248980129,96463.6248980129,96463.6248980129,96463.6248980129,0.0
1733011200,97469.6044529515,97469.6044529515,97469.6044529515,97469.6044529515,0.0
1733097600,95726.4417258913,95726.4417258913,95726.4417258913,95726.4417258913,0.0
1733184000,96010.8774228521,96010.8774228521,96010.8774228521,96010.8774228521,0.0
1733270400,98920.2528255406,98920.2528255406,98920.2528255406,98920.2528255406,0.0
1733356800,96949.6644117475,96949.6644117475,96949.6644117475,96949.6644117475,0.0
1733443200,99953.1056580947,99953.1056580947,99953.1056580947,99953.1056580947,0.0
1733529600,99977.7002282291,99977.7002282291,99977.7002282291,99977.7002282291,0.0
1733616000,100798.98356429,100798.98356429,100798.98356429,100798.98356429,0.0
1733702400,97390.1988597311,97390.1988597311,97390.1988597311,97390.1988597311,0.0
1733788800,96835.5017387493,96835.5017387493,96835.5017387493,96835.5017387493,0.0
1733875200,101310.201899766,101310.201899766,101310.201899766,101310.201899766,0.0
1733961600,100090.890479544,100090.890479544,100090.890479544,100090.890479544,0.0
1734048000,101289.823976914,101289.823976914,101289.823976914,101289.823976914,0.0
1734134400,101366.87166803,101366.87166803,101366.87166803,101366.87166803,0.0
1734220800,104551.367141146,104551.367141146,104551.367141146,104551.367141146,0.0
1734307200,105855.672229982,105855.672229982,105855.672229982,105855.672229982,0.0
1734393600,106115.910582992,106115.910582992,106115.910582992,106115.910582992,0.0
1734480000,100469.770656926,100469.770656926,100469.770656926,100469.770656926,0.0
1734566400,97697.045779661,97697.045779661,97697.045779661,97697.045779661,0.0
1734652800,97617.4422051432,97617.4422051432,97617.4422051432,97617.4422051432,0.0
1734739200,97093.0190832846,97093.0190832846,97093.0190832846,97093.0190832846,0.0
1734825600,95149.1058252484,95149.1058252484,95149.1058252484,95149.1058252484,0.0
1734912000,94800.7562060199,94800.7562060199,94800.7562060199,94800.7562060199,0.0
1734998400,98637.7330543542,98637.7330543542,98637.7330543542,98637.7330543542,0.0
1735084800,99235.3678869082,99235.3678869082,99235.3678869082,99235.3678869082,0.0
1735171200,95628.3030902981,95628.3030902981,95628.3030902981,95628.3030902981,0.0
1735257600,94219.9821461134,94219.9821461134,94219.9821461134,94219.9821461134,0.0
1735344000,95123.5811098773,95123.5811098773,95123.5811098773,95123.5811098773,0.0
1735430400,93457.5783202806,93457.5783202806,93457.5783202806,93457.5783202806,0.0
1735516800,92523.163085038,92523.163085038,92523.163085038,92523.163085038,0.0
1735603200,93389.7326016949,93389.7326016949,93389.7326016949,93389.7326016949,0.0
1735689600,94455.7965718878,94455.7965718878,94455.7965718878,94455.7965718878,0.0
1735776000,96851.393682934,96851.393682934,96851.393682934,96851.393682934,0.0
1735862400,98120.6846759205,98120.6846759205,98120.6846759205,98120.6846759205,0.0
1735948800,98230.0478571011,98230.0478571011,98230.0478571011,98230.0478571011,0.0
1736035200,98414.8120964348,98414.8120964348,98414.8120964348,98414.8120964348,0.0
1736121600,102179.560366745,102179.560366745,102179.560366745,102179.560366745,0.0
1736208000,96974.9957857978,96974.9957857978,96974.9957857978,96974.9957857978,0.0
1736294400,95039.2809210988,95039.2809210988,95039.2809210988,95039.2809210988,0.0
1736380800,92346.1691589714,92346.1691589714,92346.1691589714,92346.1691589714,0.0
1736467200,94759.1196358854,94759.1196358854,94759.1196358854,94759.1196358854,0.0
1736553600,94606.5080099357,94606.5080099357,94606.5080099357,94606.5080099357,0.0
1736640000,94353.7752586207,94353.7752586207,94353.7752586207,94353.7752586207,0.0
1736726400,94375.7299102864,94375.7299102864,94375.7299102864,94375.7299102864,0.0
1736812800,96569.475726768,96569.475726768,96569.475726768,96569.475726768,0.0
1736899200,100172.405985096,100172.405985096,100172.405985096,100172.405985096,0.0
1736985600,99977.7298234951,99977.7298234951,99977.7298234951,99977.7298234951,0.0
1737072000,104296.588034191,104296.588034191,104296.588034191,104296.588034191,0.0
1737158400,104398.156261251,104398.156261251,104398.156261251,104398.156261251,0.0
1737244800,100954.572281999,100954.572281999,100954.572281999,100954.572281999,0.0
1737331200,102588.998699006,102588.998699006,102588.998699006,102588.998699006,0.0
1737417600,105987.888705435,105987.888705435,105987.888705435,105987.888705435,0.0
1737504000,103791.128861485,103791.128861485,103791.128861485,103791.128861485,0.0
1737590400,104184.616743717,104184.616743717,104184.616743717,104184.616743717,0.0
1737676800,104716.12488194,104716.12488194,104716.12488194,104716.12488194,0.0
1737763200,104866.085348919,104866.085348919,104866.085348919,104866.085348919,0.0
1737849600,102833.369273232,102833.369273232,102833.369273232,102833.369273232,0.0
1737936000,101907.44629661,101907.44629661,101907.44629661,101907.44629661,0.0
1738022400,101138.144066043,101138.144066043,101138.144066043,101138.144066043,0.0
1738108800,103918.795458796,103918.795458796,103918.795458796,103918.795458796,0.0
1738195200,104987.446410871,104987.446410871,104987.446410871,104987.446410871,0.0
1738281600,102263.043670953,102263.043670953,102263.043670953,102263.043670953,0.0
1738368000,100610.290439801,100610.290439801,100610.290439801,100610.290439801,0.0
1738454400,97424.7809000584,97424.7809000584,97424.7809000584,97424.7809000584,0.0
1738540800,101582.408702221,101582.408702221,101582.408702221,101582.408702221,0.0
1738627200,97848.1497592051,97848.1497592051,97848.1497592051,97848.1497592051,0.0
1738713600,96559.3327562829,96559.3327562829,96559.3327562829,96559.3327562829,0.0
1738800000,96541.3006811806,96541.3006811806,96541.3006811806,96541.3006811806,0.0
1738886400,96384.1109836353,96384.1109836353,96384.1109836353,96384.1109836353,0.0
1738972800,96603.318157218,96603.318157218,96603.318157218,96603.318157218,0.0
1739059200,96309.7532405026,96309.7532405026,96309.7532405026,96309.7532405026,0.0
1739145600,97375.2253535944,97375.2253535944,97375.2253535944,97375.2253535944,0.0
1739232000,95806.2580385739,95806.2580385739,95806.2580385739,95806.2580385739,0.0
1739318400,97756.4976548802,97756.4976548802,97756.4976548802,97756.4976548802,0.0
1739404800,96534.7406332554,96534.7406332554,96534.7406332554,96534.7406332554,0.0
1739491200,97414.3589821742,97414.3589821742,97414.3589821742,97414.3589821742,0.0
1739577600,97583.2431767972,97583.2431767972,97583.2431767972,97583.2431767972,0.0
1739664000,96182.2661706604,96182.2661706604,96182.2661706604,96182.2661706604,0.0
1739750400,95790.5109985389,95790.5109985389,95790.5109985389,95790.5109985389,0.0
1739836800,95444.031886616,95444.031886616,95444.031886616,95444.031886616,0.0
1739923200,96647.9132977791,96647.9132977791,96647.9132977791,96647.9132977791,0.0
1740009600,98392.2197247224,98392.2197247224,98392.2197247224,98392.2197247224,0.0
1740096000,96048.9937247224,96048.9937247224,96048.9937247224,96048.9937247224,0.0
1740182400,96605.7091057861,96605.7091057861,96605.7091057861,96605.7091057861,0.0
1740268800,96091.6329774985,96091.6329774985,96091.6329774985,96091.6329774985,0.0
1740355200,91869.6543430742,91869.6543430742,91869.6543430742,91869.6543430742,0.0
1740441600,88769.7356265342,88769.7356265342,88769.7356265342,88769.7356265342,0.0
1740528000,83987.89564173,83987.89564173,83987.89564173,83987.89564173,0.0
1740614400,84625.4191364699,84625.4191364699,84625.4191364699,84625.4191364699,0.0
1740700800,84243.7779114553,84243.7779114553,84243.7779114553,84243.7779114553,0.0
1740787200,85844.3685628288,85844.3685628288,85844.3685628288,85844.3685628288,0.0
1740873600,94328.0094444769,94328.0094444769,94328.0094444769,94328.0094444769,0.0
1740960000,86315.9305511397,86315.9305511397,86315.9305511397,86315.9305511397,0.0
1741046400,87323.690650789,87323.690650789,87323.690650789,87323.690650789,0.0
1741132800,90619.4090976038,90619.4090976038,90619.4090976038,90619.4090976038,0.0
1741219200,90222.0693275862,90222.0693275862,90222.0693275862,90222.0693275862,0.0
1741305600,86553.5921937464,86553.5921937464,86553.5921937464,86553.5921937464,0.0
1741392000,86171.2789362946,86171.2789362946,86171.2789362946,86171.2789362946,0.0
1741478400,80647.7964108709,80647.7964108709,80647.7964108709,80647.7964108709,0.0
1741564800,79005.9601291642,79005.9601291642,79005.9601291642,79005.9601291642,0.0
1741651200,82747.1601917008,82747.1601917008,82747.1601917008,82747.1601917008,0.0
1741737600,83630.1581101695,83630.1581101695,83630.1581101695,83630.1581101695,0.0
1741824000,81110.2890490941,81110.2890490941,81110.2890490941,81110.2890490941,0.0
1741910400,84105.8335517241,84105.8335517241,84105.8335517241,84105.8335517241,0.0
1741996800,84352.8773018703,84352.8773018703,84352.8773018703,84352.8773018703,0.0
1742083200,82492.1028287551,82492.1028287551,82492.1028287551,82492.1028287551,0.0
1742169600,84013.947518118,84013.947518118,84013.947518118,84013.947518118,0.0
1742256000,82680.8065514319,82680.8065514319,82680.8065514319,82680.8065514319,0.0
1742342400,86774.23507218,86774.23507218,86774.23507218,86774.23507218,0.0
1742428800,84124.9712878434,84124.9712878434,84124.9712878434,84124.9712878434,0.0
1742515200,84069.4081800117,84069.4081800117,84069.4081800117,84069.4081800117,0.0
1742601600,83821.220305377,83821.220305377,83821.220305377,83821.220305377,0.0
1742688000,85760.8814506137,85760.8814506137,85760.8814506137,85760.8814506137,0.0
1742774400,87322.5718568089,87322.5718568089,87322.5718568089,87322.5718568089,0.0
1742860800,87422.8426084161,87422.8426084161,87422.8426084161,87422.8426084161,0.0
1742947200,86836.6760955582,86836.6760955582,86836.6760955582,86836.6760955582,0.0
1743033600,87211.3240169492,87211.3240169492,87211.3240169492,87211.3240169492,0.0
1743120000,84309.0783550555,84309.0783550555,84309.0783550555,84309.0783550555,0.0
1743206400,82497.1792472238,82497.1792472238,82497.1792472238,82497.1792472238,0.0
1743292800,82216.4666765049,82216.4666765049,82216.4666765049,82216.4666765049,0.0
1743379200,82461.4496279953,82461.4496279953,82461.4496279953,82461.4496279953,0.0
1743465600,85226.7137936879,85226.7137936879,85226.7137936879,85226.7137936879,0.0
1743552000,82555.631296318,82555.631296318,82555.631296318,82555.631296318,0.0
1743638400,82931.697399474,82931.697399474,82931.697399474,82931.697399474,0.0
1743724800,83774.1797375804,83774.1797375804,83774.1797375804,83774.1797375804,0.0
1743811200,83302.1715756867,83302.1715756867,83302.1715756867,83302.1715756867,0.0
1743897600,77949.0884926943,77949.0884926943,77949.0884926943,77949.0884926943,0.0
1743984000,79421.8044105786,79421.8044105786,79421.8044105786,79421.8044105786,0.0
1744070400,76351.4295303916,76351.4295303916,76351.4295303916,76351.4295303916,0.0
1744156800,82720.6034891876,82720.6034891876,82720.6034891876,82720.6034891876,0.0
1744243200,79558.9558252484,79558.9558252484,79558.9558252484,79558.9558252484,0.0
1744329600,83359.8995157802,83359.8995157802,83359.8995157802,83359.8995157802,0.0
1744416000,85269.2495119813,85269.2495119813,85269.2495119813,85269.2495119813,0.0
1744502400,83568.9544360023,83568.9544360023,83568.9544360023,83568.9544360023,0.0
1744588800,84589.0324135009,84589.0324135009,84589.0324135009,84589.0324135009,0.0
1744675200,83671.3439713618,83671.3439713618,83671.3439713618,83671.3439713618,0.0
1744761600,84151.5357562829,84151.5357562829,84151.5357562829,84151.5357562829,0.0
1744848000,84940.5838538866,84940.5838538866,84940.5838538866,84940.5838538866,0.0
1744934400,84434.7727463472,84434.7727463472,84434.7727463472,84434.7727463472,0.0
1745020800,85124.721496201,85124.721496201,85124.721496201,85124.721496201,0.0
1745107200,85101.7461545879,85101.7461545879,85101.7461545879,85101.7461545879,0.0
1745193600,87360.7198933372,87360.7198933372,87360.7198933372,87360.7198933372,0.0
1745280000,93495.6106890707,93495.6106890707,93495.6106890707,93495.6106890707,0.0
1745366400,93695.7404772063,93695.7404772063,93695.7404772063,93695.7404772063,0.0
1745452800,93849.8817790766,93849.8817790766,93849.8817790766,93849.8817790766,0.0
1745539200,94771.4128007014,94771.4128007014,94771.4128007014,94771.4128007014,0.0
1745625600,94694.5111014027,94694.5111014027,94694.5111014027,94694.5111014027,0.0
1745712000,93812.876534775,93812.876534775,93812.876534775,93812.876534775,0.0
1745798400,95066.0211867329,95066.0211867329,95066.0211867329,95066.0211867329,0.0
1745884800,94102.8403024547,94102.8403024547,94102.8403024547,94102.8403024547,0.0
1745971200,94236.7325143191,94236.7325143191,94236.7325143191,94236.7325143191,0.0
1746057600,96411.7422635885,96411.7422635885,96411.7422635885,96411.7422635885,0.0
1746144000,96842.1021057861,96842.1021057861,96842.1021057861,96842.1021057861,0.0
1746230400,95943.61135301,95943.61135301,95943.61135301,95943.61135301,0.0
1746316800,94377.7899196376,94377.7899196376,94377.7899196376,94377.7899196376,0.0
1746403200,94853.7298594389,94853.7298594389,94853.7298594389,94853.7298594389,0.0
1746489600,96677.9245029223,96677.9245029223,96677.9245029223,96677.9245029223,0.0
1746576000,97137.3757086499,97137.3757086499,97137.3757086499,97137.3757086499,0.0
1746662400,103069.539295733,103069.539295733,103069.539295733,103069.539295733,0.0
1746748800,102940.802949445,102940.802949445,102940.802949445,102940.802949445,0.0
1746835200,104582.821806254,104582.821806254,104582.821806254,104582.821806254,0.0
1746921600,103976.137798948,103976.137798948,103976.137798948,103976.137798948,0.0
1747008000,102920.074689071,102920.074689071,102920.074689071,102920.074689071,0.0
1747094400,104145.711825248,104145.711825248,104145.711825248,104145.711825248,0.0
1747180800,103572.719642022,103572.719642022,103572.719642022,103572.719642022,0.0
1747267200,103716.283947399,103716.283947399,103716.283947399,103716.283947399,0.0
1747353600,103566.269191116,103566.269191116,103566.269191116,103566.269191116,0.0
1747440000,103190.041364991,103190.041364991,103190.041364991,103190.041364991,0.0
1747526400,106015.689848919,106015.689848919,106015.689848919,106015.689848919,0.0
1747612800,105615.828960257,105615.828960257,105615.828960257,105615.828960257,0.0
1747699200,106893.330247516,106893.330247516,106893.330247516,106893.330247516,0.0
1747785600,109704.855619521,109704.855619521,109704.855619521,109704.855619521,0.0
1747872000,111477.014787843,111477.014787843,111477.014787843,111477.014787843,0.0
1747958400,107291.888969901,107291.888969901,107291.888969901,107291.888969901,0.0
1748044800,107917.328289304,107917.328289304,107917.328289304,107917.328289304,0.0
1748131200,108914.876558445,108914.876558445,108914.876558445,108914.876558445,0.0
1748217600,109371.985172122,109371.985172122,109371.985172122,109371.985172122,0.0
1748304000,109066.345636762,109066.345636762,109066.345636762,109066.345636762,0.0
1748390400,107895.402399474,107895.402399474,107895.402399474,107895.402399474,0.0
1748476800,105732.957892168,105732.957892168,105732.957892168,105732.957892168,0.0
1748563200,103981.302957919,103981.302957919,103981.302957919,103981.302957919,0.0
1748649600,104708.964150205,104708.964150205,104708.964150205,104708.964150205,0.0
1748736000,105750.15972443,105750.15972443,105750.15972443,105750.15972443,0.0
1748822400,105899.696926651,105899.696926651,105899.696926651,105899.696926651,0.0
1748908800,105483.98555114,105483.98555114,105483.98555114,105483.98555114,0.0
1748995200,104782.844900351,104782.844900351,104782.844900351,104782.844900351,0.0
1749081600,101669.190496785,101669.190496785,101669.190496785,101669.190496785,0.0
1749168000,104421.051549094,104421.051549094,104421.051549094,104421.051549094,0.0
1749254400,105685.250402104,105685.250402104,105685.250402104,105685.250402104,0.0
1749340800,105727.739632379,105727.739632379,105727.739632379,105727.739632379,0.0
1749427200,110198.15871391,110198.15871391,110198.15871391,110198.15871391,0.0
1749513600,110074.119081824,110074.119081824,110074.119081824,110074.119081824,0.0
1749600000,108645.785558153,108645.785558153,108645.785558153,108645.785558153,0.0
1749686400,105998.985830801,105998.985830801,105998.985830801,105998.985830801,0.0
1749772800,106024.822087376,106024.822087376,106024.822087376,106024.822087376,0.0
1749859200,105467.108742256,105467.108742256,105467.108742256,105467.108742256,0.0
1749945600,105512.797437756,105512.797437756,105512.797437756,105512.797437756,0.0
1750032000,107243.933345997,107243.933345997,107243.933345997,107243.933345997,0.0
1750118400,104628.396527469,104628.396527469,104628.396527469,104628.396527469,0.0
1750204800,104813.367028638,104813.367028638,104813.367028638,104813.367028638,0.0
1750291200,104709.720767095,104709.720767095,104709.720767095,104709.720767095,0.0
1750377600,103274.958839567,103274.958839567,103274.958839567,103274.958839567,0.0
1750464000,101548.196381648,101548.196381648,101548.196381648,101548.196381648,0.0
1750550400,100899.234151958,100899.234151958,100899.234151958,100899.234151958,0.0
1750636800,105496.947495324,105496.947495324,105496.947495324,105496.947495324,0.0
1750723200,105964.065136762,105964.065136762,105964.065136762,105964.065136762,0.0
1750809600,107305.065199591,107305.065199591,107305.065199591,107305.065199591,0.0
1750896000,107012.822824079,107012.822824079,107012.822824079,107012.822824079,0.0
1750982400,107090.95905114,107090.95905114,107090.95905114,107090.95905114,0.0
1751068800,107357.617171245,107357.617171245,107357.617171245,107357.617171245,0.0
1751155200,108360.901696376,108360.901696376,108360.901696376,108360.901696376,0.0
1751241600,107153.101135885,107153.101135885,107153.101135885,107153.101135885,0.0
1751328000,105566.356597896,105566.356597896,105566.356597896,105566.356597896,0.0
1751414400,108927.13451841,108927.13451841,108927.13451841,108927.13451841,0.0
1751500800,109632.159126826,109632.159126826,109632.159126826,109632.159126826,0.0
1751587200,108081.395758621,108081.395758621,108081.395758621,108081.395758621,0.0
1751673600,108244.788813852,108244.788813852,108244.788813852,108244.788813852,0.0
1751760000,109180.005545587,109180.005545587,109180.005545587,109180.005545587,0.0
1751846400,108249.401004091,108249.401004091,108249.401004091,108249.401004091,0.0
1751932800,108956.631703098,108956.631703098,108956.631703098,108956.631703098,0.0
1752019200,111416.806720047,111416.806720047,111416.806720047,111416.806720047,0.0
1752105600,115873.903783752,115873.903783752,115873.903783752,115873.903783752,0.0
1752192000,117618.605087084,117618.605087084,117618.605087084,117618.605087084,0.0
1752278400,117382.372540912,117382.372540912,117382.372540912,117382.372540912,0.0
1752364800,118899.737107832,118899.737107832,118899.737107832,118899.737107832,0.0
1752451200,119871.096197838,119871.096197838,119871.096197838,119871.096197838,0.0
1752537600,117710.89100789,117710.89100789,117710.89100789,117710.89100789,0.0
1752624000,118730.187791642,118730.187791642,118730.187791642,118730.187791642,0.0
1752710400,119501.663770894,119501.663770894,119501.663770894,119501.663770894,0.0
1752796800,117958.511213033,117958.511213033,117958.511213033,117958.511213033,0.0
1752883200,117908.52473232,117908.52473232,117908.52473232,117908.52473232,0.0
1752969600,117305.680953828,117305.680953828,117305.680953828,117305.680953828,0.0
1753056000,117432.435634717,117432.435634717,117432.435634717,117432.435634717,0.0
1753142400,120068.00578872,120068.00578872,120068.00578872,120068.00578872,0.0
1753228800,118650.587165693,118650.587165693,118650.587165693,118650.587165693,0.0
1753315200,118377.081936879,118377.081936879,118377.081936879,118377.081936879,0.0
1753401600,117520.17335038,117520.17335038,117520.17335038,117520.17335038,0.0
1753488000,117983.204598773,117983.204598773,117983.204598773,117983.204598773,0.0
1753574400,119438.164235535,119438.164235535,119438.164235535,119438.164235535,0.0
1753660800,118022.637320281,118022.637320281,118022.637320281,118022.637320281,0.0
1753747200,117871.370895383,117871.370895383,117871.370895383,117871.370895383,0.0
1753833600,117732.643660725,117732.643660725,117732.643660725,117732.643660725,0.0
1753920000,115848.339985096,115848.339985096,115848.339985096,115848.339985096,0.0
1754006400,113282.144336061,113282.144336061,113282.144336061,113282.144336061,0.0
1754092800,112545.673659264,112545.673659264,112545.673659264,112545.673659264,0.0
1754179200,114263.693947691,114263.693947691,114263.693947691,114263.693947691,0.0
1754265600,115199.933659264,115199.933659264,115199.933659264,115199.933659264,0.0
1754352000,114111.36101841,114111.36101841,114111.36101841,114111.36101841,0.0
1754438400,115034.678748977,115034.678748977,115034.678748977,115034.678748977,0.0
1754524800,117444.913924313,117444.913924313,117444.913924313,117444.913924313,0.0
1754611200,116740.687720923,116740.687720923,116740.687720923,116740.687720923,0.0
1754697600,116511.655739375,116511.655739375,116511.655739375,116511.655739375,0.0
1754784000,119189.198160275,119189.198160275,119189.198160275,119189.198160275,0.0
1754870400,118742.043048644,118742.043048644,118742.043048644,118742.043048644,0.0
1754956800,120154.32493507,120154.32493507,120154.32493507,120154.32493507,0.0
1755043200,123442.67982225,123442.67982225,123442.67982225,123442.67982225,0.0
1755129600,118510.27128083,118510.27128083,118510.27128083,118510.27128083,0.0
1755216000,117311.209947715,117311.209947715,117311.209947715,117311.209947715,0.0
1755302400,117462.42684623,117462.42684623,117462.42684623,117462.42684623,0.0
1755388800,117601.952231888,117601.952231888,117601.952231888,117601.952231888,0.0
1755475200,116312.914397989,116312.914397989,116312.914397989,116312.914397989,0.0
1755561600,112886.10147543,112886.10147543,112886.10147543,112886.10147543,0.0
1755648000,114277.320860316,114277.320860316,114277.320860316,114277.320860316,0.0
1755734400,112347.102298302,112347.102298302,112347.102298302,112347.102298302,0.0
1755820800,116800.977035073,116800.977035073,116800.977035073,116800.977035073,0.0
1755907200,115280.444723834,115280.444723834,115280.444723834,115280.444723834,0.0
1755993600,113516.122474401,113516.122474401,113516.122474401,113516.122474401,0.0
1756080000,110089.533314144,110089.533314144,110089.533314144,110089.533314144,0.0
1756166400,111895.295495307,111895.295495307,111895.295495307,111895.295495307,0.0
1756252800,111252.307236061,111252.307236061,111252.307236061,111252.307236061,0.0
1756339200,112481.152904109,112481.152904109,112481.152904109,112481.152904109,0.0
1756425600,108473.330441642,108473.330441642,108473.330441642,108473.330441642,0.0
1756512000,108746.150824851,108746.150824851,108746.150824851,108746.150824851,0.0
1756598400,108316.44689481,108316.44689481,108316.44689481,108316.44689481,0.0
1756684800,108992.324614863,108992.324614863,108992.324614863,108992.324614863,0.0
1756771200,111140.947159836,111140.947159836,111140.947159836,111140.947159836,0.0
1756857600,111780.743587376,111780.743587376,111780.743587376,111780.743587376,0.0
1756944000,110900.633412981,110900.633412981,110900.633412981,110900.633412981,0.0
1757030400,110711.229484804,110711.229484804,110711.229484804,110711.229484804,0.0
1757116800,110243.650741672,110243.650741672,110243.650741672,110243.650741672,0.0
1757203200,111307.784421087,111307.784421087,111307.784421087,111307.784421087,0.0
1757289600,112112.311575102,112112.311575102,112112.311575102,112112.311575102,0.0
1757376000,111486.396779836,111486.396779836,111486.396779836,111486.396779836,0.0
1757462400,113930.748423437,113930.748423437,113930.748423437,113930.748423437,0.0
1757548800,115445.812932648,115445.812932648,115445.812932648,115445.812932648,0.0
1757635200,116149.174031958,116149.174031958,116149.174031958,116149.174031958,0.0
1757721600,115965.627551268,115965.627551268,115965.627551268,115965.627551268,0.0
1757808000,115395.933423437,115395.933423437,115395.933423437,115395.933423437,0.0
1757894400,115420.931814144,115420.931814144,115420.931814144,115420.931814144,0.0
1757980800,116798.867050906,116798.867050906,116798.867050906,116798.867050906,0.0
1758067200,116575.777628866,116575.777628866,116575.777628866,116575.777628866,0.0
1758153600,117014.426762174,117014.426762174,117014.426762174,117014.426762174,0.0
1758240000,115612.372541695,115612.372541695,115612.372541695,115612.372541695,0.0
1758326400,115753.165960549,115753.165960549,115753.165960549,115753.165960549,0.0
1758412800,115320.858829047,115320.858829047,115320.858829047,115320.858829047,0.0
1758499200,112727.70773813,112727.70773813,112727.70773813,112727.70773813,0.0
1758585600,112052.393282022,112052.393282022,112052.393282022,112052.393282022,0.0
1758672000,113324.623592192,113324.623592192,113324.623592192,113324.623592192,0.0
1758758400,109166.347974874,109166.347974874,109166.347974874,109166.347974874,0.0
1758844800,109669.102166861,109669.102166861,109669.102166861,109669.102166861,0.0
1758931200,109644.73069287,109644.73069287,109644.73069287,109644.73069287,0.0
1759017600,112170.00778609,112170.00778609,112170.00778609,112170.00778609,0.0
1759104000,114341.141435418,114341.141435418,114341.141435418,114341.141435418,0.0
1759190400,113971.742796902,113971.742796902,113971.742796902,113971.742796902,0.0
1759276800,118393.270386324,118393.270386324,118393.270386324,118393.270386324,0.0
1759363200,120558.594007013,120558.594007013,120558.594007013,120558.594007013,0.0
1759449600,122348.127640269,122348.127640269,122348.127640269,122348.127640269,0.0
1759536000,122379.744317651,122379.744317651,122379.744317651,122379.744317651,0.0
1759622400,123523.768313852,123523.768313852,123523.768313852,123523.768313852,0.0
1759708800,124824.453666861,124824.453666861,124824.453666861,124824.453666861,0.0
1759795200,121587.699236704,121587.699236704,121587.699236704,121587.699236704,0.0
1759881600,123390.353094682,123390.353094682,123390.353094682,123390.353094682,0.0
1759968000,121603.33278609,121603.33278609,121603.33278609,121603.33278609,0.0
1760054400,113754.852328171,113754.852328171,113754.852328171,113754.852328171,0.0
1760140800,110940.113648159,110940.113648159,110940.113648159,110940.113648159,0.0
1760227200,115152.917045003,115152.917045003,115152.917045003,115152.917045003,0.0
1760313600,115332.252929573,115332.252929573,115332.252929573,115332.252929573,0.0
1760400000,113327.079410286,113327.079410286,113327.079410286,113327.079410286,0.0
1760486400,110862.872485389,110862.872485389,110862.872485389,110862.872485389,0.0
1760572800,108135.049605786,108135.049605786,108135.049605786,108135.049605786,0.0
1760659200,106625.668651373,106625.668651373,106625.668651373,106625.668651373,0.0
1760745600,107143.913935126,107143.913935126,107143.913935126,107143.913935126,0.0
1760832000,108706.663763881,108706.663763881,108706.663763881,108706.663763881,0.0
1760918400,110640.249515488,110640.249515488,110640.249515488,110640.249515488,0.0
1761004800,108700.382071888,108700.382071888,108700.382071888,108700.382071888,0.0
1761091200,107667.630188486,107667.630188486,107667.630188486,107667.630188486,0.0
1761177600,110060.936797195,110060.936797195,110060.936797195,110060.936797195,0.0
1761264000,111024.94314699,111024.94314699,111024.94314699,111024.94314699,0.0
1761350400,111614.535857686,111614.535857686,111614.535857686,111614.535857686,0.0
1761436800,114557.100460549,114557.100460549,114557.100460549,114557.100460549,0.0
1761523200,114087.773805085,114087.773805085,114087.773805085,114087.773805085,0.0
1761609600,112980.685846289,112980.685846289,112980.685846289,112980.685846289,0.0
1761696000,110206.347983051,110206.347983051,110206.347983051,110206.347983051,0.0
1761782400,108019.723841905,108019.723841905,108019.723841905,108019.723841905,0.0
1761868800,109554.239627703,109554.239627703,109554.239627703,109554.239627703,0.0
1761955200,110005.295855348,110005.295855348,110005.295855348,110005.295855348,0.0
1762041600,110389.168627119,110389.168627119,110389.168627119,110389.168627119,0.0
1762128000,106495.802789889,106495.802789889,106495.802789889,106495.802789889,0.0
1762214400,101349.73723232,101349.73723232,101349.73723232,101349.73723232,0.0
1762300800,103915.88479135,103915.88479135,103915.88479135,103915.88479135,0.0
1762387200,101241.573677966,101241.573677966,101241.573677966,101241.573677966,0.0
1762473600,103428.471746932,103428.471746932,103428.471746932,103428.471746932,0.0
1762560000,102335.021439217,102335.021439217,102335.021439217,102335.021439217,0.0
1762646400,104685.54544097,104685.54544097,104685.54544097,104685.54544097,0.0
1762732800,106082.478156926,106082.478156926,106082.478156926,106082.478156926,0.0
1762819200,102974.405611631,102974.405611631,102974.405611631,102974.405611631,0.0
1762905600,101682.126652835,101682.126652835,101682.126652835,101682.126652835,0.0
1762992000,100035.310145237,100035.310145237,100035.310145237,100035.310145237,0.0
1763078400,94502.5476025716,94502.5476025716,94502.5476025716,94502.5476025716,0.0
1763164800,95541.3158389831,95541.3158389831,95541.3158389831,95541.3158389831,0.0
1763251200,94182.3130996493,94182.3130996493,94182.3130996493,94182.3130996493,0.0
1763337600,91911.4713471654,91911.4713471654,91911.4713471654,91911.4713471654,0.0
1763424000,92836.4419111631,92836.4419111631,92836.4419111631,92836.4419111631,0.0
1763510400,91320.4811332554,91320.4811332554,91320.4811332554,91320.4811332554,0.0
1763596800,86911.2980590298,86911.2980590298,86911.2980590298,86911.2980590298,0.0
1763683200,84948.0463205727,84948.0463205727,84948.0463205727,84948.0463205727,0.0
1763769600,84775.0015452952,84775.0015452952,84775.0015452952,84775.0015452952,0.0
1763856000,86872.4546630625,86872.4546630625,86872.4546630625,86872.4546630625,0.0
1763942400,88377.6024421391,88377.6024421391,88377.6024421391,88377.6024421391,0.0
1764028800,87434.550610754,87434.550610754,87434.550610754,87434.550610754,0.0
1764115200,90449.2770675044,90449.2770675044,90449.2770675044,90449.2770675044,0.0
1764201600,91336.2000452952,91336.2000452952,91336.2000452952,91336.2000452952,0.0
1764288000,90990.1266104617,90990.1266104617,90990.1266104617,90990.1266104617,0.0
1764374400,90842.0738243717,90842.0738243717,90842.0738243717,90842.0738243717,0.0
1764460800,90607.7021513735,90607.7021513735,90607.7021513735,90607.7021513735,0.0
1764547200,86504.6368156049,86504.6368156049,86504.6368156049,86504.6368156049,0.0
1764633600,91528.0245809468,91528.0245809468,91528.0245809468,91528.0245809468,0.0
1764720000,93609.0938658679,93609.0938658679,93609.0938658679,93609.0938658679,0.0
1764806400,92205.5929544126,92205.5929544126,92205.5929544126,92205.5929544126,0.0
1764892800,89279.8344634717,89279.8344634717,89279.8344634717,89279.8344634717,0.0
1764979200,89169.5570610754,89169.5570610754,89169.5570610754,89169.5570610754,0.0
1765065600,90067.847399474,90067.847399474,90067.847399474,90067.847399474,0.0
1765152000,90673.1444436003,90673.1444436003,90673.1444436003,90673.1444436003,0.0
1765238400,92808.8518477498,92808.8518477498,92808.8518477498,92808.8518477498,0.0
1765324800,92102.9300917592,92102.9300917592,92102.9300917592,92102.9300917592,0.0
1765411200,92623.7198708358,92623.7198708358,92623.7198708358,92623.7198708358,0.0
1765497600,90331.6083091759,90331.6083091759,90331.6083091759,90331.6083091759,0.0
1765584000,90245.267264173,90245.267264173,90245.267264173,90245.267264173,0.0
1765670400,88096.3826142607,88096.3826142607,88096.3826142607,88096.3826142607,0.0
1765756800,86352.5802565751,86352.5802565751,86352.5802565751,86352.5802565751,0.0
1765843200,87752.4290336061,87752.4290336061,87752.4290336061,87752.4290336061,0.0
1765929600,86059.5522241379,86059.5522241379,86059.5522241379,86059.5522241379,0.0
1766016000,85434.1928673291,85434.1928673291,85434.1928673291,85434.1928673291,0.0
1766102400,88168.0738325541,88168.0738325541,88168.0738325541,88168.0738325541,0.0
1766188800,88292.4536373466,88292.4536373466,88292.4536373466,88292.4536373466,0.0
1766275200,88533.4309830508,88533.4309830508,88533.4309830508,88533.4309830508,0.0
1766361600,88474.4622331969,88474.4622331969,88474.4622331969,88474.4622331969,0.0
1766448000,87365.9937872589,87365.9937872589,87365.9937872589,87365.9937872589,0.0
1766534400,87625.6707895967,87625.6707895967,87625.6707895967,87625.6707895967,0.0
1766620800,87231.3047685564,87231.3047685564,87231.3047685564,87231.3047685564,0.0
1766707200,87334.8077808299,87334.8077808299,87334.8077808299,87334.8077808299,0.0
1766793600,87695.4159076564,87695.4159076564,87695.4159076564,87695.4159076564,0.0
1766880000,87747.6491548802,87747.6491548802,87747.6491548802,87747.6491548802,0.0
1766966400,87133.5103991818,87133.5103991818,87133.5103991818,87133.5103991818,0.0
1767052800,88428.4922735243,88428.4922735243,88428.4922735243,88428.4922735243,0.0
1767139200,87516.9780376972,87516.9780376972,87516.9780376972,87516.9780376972,0.0
1767225600,88684.2178474576,88684.2178474576,88684.2178474576,88684.2178474576,0.0
1767312000,89940.1801671537,89940.1801671537,89940.1801671537,89940.1801671537,0.0
1767398400,90598.1301832262,90598.1301832262,90598.1301832262,90598.1301832262,0.0
1767484800,91359.7636823495,91359.7636823495,91359.7636823495,91359.7636823495,0.0
1767571200,93948.5821794272,93948.5821794272,93948.5821794272,93948.5821794272,0.0
1767657600,93574.2871122151,93574.2871122151,93574.2871122151,93574.2871122151,0.0
1767744000,91208.9562606663,91208.9562606663,91208.9562606663,91208.9562606663,0.0
1767830400,91096.9161554647,91096.9161554647,91096.9161554647,91096.9161554647,0.0
1767916800,90539.6032288136,90539.6032288136,90539.6032288136,90539.6032288136,0.0
1768003200,90406.1424114553,90406.1424114553,90406.1424114553,90406.1424114553,0.0
1768089600,90717.2063153127,90717.2063153127,90717.2063153127,90717.2063153127,0.0
1768176000,91141.1498489188,91141.1498489188,91141.1498489188,91141.1498489188,0.0
1768262400,95304.4982942724,95304.4982942724,95304.4982942724,95304.4982942724,0.0
1768348800,97043.9927258913,97043.9927258913,97043.9927258913,97043.9927258913,0.0
1768435200,95546.1397381648,95546.1397381648,95546.1397381648,95546.1397381648,0.0
1768521600,95489.1299602572,95489.1299602572,95489.1299602572,95489.1299602572,0.0
1768608000,95106.980462595,95106.980462595,95106.980462595,95106.980462595,0.0
1768694400,94261.3294313267,94261.3294313267,94261.3294313267,94261.3294313267,0.0
1768780800,92526.2419643483,92526.2419643483,92526.2419643483,92526.2419643483,0.0
1768867200,88236.5631922852,88236.5631922852,88236.5631922852,88236.5631922852,0.0
1768953600,89599.361874927,89599.361874927,89599.361874927,89599.361874927,0.0
1769040000,89395.700735827,89395.700735827,89395.700735827,89395.700735827,0.0
1769126400,89439.7718909994,89439.7718909994,89439.7718909994,89439.7718909994,0.0
1769212800,89185.0386990064,89185.0386990064,89185.0386990064,89185.0386990064,0.0
1769299200,86445.6705926359,86445.6705926359,86445.6705926359,86445.6705926359,0.0
1769385600,88337.4545511397,88337.4545511397,88337.4545511397,88337.4545511397,0.0
1769472000,89260.3805397429,89260.3805397429,89260.3805397429,89260.3805397429,0.0
1769558400,89177.7892507306,89177.7892507306,89177.7892507306,89177.7892507306,0.0
1769644800,84520.3973106371,84520.3973106371,84520.3973106371,84520.3973106371,0.0
1769731200,84017.0340292227,84017.0340292227,84017.0340292227,84017.0340292227,0.0
1769817600,78702.38550263,78702.38550263,78702.38550263,78702.38550263,0.0
1769904000,76911.0523772648,76911.0523772648,76911.0523772648,76911.0523772648,0.0
1769990400,78716.6018088837,78716.6018088837,78716.6018088837,78716.6018088837,0.0
1770076800,75684.7660277616,75684.7660277616,75684.7660277616,75684.7660277616,0.0
1770163200,73095.1914646406,73095.1914646406,73095.1914646406,73095.1914646406,0.0
1770249600,63494.6884456458,63494.6884456458,63494.6884456458,63494.6884456458,0.0
1770336000,70647.6982188778,70647.6982188778,70647.6982188778,70647.6982188778,0.0
1770422400,69166.2594424313,69166.2594424313,69166.2594424313,69166.2594424313,0.0
1770508800,70522.5892393337,70522.5892393337,70522.5892393337,70522.5892393337,0.0
1770595200,70244.1017773232,70244.1017773232,70244.1017773232,70244.1017773232,0.0
1770681600,68688.793113384,68688.793113384,68688.793113384,68688.793113384,0.0
1770768000,66989.7165920514,66989.7165920514,66989.7165920514,66989.7165920514,0.0
1770854400,66221.5443115137,66221.5443115137,66221.5443115137,66221.5443115137,0.0
1770940800,68860.8411633548,68860.8411633548,68860.8411633548,68860.8411633548,0.0
1771027200,69798.0791253653,69798.0791253653,69798.0791253653,69798.0791253653,0.0
1771113600,68629.9599760374,68629.9599760374,68629.9599760374,68629.9599760374,0.0
1771200000,68747.4380286383,68747.4380286383,68747.4380286383,68747.4380286383,0.0
1771286400,67471.0508465809,67471.0508465809,67471.0508465809,67471.0508465809,0.0
1771372800,66380.7069611339,66380.7069611339,66380.7069611339,66380.7069611339,0.0
1771459200,66932.3522118644,66932.3522118644,66932.3522118644,66932.3522118644,0.0
1771545600,67977.3092612507,67977.3092612507,67977.3092612507,67977.3092612507,0.0
1771632000,68020.6677612507,68020.6677612507,68020.6677612507,68020.6677612507,0.0
1771718400,67550.0240768556,67550.0240768556,67550.0240768556,67550.0240768556,0.0
1771804800,64689.9123308007,64689.9123308007,64689.9123308007,64689.9123308007,0.0
1771891200,64123.7510780245,64123.7510780245,64123.7510780245,64123.7510780245,0.0
1771977600,68038.5221794272,68038.5221794272,68038.5221794272,68038.5221794272,0.0
1772064000,67519.2645292227,67519.2645292227,67519.2645292227,67519.2645292227,0.0
1772150400,65864.1358170661,65864.1358170661,65864.1358170661,65864.1358170661,0.0
1772236800,66965.6353091759,66965.6353091759,66965.6353091759,66965.6353091759,0.0
1772323200,65733.5212597896,65733.5212597896,65733.5212597896,65733.5212597896,0.0
1772409600,68922.6242974869,68922.6242974869,68922.6242974869,68922.6242974869,0.0
1772496000,68431.1740306838,68431.1740306838,68431.1740306838,68431.1740306838,0.0
1772582400,72667.4630575687,72667.4630575687,72667.4630575687,72667.4630575687,0.0
1772668800,70987.427176505,70987.427176505,70987.427176505,70987.427176505,0.0
1772755200,68226.7053927528,68226.7053927528,68226.7053927528,68226.7053927528,0.0
1772841600,67315.5529135009,67315.5529135009,67315.5529135009,67315.5529135009,0.0
1772928000,66202.6978731736,66202.6978731736,66202.6978731736,66202.6978731736,0.0
1773014400,68528.5384699007,68528.5384699007,68528.5384699007,68528.5384699007,0.0
1773100800,69891.8238576856,69891.8238576856,69891.8238576856,69891.8238576856,0.0
1773187200,70298.5753530099,70298.5753530099,70298.5753530099,70298.5753530099,0.0
1773273600,70538.1074623027,70538.1074623027,70538.1074623027,70538.1074623027,0.0
1773360000,70930.0132793688,70930.0132793688,70930.0132793688,70930.0132793688,0.0
1773446400,71136.2179199299,71136.2179199299,71136.2179199299,71136.2179199299,0.0
1773532800,72712.1461957919,72712.1461957919,72712.1461957919,72712.1461957919,0.0
1773619200,74723.9575534775,74723.9575534775,74723.9575534775,74723.9575534775,0.0
1773705600,74086.013609585,74086.013609585,74086.013609585,74086.013609585,0.0
1773792000,71253.9579275278,71253.9579275278,71253.9579275278,71253.9579275278,0.0
1773878400,69948.9048267095,69948.9048267095,69948.9048267095,69948.9048267095,0.0
1773964800,70510.4196797194,70510.4196797194,70510.4196797194,70510.4196797194,0.0
1774051200,69707.285009059,69707.285009059,69707.285009059,69707.285009059,0.0
1774137600,68018.1534815897,68018.1534815897,68018.1534815897,68018.1534815897,0.0
1774224000,70726.2110461718,70726.2110461718,70726.2110461718,70726.2110461718,0.0
1774310400,70610.0187121566,70610.0187121566,70610.0187121566,70610.0187121566,0.0
1774396800,71281.2973921683,71281.2973921683,71281.2973921683,71281.2973921683,0.0
1774483200,68722.9718366452,68722.9718366452,68722.9718366452,68722.9718366452,0.0
1774569600,66214.1715134424,66214.1715134424,66214.1715134424,66214.1715134424,0.0
1774656000,66351.0725251315,66351.0725251315,66351.0725251315,66351.0725251315,0.0
1774742400,65966.7523939217,65966.7523939217,65966.7523939217,65966.7523939217,0.0
1774828800,66651.2320037989,66651.2320037989,66651.2320037989,66651.2320037989,0.0
1774915200,68214.8680388662,68214.8680388662,68214.8680388662,68214.8680388662,0.0
1775001600,68116.8167933957,68116.8167933957,68116.8167933957,68116.8167933957,0.0
1775088000,66908.3179918177,66908.3179918177,66908.3179918177,66908.3179918177,0.0
1775174400,66891.7422279369,66891.7422279369,66891.7422279369,66891.7422279369,0.0
1775260800,67295.1309137931,67295.1309137931,67295.1309137931,67295.1309137931,0.0
1775347200,68921.8060911748,68921.8060911748,68921.8060911748,68921.8060911748,0.0
1775433600,68742.9133085915,68742.9133085915,68742.9133085915,68742.9133085915,0.0
1775520000,72057.1243614845,72057.1243614845,72057.1243614845,72057.1243614845,0.0
1775606400,71085.0583702513,71085.0583702513,71085.0583702513,71085.0583702513,0.0
1775692800,71788.6797825833,71788.6797825833,71788.6797825833,71788.6797825833,0.0
1775779200,72945.0707241379,72945.0707241379,72945.0707241379,72945.0707241379,0.0
1775865600,73119.1091168907,73119.1091168907,73119.1091168907,73119.1091168907,0.0
1775952000,70685.3697019287,70685.3697019287,70685.3697019287,70685.3697019287,0.0
1776038400,74632.7455856224,74632.7455856224,74632.7455856224,74632.7455856224,0.0
1776124800,74173.5083603156,74173.5083603156,74173.5083603156,74173.5083603156,0.0
1776211200,74761.964654588,74761.964654588,74761.964654588,74761.964654588,0.0
1776297600,75095.7442159556,75095.7442159556,75095.7442159556,75095.7442159556,0.0
1776384000,77114.481438048,77114.481438048,77114.481438048,77114.481438048,0.0
1776470400,75792.0637510228,75792.0637510228,75792.0637510228,75792.0637510228,0.0
1776556800,73905.2041016949,73905.2041016949,73905.2041016949,73905.2041016949,0.0
1776643200,75814.1453237873,75814.1453237873,75814.1453237873,75814.1453237873,0.0
1776729600,76107.4432977791,76107.4432977791,76107.4432977791,76107.4432977791,0.0
1776816000,78317.7422720631,78317.7422720631,78317.7422720631,78317.7422720631,0.0
1776902400,78233.6837492694,78233.6837492694,78233.6837492694,78233.6837492694,0.0
1776988800,77444.269277031,77444.269277031,77444.269277031,77444.269277031,0.0
1777075200,77624.7114821742,77624.7114821742,77624.7114821742,77624.7114821742,0.0
1777161600,78538.7733573933,78538.7733573933,78538.7733573933,78538.7733573933,0.0
1777248000,77256.297159848,77256.297159848,77256.297159848,77256.297159848,0.0
1777334400,76295.531117183,76295.531117183,76295.531117183,76295.531117183,0.0
1777420800,75795.0098530099,75795.0098530099,75795.0098530099,75795.0098530099,0.0
1777507200,76299.6161285798,76299.6161285798,76299.6161285798,76299.6161285798,0.0
1777593600,78132.6437852133,78132.6437852133,78132.6437852133,78132.6437852133,0.0
1777680000,78712.5387317358,78712.5387317358,78712.5387317358,78712.5387317358,0.0
1777766400,78649.1732893045,78649.1732893045,78649.1732893045,78649.1732893045,0.0
1777852800,79826.107817066,79826.107817066,79826.107817066,79826.107817066,0.0
1777939200,80936.7548252484,80936.7548252484,80936.7548252484,80936.7548252484,0.0
1778025600,81364.6201285798,81364.6201285798,81364.6201285798,81364.6201285798,0.0
1778112000,79988.9987343659,79988.9987343659,79988.9987343659,79988.9987343659,0.0
1778198400,80179.6922957335,80179.6922957335,80179.6922957335,80179.6922957335,0.0
1778284800,80663.6296519579,80663.6296519579,80663.6296519579,80663.6296519579,0.0
1778371200,82256.781137931,82256.781137931,82256.781137931,82256.781137931,0.0
1778457600,81714.7420499708,81714.7420499708,81714.7420499708,81714.7420499708,0.0
1778544000,80525.563024547,80525.563024547,80525.563024547,80525.563024547,0.0
1778630400,79291.9110017534,79291.9110017534,79291.9110017534,79291.9110017534,0.0
1778716800,81175.8271116306,81175.8271116306,81175.8271116306,81175.8271116306,0.0
1778803200,79063.4145756868,79063.4145756868,79063.4145756868,79063.4145756868,0.0
1778889600,78164.4952711864,78164.4952711864,78164.4952711864,78164.4952711864,0.0
1778976000,77497.697113384,77497.697113384,77497.697113384,77497.697113384,0.0
1779062400,76975.9111998831,76975.9111998831,76975.9111998831,76975.9111998831,0.0
1779148800,76807.460956166,76807.460956166,76807.460956166,76807.460956166,0.0
1779235200,77408.1722089421,77408.1722089421,77408.1722089421,77408.1722089421,0.0
1779321600,77595.3861717446,77595.3861717446,77595.3861717446,77595.3861717446,0.0
1779408000,75567.5430431093,75567.5430431093,75567.5430431093,75567.5430431093,0.0
1779494400,76619.8666090415,76619.8666090415,76619.8666090415,76619.8666090415,0.0
