ts,btc,eth,ltc,xrp,bch,doge,xlm,xmr,etc,ada,link,trx
1279411200,0.08584,,,,,,,,,,,
1279497600,0.0808,,,,,,,,,,,
1279584000,0.0747357288135593,,,,,,,,,,,
1279670400,0.0791928626534191,,,,,,,,,,,
1279756800,0.0584697603740503,,,,,,,,,,,
1279843200,0.0605928696668615,,,,,,,,,,,
1279929600,0.05454,,,,,,,,,,,
1280016000,0.050540618351841,,,,,,,,,,,
1280102400,0.056,,,,,,,,,,,
1280188800,0.058622016364699,,,,,,,,,,,
1280275200,0.0589110987726476,,,,,,,,,,,
1280361600,0.0699,,,,,,,,,,,
1280448000,0.064657381648159,,,,,,,,,,,
1280534400,0.0675457989479836,,,,,,,,,,,
1280620800,0.0611,,,,,,,,,,,
1280707200,0.06,,,,,,,,,,,
1280793600,0.0600121507890123,,,,,,,,,,,
1280880000,0.0570157802454705,,,,,,,,,,,
1280966400,0.061,,,,,,,,,,,
1281052800,0.0616713150204559,,,,,,,,,,,
1281139200,0.0590039450613676,,,,,,,,,,,
1281225600,0.0609,,,,,,,,,,,
1281312000,0.0704,,,,,,,,,,,
1281398400,0.0693387288135593,,,,,,,,,,,
1281484800,0.067,,,,,,,,,,,
1281571200,0.07,,,,,,,,,,,
1281657600,0.0645,,,,,,,,,,,
1281744000,0.0669964336645237,,,,,,,,,,,
1281830400,0.0651179322033898,,,,,,,,,,,
1281916800,0.0655,,,,,,,,,,,
1282003200,0.07,,,,,,,,,,,
1282089600,0.068,,,,,,,,,,,
1282176000,0.0667,,,,,,,,,,,
1282262400,0.0655,,,,,,,,,,,
1282348800,0.0664,,,,,,,,,,,
1282435200,0.0659289888953828,,,,,,,,,,,
1282521600,0.06491,,,,,,,,,,,
1282608000,0.065,,,,,,,,,,,
1282694400,0.0648,,,,,,,,,,,
1282780800,0.0640751139684395,,,,,,,,,,,
1282867200,0.065,,,,,,,,,,,
1282953600,0.0646,,,,,,,,,,,
1283040000,0.064,,,,,,,,,,,
1283126400,0.06497,,,,,,,,,,,
1283212800,0.06,,,,,,,,,,,
1283299200,0.0620248275862069,,,,,,,,,,,
1283385600,0.0634,,,,,,,,,,,
1283472000,0.06085,,,,,,,,,,,
1283558400,0.062178275862069,,,,,,,,,,,
1283644800,0.06165,,,,,,,,,,,
1283731200,0.0616,,,,,,,,,,,
1283817600,0.0612391180596142,,,,,,,,,,,
1283904000,0.061,,,,,,,,,,,
1283990400,0.0611149707773232,,,,,,,,,,,
1284076800,0.0610115242548218,,,,,,,,,,,
1284163200,0.0636208649912332,,,,,,,,,,,
1284249600,0.0615,,,,,,,,,,,
1284336000,0.06218,,,,,,,,,,,
1284422400,0.06199,,,,,,,,,,,
1284508800,0.0604,,,,,,,,,,,
1284595200,0.0619,,,,,,,,,,,
1284681600,0.0600005260081823,,,,,,,,,,,
1284768000,0.061,,,,,,,,,,,
1284854400,0.0627,,,,,,,,,,,
1284940800,0.0621017358270018,,,,,,,,,,,
1285027200,0.06265,,,,,,,,,,,
1285113600,0.061881870251315,,,,,,,,,,,
1285200000,0.062153512565751,,,,,,,,,,,
1285286400,0.0622,,,,,,,,,,,
1285372800,0.06202,,,,,,,,,,,
1285459200,0.062,,,,,,,,,,,
1285545600,0.0622004418468732,,,,,,,,,,,
1285632000,0.0619038977206312,,,,,,,,,,,
1285718400,0.06191,,,,,,,,,,,
1285804800,0.0619,,,,,,,,,,,
1285891200,0.0619733138515488,,,,,,,,,,,
1285977600,0.0614,,,,,,,,,,,
1286064000,0.0610648684979544,,,,,,,,,,,
1286150400,0.0612944769140853,,,,,,,,,,,
1286236800,0.0614,,,,,,,,,,,
1286323200,0.06281,,,,,,,,,,,
1286409600,0.067,,,,,,,,,,,
1286496000,0.0844531081239041,,,,,,,,,,,
1286582400,0.0938,,,,,,,,,,,
1286668800,0.0971462010520164,,,,,,,,,,,
1286755200,0.095,,,,,,,,,,,
1286841600,0.0949,,,,,,,,,,,
1286928000,0.104865589129164,,,,,,,,,,,
1287014400,0.102,,,,,,,,,,,
1287100800,0.105,,,,,,,,,,,
1287187200,0.101,,,,,,,,,,,
1287273600,0.102,,,,,,,,,,,
1287360000,0.1024,,,,,,,,,,,
1287446400,0.0975448918760959,,,,,,,,,,,
1287532800,0.099,,,,,,,,,,,
1287619200,0.107,,,,,,,,,,,
1287705600,0.1025,,,,,,,,,,,
1287792000,0.104556424313267,,,,,,,,,,,
1287878400,0.11501,,,,,,,,,,,
1287964800,0.139118552893045,,,,,,,,,,,
1288051200,0.151,,,,,,,,,,,
1288137600,0.1877,,,,,,,,,,,
1288224000,0.1731,,,,,,,,,,,
1288310400,0.19,,,,,,,,,,,
1288396800,0.197610543541789,,,,,,,,,,,
1288483200,0.1925,,,,,,,,,,,
1288569600,0.194525061367621,,,,,,,,,,,
1288656000,0.1938,,,,,,,,,,,
1288742400,0.1931,,,,,,,,,,,
1288828800,0.229275160724722,,,,,,,,,,,
1288915200,0.259112413793104,,,,,,,,,,,
1289001600,0.400982302746932,,,,,,,,,,,
1289088000,0.34,,,,,,,,,,,
1289174400,0.243184628872005,,,,,,,,,,,
1289260800,0.217272694330801,,,,,,,,,,,
1289347200,0.229549731151373,,,,,,,,,,,
1289433600,0.2231,,,,,,,,,,,
1289520000,0.2682,,,,,,,,,,,
1289606400,0.276,,,,,,,,,,,
1289692800,0.27904,,,,,,,,,,,
1289779200,0.268464555815313,,,,,,,,,,,
1289865600,0.225,,,,,,,,,,,
1289952000,0.241939333722969,,,,,,,,,,,
1290038400,0.269057790765634,,,,,,,,,,,
1290124800,0.27829,,,,,,,,,,,
1290211200,0.283015964932788,,,,,,,,,,,
1290297600,0.27675,,,,,,,,,,,
1290384000,0.285,,,,,,,,,,,
1290470400,0.28295,,,,,,,,,,,
1290556800,0.282905736411455,,,,,,,,,,,
1290643200,0.28,,,,,,,,,,,
1290729600,0.2844,,,,,,,,,,,
1290816000,0.283,,,,,,,,,,,
1290902400,0.271358679135009,,,,,,,,,,,
1290988800,0.230559456458212,,,,,,,,,,,
1291075200,0.2082,,,,,,,,,,,
1291161600,0.2275,,,,,,,,,,,
1291248000,0.255,,,,,,,,,,,
1291334400,0.251060083576856,,,,,,,,,,,
1291420800,0.205000526008182,,,,,,,,,,,
1291507200,0.202850017533606,,,,,,,,,,,
1291593600,0.204,,,,,,,,,,,
1291680000,0.233420385739334,,,,,,,,,,,
1291766400,0.2388,,,,,,,,,,,
1291852800,0.199991694330801,,,,,,,,,,,
1291939200,0.204,,,,,,,,,,,
1292025600,0.228,,,,,,,,,,,
1292112000,0.219853611922852,,,,,,,,,,,
1292198400,0.227605236703682,,,,,,,,,,,
1292284800,0.24669,,,,,,,,,,,
1292371200,0.24,,,,,,,,,,,
1292457600,0.24996,,,,,,,,,,,
1292544000,0.242655815312683,,,,,,,,,,,
1292630400,0.241,,,,,,,,,,,
1292716800,0.2401,,,,,,,,,,,
1292803200,0.267,,,,,,,,,,,
1292889600,0.241436002337814,,,,,,,,,,,
1292976000,0.25,,,,,,,,,,,
1293062400,0.249970127995324,,,,,,,,,,,
1293148800,0.248,,,,,,,,,,,
1293235200,0.2499,,,,,,,,,,,
1293321600,0.264962127410871,,,,,,,,,,,
1293408000,0.264785388661601,,,,,,,,,,,
1293494400,0.281,,,,,,,,,,,
1293580800,0.3,,,,,,,,,,,
1293667200,0.3,,,,,,,,,,,
1293753600,0.3,,,,,,,,,,,
1293840000,0.3,,,,,,,,,,,
1293926400,0.29997,,,,,,,,,,,
1294012800,0.295,,,,,,,,,,,
1294099200,0.29895,,,,,,,,,,,
1294185600,0.298916302162478,,,,,,,,,,,
1294272000,0.298,,,,,,,,,,,
1294358400,0.32,,,,,,,,,,,
1294444800,0.3229,,,,,,,,,,,
1294531200,0.323,,,,,,,,,,,
1294617600,0.32659,,,,,,,,,,,
1294704000,0.32659,,,,,,,,,,,
1294790400,0.318799621274109,,,,,,,,,,,
1294876800,0.3176,,,,,,,,,,,
1294963200,0.399990005844535,,,,,,,,,,,
1295049600,0.386,,,,,,,,,,,
1295136000,0.38679,,,,,,,,,,,
1295222400,0.3495,,,,,,,,,,,
1295308800,0.31299,,,,,,,,,,,
1295395200,0.31299,,,,,,,,,,,
1295481600,0.39,,,,,,,,,,,
1295568000,0.41991,,,,,,,,,,,
1295654400,0.44003552893045,,,,,,,,,,,
1295740800,0.4424,,,,,,,,,,,
1295827200,0.4199,,,,,,,,,,,
1295913600,0.41,,,,,,,,,,,
1296000000,0.415085129748685,,,,,,,,,,,
1296086400,0.4212,,,,,,,,,,,
1296172800,0.444484044418469,,,,,,,,,,,
1296259200,0.439,,,,,,,,,,,
1296345600,0.477142033898305,,,,,,,,,,,
1296432000,0.525136870251315,,,,,,,,,,,
1296518400,0.707510116890707,,,,,,,,,,,
1296604800,0.725434821741671,,,,,,,,,,,
1296691200,0.693898367621274,,,,,,,,,,,
1296777600,0.810958971361777,,,,,,,,,,,
1296864000,0.911671477498539,,,,,,,,,,,
1296950400,0.898,,,,,,,,,,,
1297036800,0.889421369959088,,,,,,,,,,,
1297123200,0.918,,,,,,,,,,,
1297209600,1.01605024547049,,,,,,,,,,,
1297296000,0.979652963179427,,,,,,,,,,,
1297382400,1.05406945353594,,,,,,,,,,,
1297468800,1.07870328404442,,,,,,,,,,,
1297555200,1.05,,,,,,,,,,,
1297641600,1.07001262419638,,,,,,,,,,,
1297728000,1.05,,,,,,,,,,,
1297814400,1.031687628872,,,,,,,,,,,
1297900800,1.0399231975453,,,,,,,,,,,
1297987200,0.898955914669784,,,,,,,,,,,
1298073600,0.944028116890707,,,,,,,,,,,
1298160000,0.865,,,,,,,,,,,
1298246400,0.835747428404442,,,,,,,,,,,
1298332800,0.877041779661017,,,,,,,,,,,
1298419200,0.9,,,,,,,,,,,
1298505600,0.989095265926359,,,,,,,,,,,
1298592000,0.914652001753361,,,,,,,,,,,
1298678400,0.958,,,,,,,,,,,
1298764800,0.895033114552893,,,,,,,,,,,
1298851200,0.860220923436587,,,,,,,,,,,
1298937600,0.921096891876096,,,,,,,,,,,
1299024000,0.9399,,,,,,,,,,,
1299110400,0.939073383401519,,,,,,,,,,,
1299196800,0.9011,,,,,,,,,,,
1299283200,0.90784060666277,,,,,,,,,,,
1299369600,0.884770973115138,,,,,,,,,,,
1299456000,0.877583864406779,,,,,,,,,,,
1299542400,0.866071591466979,,,,,,,,,,,
1299628800,0.86,,,,,,,,,,,
1299715200,0.920670309760374,,,,,,,,,,,
1299801600,0.88,,,,,,,,,,,
1299888000,0.917815513150205,,,,,,,,,,,
1299974400,0.89249,,,,,,,,,,,
1300060800,0.893924922852133,,,,,,,,,,,
1300147200,0.87224,,,,,,,,,,,
1300233600,0.851211665692578,,,,,,,,,,,
1300320000,0.82542,,,,,,,,,,,
1300406400,0.801959208065459,,,,,,,,,,,
1300492800,0.765,,,,,,,,,,,
1300579200,0.7415,,,,,,,,,,,
1300665600,0.75897,,,,,,,,,,,
1300752000,0.809130292811222,,,,,,,,,,,
1300838400,0.84971,,,,,,,,,,,
1300924800,0.872374365867914,,,,,,,,,,,
1301011200,0.88377,,,,,,,,,,,
1301097600,0.8552,,,,,,,,,,,
1301184000,0.822,,,,,,,,,,,
1301270400,0.794740500292227,,,,,,,,,,,
1301356800,0.792509941554646,,,,,,,,,,,
1301443200,0.789706312098189,,,,,,,,,,,
1301529600,0.78461,,,,,,,,,,,
1301616000,0.77411,,,,,,,,,,,
1301702400,0.78199,,,,,,,,,,,
1301788800,0.779,,,,,,,,,,,
1301875200,0.68,,,,,,,,,,,
1301961600,0.715691834599649,,,,,,,,,,,
1302048000,0.74,,,,,,,,,,,
1302134400,0.7538,,,,,,,,,,,
1302220800,0.74999,,,,,,,,,,,
1302307200,0.734060517241379,,,,,,,,,,,
1302393600,0.733156820572765,,,,,,,,,,,
1302480000,0.770113933372297,,,,,,,,,,,
1302566400,0.861381607831677,,,,,,,,,,,
1302652800,0.930320058445353,,,,,,,,,,,
1302739200,0.998629766218586,,,,,,,,,,,
1302825600,0.983673136762127,,,,,,,,,,,
1302912000,1.04663285797779,,,,,,,,,,,
1302998400,1.09812209789597,,,,,,,,,,,
1303084800,1.14943331151373,,,,,,,,,,,
1303171200,1.18516222092344,,,,,,,,,,,
1303257600,1.14212598480421,,,,,,,,,,,
1303344000,1.20733887200468,,,,,,,,,,,
1303430400,1.40450508182349,,,,,,,,,,,
1303516800,1.82885230099357,,,,,,,,,,,
1303603200,1.63198421975453,,,,,,,,,,,
1303689600,1.56448363530099,,,,,,,,,,,
1303776000,1.77084089012274,,,,,,,,,,,
1303862400,1.9031759585038,,,,,,,,,,,
1303948800,2.28574446580947,,,,,,,,,,,
1304035200,2.85060509000585,,,,,,,,,,,
1304121600,3.5,,,,,,,,,,,
1304208000,3.0942275534775,,,,,,,,,,,
1304294400,3.2,,,,,,,,,,,
1304380800,3.36058570368206,,,,,,,,,,,
1304467200,3.40867304734074,,,,,,,,,,,
1304553600,3.34373668439509,,,,,,,,,,,
1304640000,3.45507558445354,,,,,,,,,,,
1304726400,3.64126297779077,,,,,,,,,,,
1304812800,3.84866837697253,,,,,,,,,,,
1304899200,3.80408958211572,,,,,,,,,,,
1304985600,5.65166700233781,,,,,,,,,,,
1305072000,5.43975104383402,,,,,,,,,,,
1305158400,6.3348786943308,,,,,,,,,,,
1305244800,8.13903486732905,,,,,,,,,,,
1305331200,7.00724382933957,,,,,,,,,,,
1305417600,6.92492484453536,,,,,,,,,,,
1305504000,7.88514074517826,,,,,,,,,,,
1305590400,7.25719954061952,,,,,,,,,,,
1305676800,6.76316336236119,,,,,,,,,,,
1305763200,6.89014363237873,,,,,,,,,,,
1305849600,5.61809621858562,,,,,,,,,,,
1305936000,6.08480066744594,,,,,,,,,,,
1306022400,6.71195603974284,,,,,,,,,,,
1306108800,7.06525678375219,,,,,,,,,,,
1306195200,7.40266058211573,,,,,,,,,,,
1306281600,8.56928963705436,,,,,,,,,,,
1306368000,8.78215543424898,,,,,,,,,,,
1306454400,8.52865846814728,,,,,,,,,,,
1306540800,8.34926911981298,,,,,,,,,,,
1306627200,8.40095347223846,,,,,,,,,,,
1306713600,8.77934246464056,,,,,,,,,,,
1306800000,8.72157642197545,,,,,,,,,,,
1306886400,9.62377723202805,,,,,,,,,,,
1306972800,10.7027602279369,,,,,,,,,,,
1307059200,14.2646467738165,,,,,,,,,,,
1307145600,18.3127387258913,,,,,,,,,,,
1307232000,16.5433423962595,,,,,,,,,,,
1307318400,18.4020986440678,,,,,,,,,,,
1307404800,23.2378784628872,,,,,,,,,,,
1307491200,29.0299213267095,,,,,,,,,,,
1307577600,28.7905440181181,,,,,,,,,,,
1307664000,24.0493992285213,,,,,,,,,,,
1307750400,14.7497466277031,,,,,,,,,,,
1307836800,18.8501447311514,,,,,,,,,,,
1307923200,19.5423291145529,,,,,,,,,,,
1308009600,19.2577355055523,,,,,,,,,,,
1308096000,19.4641426241964,,,,,,,,,,,
1308182400,17.9293625423729,,,,,,,,,,,
1308268800,15.4363689129164,,,,,,,,,,,
1308355200,16.8754045353594,,,,,,,,,,,
1308441600,17.5107167913501,,,,,,,,,,,
1308528000,17.5107167913501,,,,,,,,,,,
1308614400,17.5107167913501,,,,,,,,,,,
1308700800,17.5107167913501,,,,,,,,,,,
1308787200,17.5107167913501,,,,,,,,,,,
1308873600,17.5107167913501,,,,,,,,,,,
1308960000,17.5107167913501,,,,,,,,,,,
1309046400,16.3613420157802,,,,,,,,,,,
1309132800,16.7522858132671,,,,,,,,,,,
1309219200,16.9618353071303,,,,,,,,,,,
1309305600,16.8545683179427,,,,,,,,,,,
1309392000,16.1852627808299,,,,,,,,,,,
1309478400,15.4203573991818,,,,,,,,,,,
1309564800,15.38284406955,,,,,,,,,,,
1309651200,15.4575505604909,,,,,,,,,,,
1309737600,13.8527968123904,,,,,,,,,,,
1309824000,12.9648177147867,,,,,,,,,,,
1309910400,14.7147835832846,,,,,,,,,,,
1309996800,14.7972891613092,,,,,,,,,,,
1310083200,14.2990376969608,,,,,,,,,,,
1310169600,14.3815006697838,,,,,,,,,,,
1310256000,14.6229375511397,,,,,,,,,,,
1310342400,14.3101554330801,,,,,,,,,,,
1310428800,14.0212726215663,,,,,,,,,,,
1310515200,13.9714545225015,,,,,,,,,,,
1310601600,13.997974547633,,,,,,,,,,,
1310688000,13.8063904056108,,,,,,,,,,,
1310774400,13.7130792992402,,,,,,,,,,,
1310860800,13.2581353109293,,,,,,,,,,,
1310947200,13.6305212504383,,,,,,,,,,,
1311033600,13.8247948386908,,,,,,,,,,,
1311120000,13.6783305920514,,,,,,,,,,,
1311206400,13.6118084418469,,,,,,,,,,,
1311292800,13.6985473310929,,,,,,,,,,,
1311379200,13.6817183424898,,,,,,,,,,,
1311465600,13.992515176505,,,,,,,,,,,
1311552000,14.0334253787259,,,,,,,,,,,
1311638400,13.8780323232028,,,,,,,,,,,
1311724800,13.878224755114,,,,,,,,,,,
1311811200,13.4915910756867,,,,,,,,,,,
1311897600,13.5123163901227,,,,,,,,,,,
1311984000,13.5402806738749,,,,,,,,,,,
1312070400,13.3729061022794,,,,,,,,,,,
1312156800,13.0191138468732,,,,,,,,,,,
1312243200,12.2141564389246,,,,,,,,,,,
1312329600,9.28635691350088,,,,,,,,,,,
1312416000,10.7685037481005,,,,,,,,,,,
1312502400,9.73015395967271,,,,,,,,,,,
1312588800,6.964169735827,,,,,,,,,,,
1312675200,8.50179329222677,,,,,,,,,,,
1312761600,7.77533763793104,,,,,,,,,,,
1312848000,9.80249948100526,,,,,,,,,,,
1312934400,10.0512531274109,,,,,,,,,,,
1313020800,9.43841299473992,,,,,,,,,,,
1313107200,9.45299328521333,,,,,,,,,,,
1313193600,10.0040247445938,,,,,,,,,,,
1313280000,10.8068207665108,,,,,,,,,,,
1313366400,11.1306965499708,,,,,,,,,,,
1313452800,10.9919655669199,,,,,,,,,,,
1313539200,10.9639640561075,,,,,,,,,,,
1313625600,10.8584714558738,,,,,,,,,,,
1313712000,11.6704730432496,,,,,,,,,,,
1313798400,11.4597317393337,,,,,,,,,,,
1313884800,11.3544813407364,,,,,,,,,,,
1313971200,10.9208958246639,,,,,,,,,,,
1314057600,10.9172450543542,,,,,,,,,,,
1314144000,10.870444289889,,,,,,,,,,,
1314230400,9.5460936735827,,,,,,,,,,,
1314316800,8.12692016306254,,,,,,,,,,,
1314403200,8.59649760666277,,,,,,,,,,,
1314489600,9.03086639976622,,,,,,,,,,,
1314576000,8.96115727060199,,,,,,,,,,,
1314662400,8.80994873816481,,,,,,,,,,,
1314748800,8.19915176446523,,,,,,,,,,,
1314835200,8.23428166510813,,,,,,,,,,,
1314921600,8.6214244377557,,,,,,,,,,,
1315008000,8.44965344067796,,,,,,,,,,,
1315094400,8.20347060227937,,,,,,,,,,,
1315180800,7.5973325251315,,,,,,,,,,,
1315267200,6.84653002893045,,,,,,,,,,,
1315353600,7.16297027352426,,,,,,,,,,,
1315440000,6.67818000029223,,,,,,,,,,,
1315526400,4.98677704178843,,,,,,,,,,,
1315612800,4.74284665517242,,,,,,,,,,,
1315699200,5.85290397253068,,,,,,,,,,,
1315785600,6.09062947223846,,,,,,,,,,,
1315872000,5.80252327703098,,,,,,,,,,,
1315958400,5.59743261016949,,,,,,,,,,,
1316044800,4.86775518468732,,,,,,,,,,,
1316131200,4.83116810052601,,,,,,,,,,,
1316217600,4.775285635301,,,,,,,,,,,
1316304000,5.23673227819988,,,,,,,,,,,
1316390400,5.52037669199299,,,,,,,,,,,
1316476800,6.14666555172414,,,,,,,,,,,
1316563200,5.59706749795441,,,,,,,,,,,
1316649600,5.47504877673875,,,,,,,,,,,
1316736000,5.56342141963764,,,,,,,,,,,
1316822400,5.45788968731736,,,,,,,,,,,
1316908800,5.34115488135593,,,,,,,,,,,
1316995200,4.87382608123904,,,,,,,,,,,
1317081600,4.91115779251899,,,,,,,,,,,
1317168000,4.76341532144945,,,,,,,,,,,
1317254400,4.77766097837522,,,,,,,,,,,
1317340800,5.14368590999416,,,,,,,,,,,
1317427200,5.03407054471069,,,,,,,,,,,
1317513600,5.00706259672706,,,,,,,,,,,
1317600000,5.02284486031561,,,,,,,,,,,
1317686400,4.95680562068966,,,,,,,,,,,
1317772800,4.88506713091759,,,,,,,,,,,
1317859200,4.73016629573349,,,,,,,,,,,
1317945600,4.27603575686733,,,,,,,,,,,
1318032000,3.98125299415546,,,,,,,,,,,
1318118400,4.11163464348334,,,,,,,,,,,
1318204800,4.07496248392753,,,,,,,,,,,
1318291200,4.00892449590883,,,,,,,,,,,
1318377600,4.16623534248977,,,,,,,,,,,
1318464000,4.03698109000584,,,,,,,,,,,
1318550400,3.98628088544711,,,,,,,,,,,
1318636800,3.83733856049094,,,,,,,,,,,
1318723200,3.60974171654003,,,,,,,,,,,
1318809600,2.58124672180012,,,,,,,,,,,
1318896000,2.42227473816482,,,,,,,,,,,
1318982400,2.21725471303331,,,,,,,,,,,
1319068800,2.35612350847458,,,,,,,,,,,
1319155200,2.57009230508475,,,,,,,,,,,
1319241600,3.15548613851549,,,,,,,,,,,
1319328000,3.14775092986558,,,,,,,,,,,
1319414400,2.52293599766219,,,,,,,,,,,
1319500800,2.80192383109293,,,,,,,,,,,
1319587200,2.7775052390415,,,,,,,,,,,
1319673600,3.04540782758621,,,,,,,,,,,
1319760000,3.17963943658679,,,,,,,,,,,
1319846400,3.56918896873174,,,,,,,,,,,
1319932800,3.25740372296902,,,,,,,,,,,
1320019200,3.26509821274109,,,,,,,,,,,
1320105600,3.17100774284044,,,,,,,,,,,
1320192000,3.2558005666277,,,,,,,,,,,
1320278400,3.16831638515488,,,,,,,,,,,
1320364800,3.12011817182934,,,,,,,,,,,
1320451200,2.97781759789597,,,,,,,,,,,
1320537600,2.96272057685564,,,,,,,,,,,
1320624000,3.01775768731736,,,,,,,,,,,
1320710400,3.05656711104617,,,,,,,,,,,
1320796800,2.9195672238457,,,,,,,,,,,
1320883200,2.85670208533022,,,,,,,,,,,
1320969600,3.06786173348919,,,,,,,,,,,
1321056000,3.02552299590883,,,,,,,,,,,
1321142400,2.98637330333139,,,,,,,,,,,
1321228800,2.22422446434833,,,,,,,,,,,
1321315200,2.3223841157218,,,,,,,,,,,
1321401600,2.54678093074226,,,,,,,,,,,
1321488000,2.27909583576856,,,,,,,,,,,
1321574400,2.10506600321449,,,,,,,,,,,
1321660800,2.20345672180012,,,,,,,,,,,
1321747200,2.20198950964348,,,,,,,,,,,
1321833600,2.27987916540035,,,,,,,,,,,
1321920000,2.32245859614261,,,,,,,,,,,
1322006400,2.33032356750438,,,,,,,,,,,
1322092800,2.43887900029223,,,,,,,,,,,
1322179200,2.49616100292227,,,,,,,,,,,
1322265600,2.47179996902396,,,,,,,,,,,
1322352000,2.47756495119813,,,,,,,,,,,
1322438400,2.5412402521917,,,,,,,,,,,
1322524800,2.75769848275862,,,,,,,,,,,
1322611200,2.9660415458796,,,,,,,,,,,
1322697600,3.08258945002922,,,,,,,,,,,
1322784000,3.10040233313852,,,,,,,,,,,
1322870400,2.80385618527177,,,,,,,,,,,
1322956800,2.81969397603741,,,,,,,,,,,
1323043200,2.87479622735242,,,,,,,,,,,
1323129600,3.02536045149036,,,,,,,,,,,
1323216000,2.98550242109877,,,,,,,,,,,
1323302400,2.99188048305085,,,,,,,,,,,
1323388800,2.95579195207481,,,,,,,,,,,
1323475200,3.06897526709527,,,,,,,,,,,
1323561600,3.2492688471654,,,,,,,,,,,
1323648000,3.18733535651666,,,,,,,,,,,
1323734400,3.24108840853302,,,,,,,,,,,
1323820800,3.1550865043834,,,,,,,,,,,
1323907200,3.20313854061952,,,,,,,,,,,
1323993600,3.2091377773232,,,,,,,,,,,
1324080000,3.19254170426651,,,,,,,,,,,
1324166400,3.19401080888369,,,,,,,,,,,
1324252800,3.52577391934541,,,,,,,,,,,
1324339200,3.95255082729398,,,,,,,,,,,
1324425600,3.88899325073057,,,,,,,,,,,
1324512000,3.90306042051432,,,,,,,,,,,
1324598400,3.93796507597896,,,,,,,,,,,
1324684800,3.93941911864407,,,,,,,,,,,
1324771200,4.23386687784921,,,,,,,,,,,
1324857600,3.99912196405611,,,,,,,,,,,
1324944000,4.0955185458796,,,,,,,,,,,
1325030400,4.20729587609585,,,,,,,,,,,
1325116800,4.17335222676797,,,,,,,,,,,
1325203200,4.31063509000584,,,,,,,,,,,
1325289600,4.71430633138515,,,,,,,,,,,
1325376000,5.2948427773232,,,,,,,,,,,
1325462400,5.2048778918761,,,,,,,,,,,
1325548800,4.87050882875511,,,,,,,,,,,
1325635200,5.58570626709527,,,,,,,,,,,
1325721600,6.87400087726476,,,,,,,,,,,
1325808000,6.68331663997662,,,,,,,,,,,
1325894400,6.79622798071303,,,,,,,,,,,
1325980800,7.09665056633548,,,,,,,,,,,
1326067200,6.28853834248977,,,,,,,,,,,
1326153600,6.52847455523086,,,,,,,,,,,
1326240000,6.88912772121566,,,,,,,,,,,
1326326400,6.77356419579194,,,,,,,,,,,
1326412800,6.45436889012273,,,,,,,,,,,
1326499200,6.76172714260666,,,,,,,,,,,
1326585600,7.04692255815312,,,,,,,,,,,
1326672000,6.71560766656926,,,,,,,,,,,
1326758400,5.59962195032145,,,,,,,,,,,
1326844800,5.9002312881356,,,,,,,,,,,
1326931200,6.31570634161309,,,,,,,,,,,
1327017600,6.50149198831093,,,,,,,,,,,
1327104000,6.18056832554062,,,,,,,,,,,
1327190400,6.30296722676797,,,,,,,,,,,
1327276800,6.37487607714787,,,,,,,,,,,
1327363200,6.27447647574518,,,,,,,,,,,
1327449600,5.81046507247224,,,,,,,,,,,
1327536000,5.36722695441262,,,,,,,,,,,
1327622400,5.30313719696084,,,,,,,,,,,
1327708800,5.65979677498539,,,,,,,,,,,
1327795200,5.39142945733489,,,,,,,,,,,
1327881600,5.50348193863238,,,,,,,,,,,
1327968000,5.53822029573349,,,,,,,,,,,
1328054400,6.07523265225015,,,,,,,,,,,
1328140800,6.09957291291642,,,,,,,,,,,
1328227200,5.95161092752776,,,,,,,,,,,
1328313600,5.8954132390415,,,,,,,,,,,
1328400000,5.67811571712449,,,,,,,,,,,
1328486400,5.48266405844535,,,,,,,,,,,
1328572800,5.66202770017534,,,,,,,,,,,
1328659200,5.6185281899474,,,,,,,,,,,
1328745600,5.83569985417884,,,,,,,,,,,
1328832000,5.93783415546464,,,,,,,,,,,
1328918400,5.61213285330216,,,,,,,,,,,
1329004800,5.51909716949152,,,,,,,,,,,
1329091200,5.34835455932203,,,,,,,,,,,
1329177600,4.48365409175921,,,,,,,,,,,
1329264000,4.3255203220339,,,,,,,,,,,
1329350400,4.25523904500292,,,,,,,,,,,
1329436800,4.39153837288136,,,,,,,,,,,
1329523200,4.27008127761543,,,,,,,,,,,
1329609600,4.38955145821157,,,,,,,,,,,
1329696000,4.36513593892461,,,,,,,,,,,
1329782400,4.31511560198714,,,,,,,,,,,
1329868800,4.41931028755114,,,,,,,,,,,
1329955200,5.03951511805961,,,,,,,,,,,
1330041600,5.02560875891292,,,,,,,,,,,
1330128000,4.77256738106371,,,,,,,,,,,
1330214400,4.9264208515488,,,,,,,,,,,
1330300800,4.95251575628287,,,,,,,,,,,
1330387200,4.85725777556984,,,,,,,,,,,
1330473600,4.87274875569842,,,,,,,,,,,
1330560000,4.92207212361192,,,,,,,,,,,
1330646400,4.71482358708358,,,,,,,,,,,
1330732800,4.62819325248393,,,,,,,,,,,
1330819200,4.83414448158971,,,,,,,,,,,
1330905600,4.98239290385739,,,,,,,,,,,
1330992000,4.98784135242548,,,,,,,,,,,
1331078400,4.94911288457043,,,,,,,,,,,
1331164800,4.93497949503214,,,,,,,,,,,
1331251200,4.87229784745763,,,,,,,,,,,
1331337600,4.84142380479252,,,,,,,,,,,
1331424000,4.89202875160724,,,,,,,,,,,
1331510400,4.91083937931035,,,,,,,,,,,
1331596800,5.29088027878434,,,,,,,,,,,
1331683200,5.39054329222677,,,,,,,,,,,
1331769600,5.34082089888954,,,,,,,,,,,
1331856000,5.33957479135009,,,,,,,,,,,
1331942400,5.23600355406195,,,,,,,,,,,
1332028800,5.27014898538866,,,,,,,,,,,
1332115200,4.67867255289305,,,,,,,,,,,
1332201600,4.83083021624781,,,,,,,,,,,
1332288000,4.81722952483928,,,,,,,,,,,
1332374400,4.72960850496785,,,,,,,,,,,
1332460800,4.69164317650497,,,,,,,,,,,
1332547200,4.65198626592636,,,,,,,,,,,
1332633600,4.55227026241964,,,,,,,,,,,
1332720000,4.63272235973115,,,,,,,,,,,
1332806400,4.81134073524255,,,,,,,,,,,
1332892800,4.79058939158387,,,,,,,,,,,
1332979200,4.79406657218001,,,,,,,,,,,
1333065600,4.86140935651666,,,,,,,,,,,
1333152000,4.88977687317358,,,,,,,,,,,
1333238400,4.79332567738165,,,,,,,,,,,
1333324800,4.98304547866745,,,,,,,,,,,
1333411200,4.95623319286967,,,,,,,,,,,
1333497600,4.91784217767387,,,,,,,,,,,
1333584000,4.92084924488603,,,,,,,,,,,
1333670400,4.94910743220339,,,,,,,,,,,
1333756800,4.70971191028638,,,,,,,,,,,
1333843200,4.77881884921099,,,,,,,,,,,
1333929600,4.85254738106371,,,,,,,,,,,
1334016000,4.84141759380479,,,,,,,,,,,
1334102400,4.91525071712449,,,,,,,,,,,
1334188800,4.90115814728229,,,,,,,,,,,
1334275200,4.93440673348919,,,,,,,,,,,
1334361600,4.95636466101695,,,,,,,,,,,
1334448000,4.9616003383986,,,,,,,,,,,
1334534400,4.95076456925774,,,,,,,,,,,
1334620800,4.9687445075979,,,,,,,,,,,
1334707200,5.12437744301578,,,,,,,,,,,
1334793600,5.13090651139684,,,,,,,,,,,
1334880000,5.36651596814728,,,,,,,,,,,
1334966400,5.28255033898305,,,,,,,,,,,
1335052800,5.19560899473992,,,,,,,,,,,
1335139200,5.11088819170076,,,,,,,,,,,
1335225600,5.08786726241964,,,,,,,,,,,
1335312000,5.14881624547048,,,,,,,,,,,
1335398400,5.09741928579778,,,,,,,,,,,
1335484800,5.09588733985973,,,,,,,,,,,
1335571200,4.9707366528346,,,,,,,,,,,
1335657600,4.90260617767387,,,,,,,,,,,
1335744000,4.9421168100526,,,,,,,,,,,
1335830400,4.98713722735243,,,,,,,,,,,
1335916800,5.05343735388662,,,,,,,,,,,
1336003200,5.11887297895967,,,,,,,,,,,
1336089600,5.08550708825248,,,,,,,,,,,
1336176000,5.05663956458212,,,,,,,,,,,
1336262400,5.0478007729398,,,,,,,,,,,
1336348800,5.06755586703682,,,,,,,,,,,
1336435200,5.02346642285213,,,,,,,,,,,
1336521600,5.04130623553478,,,,,,,,,,,
1336608000,4.92748871975453,,,,,,,,,,,
1336694400,4.96370997749854,,,,,,,,,,,
1336780800,4.94653223495032,,,,,,,,,,,
1336867200,4.94479505376973,,,,,,,,,,,
1336953600,5.01143592197545,,,,,,,,,,,
1337040000,5.03364040035067,,,,,,,,,,,
1337126400,5.08778450905903,,,,,,,,,,,
1337212800,5.08966168644068,,,,,,,,,,,
1337299200,5.11830148275862,,,,,,,,,,,
1337385600,5.11254581122151,,,,,,,,,,,
1337472000,5.09420096843951,,,,,,,,,,,
1337558400,5.0942213100526,,,,,,,,,,,
1337644800,5.08913918877849,,,,,,,,,,,
1337731200,5.12885889976622,,,,,,,,,,,
1337817600,5.11915775920514,,,,,,,,,,,
1337904000,5.13727680654588,,,,,,,,,,,
1337990400,5.10397880479252,,,,,,,,,,,
1338076800,5.13461613500877,,,,,,,,,,,
1338163200,5.13632541905318,,,,,,,,,,,
1338249600,5.14847069783752,,,,,,,,,,,
1338336000,5.13826456925774,,,,,,,,,,,
1338422400,5.18163972121566,,,,,,,,,,,
1338508800,5.26694375803624,,,,,,,,,,,
1338595200,5.24363906019871,,,,,,,,,,,
1338681600,5.21270498480421,,,,,,,,,,,
1338768000,5.25876585739334,,,,,,,,,,,
1338854400,5.42601429485681,,,,,,,,,,,
1338940800,5.44616942197545,,,,,,,,,,,
1339027200,5.58716980976037,,,,,,,,,,,
1339113600,5.62252910169492,,,,,,,,,,,
1339200000,5.55700233547633,,,,,,,,,,,
1339286400,5.45789356925774,,,,,,,,,,,
1339372800,5.58699698158971,,,,,,,,,,,
1339459200,5.72749129865575,,,,,,,,,,,
1339545600,5.90930132378726,,,,,,,,,,,
1339632000,5.96202318205728,,,,,,,,,,,
1339718400,6.52338071917008,,,,,,,,,,,
1339804800,6.44415828229106,,,,,,,,,,,
1339891200,6.1999664880187,,,,,,,,,,,
1339977600,6.31084466861485,,,,,,,,,,,
1340064000,6.49482671595558,,,,,,,,,,,
1340150400,6.69355105552309,,,,,,,,,,,
1340236800,6.67226250379895,,,,,,,,,,,
1340323200,6.56376169783752,,,,,,,,,,,
1340409600,6.44754168907072,,,,,,,,,,,
1340496000,6.35049403857393,,,,,,,,,,,
1340582400,6.31747363004091,,,,,,,,,,,
1340668800,6.43286082875511,,,,,,,,,,,
1340755200,6.61571340151958,,,,,,,,,,,
1340841600,6.59006463296318,,,,,,,,,,,
1340928000,6.65877675715956,,,,,,,,,,,
1341014400,6.68042762302747,,,,,,,,,,,
1341100800,6.62686009234366,,,,,,,,,,,
1341187200,6.74347805084746,,,,,,,,,,,
1341273600,6.44999240327294,,,,,,,,,,,
1341360000,6.51483533313852,,,,,,,,,,,
1341446400,6.64239860432496,,,,,,,,,,,
1341532800,6.67218118936295,,,,,,,,,,,
1341619200,6.80827371186441,,,,,,,,,,,
1341705600,6.79631768790181,,,,,,,,,,,
1341792000,7.03239588603156,,,,,,,,,,,
1341878400,7.17858003565167,,,,,,,,,,,
1341964800,7.18514778901227,,,,,,,,,,,
1342051200,7.55593565020456,,,,,,,,,,,
1342137600,7.63092125599065,,,,,,,,,,,
1342224000,7.58012917825833,,,,,,,,,,,
1342310400,7.62723485973115,,,,,,,,,,,
1342396800,8.49340567738165,,,,,,,,,,,
1342483200,8.75198485505552,,,,,,,,,,,
1342569600,9.09519268614845,,,,,,,,,,,
1342656000,8.87953341350087,,,,,,,,,,,
1342742400,8.53245067913501,,,,,,,,,,,
1342828800,8.87564584102864,,,,,,,,,,,
1342915200,8.50656254412624,,,,,,,,,,,
1343001600,8.53121126943308,,,,,,,,,,,
1343088000,8.57458517066043,,,,,,,,,,,
1343174400,8.7693472729398,,,,,,,,,,,
1343260800,8.87576504617183,,,,,,,,,,,
1343347200,8.89145989421391,,,,,,,,,,,
1343433600,8.84256089421391,,,,,,,,,,,
1343520000,8.74768065926359,,,,,,,,,,,
1343606400,9.08831724897721,,,,,,,,,,,
1343692800,9.32099840210403,,,,,,,,,,,
1343779200,9.56802090385739,,,,,,,,,,,
1343865600,10.5510396960842,,,,,,,,,,,
1343952000,10.9158647466394,,,,,,,,,,,
1344038400,10.9197148807715,,,,,,,,,,,
1344124800,10.805117377557,,,,,,,,,,,
1344211200,10.8694465017534,,,,,,,,,,,
1344297600,10.9412794400935,,,,,,,,,,,
1344384000,11.0703915967271,,,,,,,,,,,
1344470400,11.1037247440094,,,,,,,,,,,
1344556800,11.4475688045003,,,,,,,,,,,
1344643200,11.5425355271771,,,,,,,,,,,
1344729600,11.5925523898305,,,,,,,,,,,
1344816000,11.9849629903565,,,,,,,,,,,
1344902400,12.1870974810053,,,,,,,,,,,
1344988800,13.1700773538866,,,,,,,,,,,
1345075200,13.4507908246639,,,,,,,,,,,
1345161600,12.0770055423729,,,,,,,,,,,
1345248000,11.5775071648159,,,,,,,,,,,
1345334400,7.83062184190532,,,,,,,,,,,
1345420800,9.97987664874343,,,,,,,,,,,
1345507200,9.90298201811806,,,,,,,,,,,
1345593600,9.772554578609,,,,,,,,,,,
1345680000,10.0886574260666,,,,,,,,,,,
1345766400,10.5940425943892,,,,,,,,,,,
1345852800,10.5836766715371,,,,,,,,,,,
1345939200,10.545530742256,,,,,,,,,,,
1346025600,10.9003800806546,,,,,,,,,,,
1346112000,10.9329585336061,,,,,,,,,,,
1346198400,10.8677839018118,,,,,,,,,,,
1346284800,10.7277488383986,,,,,,,,,,,
1346371200,10.1024098205728,,,,,,,,,,,
1346457600,10.0065329374635,,,,,,,,,,,
1346544000,10.2261162016365,,,,,,,,,,,
1346630400,10.4971343091759,,,,,,,,,,,
1346716800,10.3640018942139,,,,,,,,,,,
1346803200,11.0255228784337,,,,,,,,,,,
1346889600,11.1607690157802,,,,,,,,,,,
1346976000,11.0761223366452,,,,,,,,,,,
1347062400,11.0432700333139,,,,,,,,,,,
1347148800,11.0620954932788,,,,,,,,,,,
1347235200,11.1252888047925,,,,,,,,,,,
1347321600,11.2680929552893,,,,,,,,,,,
1347408000,11.3152859082408,,,,,,,,,,,
1347494400,11.38029928872,,,,,,,,,,,
1347580800,11.730107622443,,,,,,,,,,,
1347667200,11.7183934155465,,,,,,,,,,,
1347753600,11.8869112238457,,,,,,,,,,,
1347840000,11.908317157218,,,,,,,,,,,
1347926400,12.2596508386908,,,,,,,,,,,
1348012800,12.5048540981882,,,,,,,,,,,
1348099200,12.3671766493279,,,,,,,,,,,
1348185600,12.3336578357686,,,,,,,,,,,
1348272000,12.2137276250731,,,,,,,,,,,
1348358400,12.1654630263004,,,,,,,,,,,
1348444800,12.11358871654,,,,,,,,,,,
1348531200,12.1824053945061,,,,,,,,,,,
1348617600,12.3198168597312,,,,,,,,,,,
1348704000,12.3187514018118,,,,,,,,,,,
1348790400,12.3814573892461,,,,,,,,,,,
1348876800,12.4047515055523,,,,,,,,,,,
1348963200,12.3916224728229,,,,,,,,,,,
1349049600,12.3893951601403,,,,,,,,,,,
1349136000,12.8072380958504,,,,,,,,,,,
1349222400,12.9554304944477,,,,,,,,,,,
1349308800,12.8623857779077,,,,,,,,,,,
1349395200,12.7522194190532,,,,,,,,,,,
1349481600,12.5051297136178,,,,,,,,,,,
1349568000,11.8739970853302,,,,,,,,,,,
1349654400,11.7333297481005,,,,,,,,,,,
1349740800,11.8286634354179,,,,,,,,,,,
1349827200,12.109188478083,,,,,,,,,,,
1349913600,12.0675518082992,,,,,,,,,,,
1350000000,12.0280681648159,,,,,,,,,,,
1350086400,11.9268038293396,,,,,,,,,,,
1350172800,11.6505779608416,,,,,,,,,,,
1350259200,11.9083095268849,,,,,,,,,,,
1350345600,11.8480180689655,,,,,,,,,,,
1350432000,11.9193881607247,,,,,,,,,,,
1350518400,11.9259328445354,,,,,,,,,,,
1350604800,11.7574857971946,,,,,,,,,,,
1350691200,11.6943775517241,,,,,,,,,,,
1350777600,11.657411405903,,,,,,,,,,,
1350864000,11.7410779129164,,,,,,,,,,,
1350950400,11.7077817299825,,,,,,,,,,,
1351036800,11.6343523869082,,,,,,,,,,,
1351123200,10.7536298202805,,,,,,,,,,,
1351209600,10.130619493571,,,,,,,,,,,
1351296000,10.4581862957335,,,,,,,,,,,
1351382400,10.7099620838691,,,,,,,,,,,
1351468800,10.6307389760374,,,,,,,,,,,
1351555200,10.8593230584454,,,,,,,,,,,
1351641600,11.1460718381064,,,,,,,,,,,
1351728000,10.6135357510228,,,,,,,,,,,
1351814400,10.5305036388077,,,,,,,,,,,
1351900800,10.650747019287,,,,,,,,,,,
1351987200,10.7968828924605,,,,,,,,,,,
1352073600,10.7408207352425,,,,,,,,,,,
1352160000,10.8681974991233,,,,,,,,,,,
1352246400,10.9540989444769,,,,,,,,,,,
1352332800,10.892699371128,,,,,,,,,,,
1352419200,10.8158672180012,,,,,,,,,,,
1352505600,10.8632604430158,,,,,,,,,,,
1352592000,10.8418406388077,,,,,,,,,,,
1352678400,11.0313424552893,,,,,,,,,,,
1352764800,10.9980027790766,,,,,,,,,,,
1352851200,10.9589524184687,,,,,,,,,,,
1352937600,11.1751098585622,,,,,,,,,,,
1353024000,11.705044829924,,,,,,,,,,,
1353110400,11.7500423991818,,,,,,,,,,,
1353196800,11.6656310321449,,,,,,,,,,,
1353283200,11.7505293506721,,,,,,,,,,,
1353369600,11.6991703167738,,,,,,,,,,,
1353456000,11.7291351759205,,,,,,,,,,,
1353542400,12.2919979465225,,,,,,,,,,,
1353628800,12.2802876195207,,,,,,,,,,,
1353715200,12.4132043997662,,,,,,,,,,,
1353801600,12.5296894897721,,,,,,,,,,,
1353888000,12.1846262399182,,,,,,,,,,,
1353974400,12.1592753845704,,,,,,,,,,,
1354060800,12.3316598270018,,,,,,,,,,,
1354147200,12.4976616534191,,,,,,,,,,,
1354233600,12.5861389275278,,,,,,,,,,,
1354320000,12.5923868702513,,,,,,,,,,,
1354406400,12.4979447565751,,,,,,,,,,,
1354492800,12.6569578369375,,,,,,,,,,,
1354579200,13.3695895815313,,,,,,,,,,,
1354665600,13.3127502220923,,,,,,,,,,,
1354752000,13.4779245403273,,,,,,,,,,,
1354838400,13.4772824494448,,,,,,,,,,,
1354924800,13.4999844091175,,,,,,,,,,,
1355011200,13.3465108907072,,,,,,,,,,,
1355097600,13.4922565809468,,,,,,,,,,,
1355184000,13.615415666277,,,,,,,,,,,
1355270400,13.6682136426067,,,,,,,,,,,
1355356800,13.7552515207481,,,,,,,,,,,
1355443200,13.6009222527762,,,,,,,,,,,
1355529600,13.5309482887201,,,,,,,,,,,
1355616000,13.3328610765634,,,,,,,,,,,
1355702400,13.3200719514904,,,,,,,,,,,
1355788800,13.2720338690824,,,,,,,,,,,
1355875200,13.5385431800117,,,,,,,,,,,
1355961600,13.5700270263004,,,,,,,,,,,
1356048000,13.4289680023378,,,,,,,,,,,
1356134400,13.4272139129164,,,,,,,,,,,
1356220800,13.3181057568673,,,,,,,,,,,
1356307200,13.4266626715371,,,,,,,,,,,
1356393600,13.3655670046756,,,,,,,,,,,
1356480000,13.4546990175336,,,,,,,,,,,
1356566400,13.3993031811806,,,,,,,,,,,
1356652800,13.4555072215079,,,,,,,,,,,
1356739200,13.3740038603156,,,,,,,,,,,
1356825600,13.445013798948,,,,,,,,,,,
1356912000,13.5455524436002,,,,,,,,,,,
1356998400,13.3313714219755,,,,,,,,,,,
1357084800,13.2806068129749,,,,,,,,,,,
1357171200,13.3840811484512,,,,,,,,,,,
1357257600,13.4517211496201,,,,,,,,,,,
1357344000,13.459406766803,,,,,,,,,,,
1357430400,13.5044965078901,,,,,,,,,,,
1357516800,13.5560616578025,,,,,,,,,,,
1357603200,13.7803506312098,,,,,,,,,,,
1357689600,13.8209552565751,,,,,,,,,,,
1357776000,14.12317285564,,,,,,,,,,,
1357862400,14.2276211227352,,,,,,,,,,,
1357948800,14.2142856560491,,,,,,,,,,,
1358035200,14.1607882670953,,,,,,,,,,,
1358121600,14.3179703202805,,,,,,,,,,,
1358208000,14.3136377516072,,,,,,,,,,,
1358294400,14.7078140479252,,,,,,,,,,,
1358380800,15.598599739626,,,,,,,,,,,
1358467200,15.7157911239042,,,,,,,,,,,
1358553600,15.5881263997662,,,,,,,,,,,
1358640000,15.7195921373466,,,,,,,,,,,
1358726400,16.7810195207481,,,,,,,,,,,
1358812800,17.3001788386908,,,,,,,,,,,
1358899200,17.5363954228521,,,,,,,,,,,
1358985600,16.90108607218,,,,,,,,,,,
1359072000,17.4072020292227,,,,,,,,,,,
1359158400,17.5536291760608,,,,,,,,,,,
1359244800,17.8646280148217,,,,,,,,,,,
1359331200,18.7942648743425,,,,,,,,,,,
1359417600,19.5147141861484,,,,,,,,,,,
1359504000,19.7374466864407,,,,,,,,,,,
1359590400,20.5116430306838,,,,,,,,,,,
1359676800,20.443091956166,,,,,,,,,,,
1359763200,19.6359017054354,,,,,,,,,,,
1359849600,20.5789396832262,,,,,,,,,,,
1359936000,20.4404879614261,,,,,,,,,,,
1360022400,20.6593447276446,,,,,,,,,,,
1360108800,21.2085655318527,,,,,,,,,,,
1360195200,22.1177651789246,,,,,,,,,,,
1360281600,22.7873650499299,,,,,,,,,,,
1360368000,23.7338601537113,,,,,,,,,,,
1360454400,23.9002893571011,,,,,,,,,,,
1360540800,24.4972726949153,,,,,,,,,,,
1360627200,24.9797364073641,,,,,,,,,,,
1360713600,24.6416509347867,,,,,,,,,,,
1360800000,27.2823898203039,,,,,,,,,,,
1360886400,27.1712692291058,,,,,,,,,,,
1360972800,27.3461635619521,,,,,,,,,,,
1361059200,26.9272513763881,,,,,,,,,,,
1361145600,26.9288676370544,,,,,,,,,,,
1361232000,29.4136243807715,,,,,,,,,,,
1361318400,29.8198072276447,,,,,,,,,,,
1361404800,29.8180689158387,,,,,,,,,,,
1361491200,30.4726565324372,,,,,,,,,,,
1361577600,29.8064545458796,,,,,,,,,,,
1361664000,29.8828484924021,,,,,,,,,,,
1361750400,30.3520330949737,,,,,,,,,,,
1361836800,31.1555373506721,,,,,,,,,,,
1361923200,31.2402610829924,,,,,,,,,,,
1362009600,33.3752939365868,,,,,,,,,,,
1362096000,34.6062570341204,,,,,,,,,,,
1362182400,34.143515924021,,,,,,,,,,,
1362268800,34.451740484512,,,,,,,,,,,
1362355200,36.3762652507306,,,,,,,,,,,
1362441600,40.6729539902747,,,,,,,,,,,
1362528000,43.2849961852133,,,,,,,,,,,
1362614400,41.9474407158387,,,,,,,,,,,
1362700800,43.902928914962,,,,,,,,,,,
1362787200,46.8885866123086,,,,,,,,,,,
1362873600,46.0660384590181,,,,,,,,,,,
1362960000,48.275074577218,,,,,,,,,,,
1363046400,44.4135452582116,,,,,,,,,,,
1363132800,47.0161908515809,,,,,,,,,,,
1363219200,46.9255625535453,,,,,,,,,,,
1363305600,46.9025172478223,,,,,,,,,,,
1363392000,47.1570156995909,,,,,,,,,,,
1363478400,47.3334997837522,,,,,,,,,,,
1363564800,51.3654363912578,,,,,,,,,,,
1363651200,59.4986011114249,,,,,,,,,,,
1363737600,63.6874854981899,,,,,,,,,,,
1363824000,70.9175250053215,,,,,,,,,,,
1363910400,69.8460845417884,,,,,,,,,,,
1363996800,64.3831163705435,,,,,,,,,,,
1364083200,71.6904242064758,,,,,,,,,,,
1364169600,74.3140892495617,,,,,,,,,,,
1364256000,78.6141974320088,,,,,,,,,,,
1364342400,88.8520799138223,,,,,,,,,,,
1364428800,87.6731739608416,,,,,,,,,,,
1364515200,90.29569935827,,,,,,,,,,,
1364601600,92.1899599883109,,,,,,,,,,,
1364688000,93.8992384231444,,,,,,,,,,,
1364774400,103.580346911163,,1.51668030262339,,,,,,,,,
1364860800,116.679944241173,,4.61454068450838,,,,,,,,,
1364947200,131.384809378154,,4.61454068450838,,,,,,,,,
1365033600,133.007120475745,,5.40020440476914,,,,,,,,,
1365120000,142.626065488019,,3.72626872853185,,,,,,,,,
1365206400,143.081822964933,,3.72626872853185,,,,,,,,,
1365292800,162.852214576856,,3.72626872853185,,,,,,,,,
1365379200,186.351161848042,,4.26481100366803,,,,,,,,,
1365465600,230.682996695207,,4.49987085098773,,,,,,,,,
1365552000,161.192889661017,,3.65909696125669,,,,,,,,,
1365638400,82.9015850379895,,3.10901968372812,,,,,,,,,
1365724800,111.476373194039,,1.25839340212887,,,,,,,,,
1365811200,97.6090718702513,,2.81211377461108,,,,,,,,,
1365897600,88.8614913997663,,2.19050684372414,,,,,,,,,
1365984000,80.8746931659848,,1.87290939676446,,,,,,,,,
1366070400,68.2831387270602,,1.87290939676446,,,,,,,,,
1366156800,92.8640369135009,,2.47773988478156,,,,,,,,,
1366243200,108.628345092344,,2.1978915200225,,,,,,,,,
1366329600,119.012283239042,,2.9688916796498,,,,,,,,,
1366416000,128.208288893045,,3.07446116941578,,,,,,,,,
1366502400,118.483243756283,,3.07446116941578,,,,,,,,,
1366588800,126.31427175979,,3.09090260172297,,,,,,,,,
1366675200,142.127218053185,,3.42339725654915,,,,,,,,,
1366761600,154.1332778045,,3.74718532621894,,,,,,,,,
1366848000,141.008659278492,,4.67037783925735,,,,,,,,,
1366934400,137.209600419638,,4.67037783925735,,,,,,,,,
1367020800,128.226669605202,,4.67037783925735,,,,,,,,,
1367107200,134.62356956166,,4.67037783925735,,,,,,,,,
1367193600,143.810378192577,,4.67037783925735,,,,,,,,,
1367280000,139.129647545295,,4.35004728755561,,,,,,,,,
1367366400,116.113801040327,,4.35004728755561,,,,,,,,,
1367452800,106.340984697253,,3.24967569673291,,,,,,,,,
1367539200,96.3168402741087,,2.77938024042446,,,,,,,,,
1367625600,112.497636369082,,2.77938024042446,,,,,,,,,
1367712000,116.488715827002,,2.77938024042446,,,,,,,,,
1367798400,112.118596195207,,2.77938024042446,,,,,,,,,
1367884800,111.609212873466,,3.42073354986733,,,,,,,,,
1367971200,113.136061854763,,3.23046587077861,,,,,,,,,
1368057600,111.974532710696,,3.34734563891292,,,,,,,,,
1368144000,117.691036883694,,3.34734563891292,,,,,,,,,
1368230400,115.49977766277,,3.34734563891292,,,,,,,,,
1368316800,114.885675559614,,3.29198296389714,,,,,,,,,
1368403200,117.404456646113,,3.29198296389714,,,,,,,,,
1368489600,107.865566569258,,3.29198296389714,,,,,,,,,
1368576000,108.986852425482,,2.75635784833431,,,,,,,,,
1368662400,112.917874050263,,2.05510530771479,,,,,,,,,
1368748800,117.284616014027,,3.25704475277615,,,,,,,,,
1368835200,118.169876680304,,2.77249776475745,,,,,,,,,
1368921600,117.033880187025,,3.06129391466978,,,,,,,,,
1369008000,117.818636469901,,3.06129391466978,,,,,,,,,
1369094400,117.252040911748,,3.06129391466978,,,,,,,,,
1369180800,118.9781735827,,3.06129391466978,,,,,,,,,
1369267200,123.726156049094,,3.02138176504968,,,,,,,,,
1369353600,128.971080654588,,2.8646582704393,,,,,,,,,
1369440000,128.844915254237,,2.8646582704393,,,,,,,,,
1369526400,130.158601110462,,3.15,,,,,,,,,
1369612800,126.392905902981,,3.15,,,,,,,,,
1369699200,125.904595265926,,3.05,,,,,,,,,
1369785600,129.564812390415,,3.069,,,,,,,,,
1369872000,126.513068381064,,2.98478415116612,,,,,,,,,
1369958400,127.816488895383,,2.95034305990649,,,,,,,,,
1370044800,128.791151081239,,2.82303779147072,,,,,,,,,
1370131200,122.626708942139,,2.65381523617767,,,,,,,,,
1370217600,122.949187901812,,2.81553640295149,,,,,,,,,
1370304000,120.189968731736,,2.83,,,,,,,,,
1370390400,120.869923845704,,2.8,,,,,,,,,
1370476800,119.053975669784,,2.81,,,,,,,,,
1370563200,110.1977314436,,2.96635476329632,,,,,,,,,
1370649600,109.178545341321,,2.52467144409702,,,,,,,,,
1370736000,99.9036034482759,,2.3762600159135,,,,,,,,,
1370822400,104.357566627703,,2.47949325703063,,,,,,,,,
1370908800,107.507520455874,,2.4599,,,,,,,,,
1370995200,106.378116306254,,2.35,,,,,,,,,
1371081600,101.323897720631,,2.4,,,,,,,,,
1371168000,99.2132443015781,,2.3,,,,,,,,,
1371254400,99.8750374050263,,2.19225707104033,,,,,,,,,
1371340800,99.0383512565751,,2.15,,,,,,,,,
1371427200,100.126305084746,,2.16292173723763,,,,,,,,,
1371513600,104.289176382233,,2.48905839006429,,,,,,,,,
1371600000,104.417150789012,,2.34813387258913,,,,,,,,,
1371686400,104.323499707773,,2.2,,,,,,,,,
1371772800,101.416857393337,,2.59270015760633,,,,,,,,,
1371859200,100.039508474576,,2.77821554893902,,,,,,,,,
1371945600,100.314744593805,,2.999,,,,,,,,,
1372032000,99.0456832261835,,2.78372300087453,,,,,,,,,
1372118400,97.8327887200468,,2.46996028145458,,,,,,,,,
1372204800,98.6517007597896,,2.74710695499708,,,,,,,,,
1372291200,96.8039495990649,,2.74791413110063,,,,,,,,,
1372377600,89.4245067212157,,2.35949970777323,,,,,,,,,
1372464000,88.7972910578609,,2.31,,,,,,,,,
1372550400,89.4809076563413,,2.64365968979263,,,,,,,,,
1372636800,82.8675701344243,,2.66701592051432,,,,,,,,,
1372723200,87.8164666861484,,2.75213398978262,,,,,,,,,
1372809600,77.6913308007014,,2.54263535503364,,,,,,,,,
1372896000,79.1348708357686,,2.5,,,,,,,,,
1372982400,67.4476238527177,,2.27552152292328,,,,,,,,,
1373068800,66.3416808883694,,2.58684398616211,,,,,,,,,
1373155200,72.1095223728814,,2.43154686875922,,,,,,,,,
1373241600,73.9885537697253,,2.3501,,,,,,,,,
1373328000,74.8919108708358,,2.34807103009936,,,,,,,,,
1373414400,85.0136791350088,,2.72603798947984,,,,,,,,,
1373500800,87.4975493863238,,2.68370397136178,,,,,,,,,
1373587200,90.0466987142022,,2.66406826728563,,,,,,,,,
1373673600,91.5925978959673,,2.58050328515488,,,,,,,,,
1373760000,89.892269275862,,2.74720603465225,,,,,,,,,
1373846400,93.7961525423729,,2.9451133220339,,,,,,,,,
1373932800,91.7810356516657,,2.9030975831536,,,,,,,,,
1374019200,91.0313512565751,,2.82,,,,,,,,,
1374105600,84.9617291174752,,2.56131811271186,,,,,,,,,
1374192000,86.2387945996493,,2.79922881355932,,,,,,,,,
1374278400,84.9108591466978,,2.799,,,,,,,,,
1374364800,85.6643502618352,,2.66435657667963,,,,,,,,,
1374451200,85.6490286382233,,2.62086027632963,,,,,,,,,
1374537600,86.977056691993,,2.71515651557569,,,,,,,,,
1374624000,88.15173056692,,2.84,,,,,,,,,
1374710400,90.166092226768,,2.7590824221391,,,,,,,,,
1374796800,89.9839859731151,,2.63041953050847,,,,,,,,,
1374883200,88.165275862069,,2.63041953050847,,,,,,,,,
1374969600,92.7458421975453,,2.84840151957919,,,,,,,,,
1375056000,93.2986972530684,,2.65,,,,,,,,,
1375142400,96.659552893045,,2.78254789135009,,,,,,,,,
1375228800,98.0244199298656,,2.77644222837424,,,,,,,,,
1375315200,96.5680178258329,,2.74253170625365,,,,,,,,,
1375401600,96.0745306838106,,2.67,,,,,,,,,
1375488000,95.5067095265926,,2.77408547890222,,,,,,,,,
1375574400,96.3654821741672,,2.76390064997492,,,,,,,,,
1375660800,97.5271338398598,,2.76220693821428,,,,,,,,,
1375747200,97.6712066043249,,2.62545553313852,,,,,,,,,
1375833600,97.0542068965517,,2.73434316656926,,,,,,,,,
1375920000,94.2572717708942,,2.59,,,,,,,,,
1376006400,92.4727767387493,,2.4225646554062,,,,,,,,,
1376092800,93.293552893045,,2.32005627584365,,,,,,,,,
1376179200,94.271312390415,,2.4,,,,,,,,,
1376265600,95.4464707773232,,2.31,,,,,,,,,
1376352000,97.7590750847458,,2.48,,,,,,,,,
1376438400,99.1212875511397,,2.3919182874553,,,,,,,,,
1376524800,98.1063331385155,,2.41,,,,,,,,,
1376611200,98.2909602571596,,2.3841770710111,,,,,,,,,
1376697600,99.6305043834015,,2.656329367271,,,,,,,,,
1376784000,99.1780397428405,,2.41101814614845,,,,,,,,,
1376870400,102.784012273524,,2.39450613676213,,,,,,,,,
1376956800,104.500210987726,,2.45446015723382,,,,,,,,,
1377043200,110.801603740503,,2.3778132159717,,,,,,,,,
1377129600,109.523216832262,,2.35863966998536,,,,,,,,,
1377216000,107.697571595558,,2.47356910964229,,,,,,,,,
1377302400,108.882675043834,,2.47652816884863,,,,,,,,,
1377388800,113.082563413209,,2.3,,,,,,,,,
1377475200,112.11811484512,,2.48,,,,,,,,,
1377561600,117.759790765634,,2.3201,,,,,,,,,
1377648000,118.317414377557,,2.3901,,,,,,,,,
1377734400,118.835638223261,,2.3901,,,,,,,,,
1377820800,124.885379602572,,2.4001,,,,,,,,,
1377907200,128.377978959673,,2.41,,,,,,,,,
1377993600,130.536372004676,,2.42928188300701,,,,,,,,,
1378080000,129.565371712449,,2.41,,,,,,,,,
1378166400,129.182803623612,,2.39966861484512,,,,,,,,,
1378252800,122.529238749269,,2.82889007437171,,,,,,,,,
1378339200,122.370085037989,,2.61,,,,,,,,,
1378425600,117.861146405611,,2.6,,,,,,,,,
1378512000,119.814989479836,,2.60573915513735,,,,,,,,,
1378598400,118.057386323787,,2.48187124625675,,,,,,,,,
1378684800,121.259272647575,,2.57855814336024,,,,,,,,,
1378771200,122.215530189363,,2.4978627614237,,,,,,,,,
1378857600,127.088227060199,,2.58634866593256,,,,,,,,,
1378944000,126.780723553478,,2.57364868813559,,,,,,,,,
1379030400,127.407745178258,,2.52267335452952,,,,,,,,,
1379116800,124.348477498539,,2.52,,,,,,,,,
1379203200,125.076417884278,,2.52738185037571,,,,,,,,,
1379289600,126.204665984804,,2.58882466393922,,,,,,,,,
1379376000,126.897250146113,,2.53437912528791,,,,,,,,,
1379462400,126.903819403857,,2.55833181455289,,,,,,,,,
1379548800,124.180957334892,,2.48507492694331,,,,,,,,,
1379635200,122.921635885447,,2.39697189976622,,,,,,,,,
1379721600,123.508256867329,,2.40718154289889,,,,,,,,,
1379808000,123.124935125658,,2.42,,,,,,,,,
1379894400,122.865699006429,,2.34913342478083,,,,,,,,,
1379980800,123.797357685564,,2.41406149855312,,,,,,,,,
1380067200,123.614078609001,,2.33630608571011,,,,,,,,,
1380153600,124.68567445938,,2.34,,,,,,,,,
1380240000,126.605347749854,,2.29155679427236,,,,,,,,,
1380326400,126.796551724138,,2.0019081930309,,,,,,,,,
1380412800,127.108627703098,,2.24982271034483,,,,,,,,,
1380499200,126.090261835184,,2.16875250356517,,,,,,,,,
1380585600,127.575424313267,,2.30475210683811,,,,,,,,,
1380672000,104.105092928112,,1.84999468028877,,,,,,,,,
1380758400,117.575495032145,,2.13999,,,,,,,,,
1380844800,121.930347749854,,2.06,,,,,,,,,
1380931200,121.393402688486,,2.05154850543542,,,,,,,,,
1381017600,122.475261250731,,1.99576621858562,,,,,,,,,
1381104000,123.906872589129,,1.99,,,,,,,,,
1381190400,124.76652893045,,1.93580976037405,,,,,,,,,
1381276800,125.933520312683,,1.84152956067576,,,,,,,,,
1381363200,126.704650496785,,1.93911118296943,,,,,,,,,
1381449600,127.25529924021,,1.94829026851869,,,,,,,,,
1381536000,127.851263004091,,1.92054441846873,,,,,,,,,
1381622400,132.415658679135,,2.04624406721441,,,,,,,,,
1381708800,135.339194915254,,1.96114406779661,,,,,,,,,
1381795200,141.493908533022,,1.920222151906,,,,,,,,,
1381881600,138.327921917008,,1.84,,,,,,,,,
1381968000,143.74713383986,,1.84826724737986,,,,,,,,,
1382054400,152.775572180012,,1.86997300348334,,,,,,,,,
1382140800,165.772717124489,,1.7819694702965,,,,,,,,,
1382227200,166.500151081239,,1.84705872281323,,,,,,,,,
1382313600,179.910628579778,,1.714,,,,,,,,,
1382400000,190.402781414378,,1.65,,,,,,,,,
1382486400,204.600350964348,,2.18553419053185,,,,,,,,,
1382572800,194.41004376505,,2.26045188359325,,,,,,,,,
1382659200,185.64378762595,,2.30771347876302,,,,,,,,,
1382745600,179.808218001169,,2.24244321658765,,,,,,,,,
1382832000,194.546133255406,,2.11061887303473,,,,,,,,,
1382918400,196.274687317358,,2.13660069959088,,,,,,,,,
1383004800,204.428174167154,,2.16693864617183,,,,,,,,,
1383091200,197.900599420982,,2.24196507121566,,,,,,,,,
1383177600,203.283649912332,,2.28910286382233,,,,,,,,,
1383264000,203.037109849386,,2.39985534774985,,,,,,,,,
1383350400,204.792881355932,,2.63669565427186,,,,,,,,,
1383436800,210.275382611748,,2.88010477681008,,,,,,,,,
1383523200,228.79103886616,,3.01082462018091,,,,,,,,,
1383609600,243.641668907072,,2.91,,,,,,,,,
1383696000,263.209583987142,,3.35018583869082,,,,,,,,,
1383782400,290.124226183518,,4.22152016364699,,,,,,,,,
1383868800,333.750656511981,,4.69370050476961,,,,,,,,,
1383955200,331.051148451198,,4.16085061897149,,,,,,,,,
1384041600,327.558653499708,,3.90157013442431,,,,,,,,,
1384128000,342.697692869667,,4.008,,,,,,,,,
1384214400,354.645488310929,,4.05296821107133,,,,,,,,,
1384300800,394.50449522443,,4.14244446790427,,,,,,,,,
1384387200,416.706303302747,,4.2838574268163,,,,,,,,,
1384473600,408.398797334892,,4.04866803039158,,,,,,,,,
1384560000,435.798442767387,,4.07953112387646,,,,,,,,,
1384646400,485.33657685564,,4.06775809468147,,,,,,,,,
1384732800,657.778503874927,,8.55444998346291,,,,,,,,,
1384819200,546.878397311514,,7.85290924570311,,,,,,,,,
1384905600,595.339099649328,,7.78740842516177,,,,,,,,,
1384992000,720.764425260082,,9.71522340619815,,,,,,,,,
1385078400,802.916933718294,,10.5885803623612,,,,,,,,,
1385164800,834.295339989129,,11.6088725617763,,,,,,,,,
1385251200,807.166695499708,,11.1586544766029,,,,,,,,,
1385337600,816.243386616014,,12.1413507204524,,,,,,,,,
1385424000,916.097160140269,,19.6302691409557,,,,,,,,,
1385510400,962.910560911748,,35.5309595406025,,,,,,,,,
1385596800,1007.38716364699,,47.1804792518995,,,,,,,,,
1385683200,1128.7254880187,,37.4065993594687,,,,,,,,,
1385769600,1119.29671478667,,40.2958772144917,,,,,,,,,
1385856000,964.485793687902,,34.9478332806612,,,,,,,,,
1385942400,1040.80821770894,,33.1832273641146,,,,,,,,,
1386028800,1053.62102744828,,37.9116092955058,,,,,,,,,
1386115200,1134.93223088837,,43.7816354920408,,,,,,,,,
1386201600,1027.411772827,,37.4443625280236,,,,,,,,,
1386288000,824.581710337814,,30.7194245799997,,,,,,,,,
1386374400,703.748376025716,,22.7891310583147,,,,,,,,,
1386460800,783.573348334307,,27.1513156331866,,,,,,,,,
1386547200,896.079289888954,,31.2780030604683,,,,,,,,,
1386633600,977.165367329047,,35.5767703097604,,,,,,,,,
1386720000,875.464034272355,,30.908731608766,,,,,,,,,
1386806400,873.324805987727,,31.5398876233462,,,,,,,,,
1386892800,879.156135300994,,30.5046285177196,,,,,,,,,
1386979200,852.856120526008,,29.388027708844,,,,,,,,,
1387065600,864.0616578609,,31.0043454926204,,,,,,,,,
1387152000,677.894106801286,,23.8072252398978,,,,,,,,,
1387238400,682.62677270602,,22.2122472825833,,,,,,,,,
1387324800,526.12097632671,,13.4244722912033,,,,,,,,,
1387411200,685.525128959673,,19.7001764676813,,,,,,,,,
1387497600,600.216954260666,,16.7752565947722,,,,,,,,,
1387584000,597.033502548217,,15.9594007202079,,,,,,,,,
1387670400,615.013035271771,,16.6992197545295,,,,,,,,,
1387756800,657.926634155465,,17.4495716683908,,,,,,,,,
1387843200,650.664745178258,,17.51,,,,,,,,,
1387929600,678.290158094681,,20.8181639392168,,,,,,,,,
1388016000,749.996594956166,,24.1400579775999,,,,,,,,,
1388102400,722.570567492694,,22.4376428988895,,,,,,,,,
1388188800,715.852363078901,,21.7041583869082,,,,,,,,,
1388275200,727.271215663355,,23.3030760326575,,,,,,,,,
1388361600,735.741997077732,,23.5067649912332,,,,,,,,,
1388448000,729.557582910579,,23.7897999127725,,,,,,,,,
1388534400,752.404549944594,,23.8710529600653,,,,,,,,,
1388620800,784.954921314436,,25.3102724061494,,,,,,,,,
1388707200,807.222939029807,,24.2638040500217,,,,,,,,,
1388793600,828.602062618352,,24.290313347185,,,,,,,,,
1388880000,902.487380263004,,26.2054511205542,,,,,,,,,
1388966400,914.459960841613,,28.4854857759795,,,,,,,,,
1389052800,803.351796198714,,23.2619578141859,,,,,,,,,
1389139200,820.690009503214,,23.7803245541066,,,,,,,,,
1389225600,831.334750487434,,23.8114696321717,,,,,,,,,
1389312000,853.298854844603,,24.565435325403,,,,,,,,,
1389398400,889.555837119345,,26.1868122660728,,,,,,,,,
1389484800,845.191332220924,,24.4923446152796,,,,,,,,,
1389571200,822.877012197545,,23.7330422059611,,,,,,,,,
1389657600,815.293602711864,,23.5237142469592,,,,,,,,,
1389744000,841.089857364115,,24.6330680702969,,,,,,,,,
1389830400,815.854800298071,,23.7224468986564,,,,,,,,,
1389916800,792.829506475745,,23.1011275112913,,,,,,,,,
1390003200,809.783528356386,,23.5990304579394,,,,,,,,,
1390089600,838.428474734073,,24.4061216903652,,,,,,,,,
1390176000,828.885216592636,,24.0481746021041,,,,,,,,,
1390262400,823.817963763881,,23.7558268097667,,,,,,,,,
1390348800,818.976386323787,,23.0323639940427,,,,,,,,,
1390435200,810.922425195792,,22.033996822441,,,0.001540752607872,,,,,,
1390521600,781.042513950906,,19.9338661614122,,,0.00188793909497604,,,,,,
1390608000,804.403240800701,,21.8164620107884,,,0.00193674865363413,,,,,,
1390694400,814.499381373466,,22.2517893233523,,,0.00193674865363413,,,,,,
1390780800,742.701374970777,,19.45201174785,,,0.00161774405065511,,,,,,
1390867200,790.176401876096,,20.9364670210567,,,0.00165098289165354,,,,,,
1390953600,793.38442490941,,20.6999792464891,,,0.00157883500556973,,,,,,
1391040000,799.474479836353,,20.9319376972531,,,0.00163919961236558,,,,,,
1391126400,803.237598784921,,21.0785133008667,,,0.00191973786109596,,,,,,
1391212800,813.219549216833,,22.3106257274197,,,0.00149632397055897,,,,,,
1391299200,814.490870426651,,22.1896812733136,,,0.00140906920583811,,,,,,
1391385600,806.997428372531,,21.5855236598601,,,0.00129119588539605,,,,,,
1391472000,800.078231893629,,21.083943697302,,,0.00110371657165547,,,,,,
1391558400,784.473692777791,,20.6024295743378,,,0.00127397427334897,,,,,,
1391644800,763.569382232612,,19.7770320015176,,,0.00127516086832846,,,,,,
1391731200,711.571273419053,,18.361798504462,,,0.00109581976106534,,,,,,
1391817600,677.682300941379,,17.8717306792701,,,0.00111139897354386,,,,,,
1391904000,687.406054576271,,18.0290371323884,,,0.00127857526151186,,,,,,
1391990400,685.457498836938,,17.7714785439499,,,0.00145203013915664,,,,,,
1392076800,671.89969169024,,17.3790311581836,,,0.00175365819531153,,,,,,
1392163200,653.765780911747,,17.2179462386771,,,0.00176099283059951,,,,,,
1392249600,612.918414962011,,15.1982746423968,,,0.00149321111489207,,,,,,
1392336000,668.788602659264,,16.8717259432717,,,0.00156941545193003,,,,,,
1392422400,654.377060198714,,16.2752700199682,,,0.00150531545044539,,,,,,
1392508800,623.250321948568,,15.5642123458314,,,0.00144579790775787,,,,,,
1392595200,631.334596306254,,15.4245436205834,,,0.00139524945783682,,,,,,
1392681600,627.271761415484,,15.5667519731072,,,0.00135206576786553,,,,,,
1392768000,623.54013694623,,15.5736033289514,,,0.0012907280834787,,,,,,
1392854400,563.768561098773,,15.2159385361577,,,0.00117909739804667,,,,,,
1392940800,580.324315973115,,14.3521202268472,,,0.00108778452179066,,,,,,
1393027200,607.12463333723,,15.3228345461618,,,0.00127161065751418,,,,,,
1393113600,610.082323746347,,15.59010467359,,,0.00112975943254572,,,,,,
1393200000,542.266650753945,,14.2970000131085,,,0.000989275654741549,,,,,,
1393286400,533.707644436002,,13.6946963925915,,,0.000949379807511342,,,,,,
1393372800,587.57858829924,,14.5854303251272,,,0.00122016308652809,,,,,,
1393459200,585.393925650058,,14.33795886255,,,0.00115798650757006,,,,,,
1393545600,551.29477030976,,13.5681414586242,,,0.00103842540236149,,,,,,
1393632000,567.534235441262,,13.8409334484842,,,0.00105855749226297,,,,,,
1393718400,558.527707156633,,12.8462823479687,,,0.000973492575396943,,,,,,
1393804800,676.505732781999,,14.7294712800487,,,0.00108387981130163,,,,,,
1393891200,674.51139943308,,16.9523261060318,,,0.00104784853126213,,,,,,
1393977600,670.338851099514,,16.5862093899756,,,0.00106608128625164,,,,,,
1394064000,667.712834003507,,16.80069100965,,,0.00101168523702691,,,,,,
1394150400,631.770295213326,,15.9809425608305,,,0.000922514234385868,,,,,,
1394236800,621.524114496201,,15.7233788013592,,,0.000870133760294682,,,,,,
1394323200,640.578889322034,,16.2456036223742,,,0.000877593078371186,,,,,,
1394409600,628.151241165985,,16.1406490200615,,,0.00077819091062808,,,,,,
1394496000,633.73383823495,,16.281389645188,,,0.0007731752835977,,,,,,
1394582400,634.646823717125,,17.4328180804347,,,0.000924314322556196,,,,,,
1394668800,643.432100859147,,17.307684217628,,,0.000865935509221471,,,,,,
1394755200,628.308590005845,,16.9628024706152,,,0.000866596183438564,,,,,,
1394841600,636.218650061368,,17.1727281815314,,,0.000840139927734544,,,,,,
1394928000,634.168900970894,,17.6416376811651,,,0.000843404608927581,,,,,,
1395014400,622.760208649912,,17.270673733414,,,0.000772936776510445,,,,,,
1395100800,614.309513717125,,19.5015094881064,,,0.000760205330459686,,,,,,
1395187200,610.511203474576,,17.6100805487073,,,0.000764352890441538,,,,,,
1395273600,586.607595710111,,16.5097250292244,,,0.000720234131822783,,,,,,
1395360000,569.694517995324,,15.6674890487398,,,0.00068775713089034,,,,,,
1395446400,564.700026703682,,15.55500283779,,,0.000677907035154648,,,,,,
1395532800,558.958861691408,,15.1231314071592,,,0.000684880761232927,,,,,,
1395619200,585.023250518995,,16.1618123143256,,,0.000663599634622893,,,,,,
1395705600,583.771189094097,,16.3000089873764,,,0.000652534044412638,,,,,,
1395792000,579.243850400994,,16.2411820196941,,,0.000611074840342608,,,,,,
1395878400,483.164012612507,,12.983636379186,,,0.000499791801364502,,,,,,
1395964800,498.661328949153,,13.7347958060079,,,0.00052714069057525,,,,,,
1396051200,489.517023547633,,13.4407555122818,,,0.000620129091748747,,,,,,
1396137600,458.966328275862,,12.9149668138048,,,0.000524670402743552,,,,,,
1396224000,455.355354056108,,12.7589670673443,,,0.000499262149095369,,,,,,
1396310400,479.008465867913,,13.0804731492345,,,0.000521416252776859,,,,,,
1396396800,439.011492524839,,11.2712698363921,,,0.000460913573187266,,,,,,
1396483200,449.441151519579,,11.3631384158213,,,0.000453935563034775,,,,,,
1396569600,449.719869736996,,11.1485445314847,,,0.000464600577174261,,,,,,
1396656000,461.675331482174,,11.1928721455089,,,0.000468628253715741,,,,,,
1396742400,458.633480544535,,11.5755587076471,,,0.000463699624777318,,,,,,
1396828800,448.655275066394,,11.419655404381,,,0.000456214500238582,,,,,,
1396915200,452.803098796026,,11.435728832966,,,0.000452922187863506,,,,,,
1397001600,442.837984932203,,11.2192804979347,,,0.000446302008070913,,,,,,
1397088000,366.911866063413,,8.59920708433425,,,0.000342293387952477,,,,,,
1397174400,421.943528071303,,10.8143843840905,,,0.000448207601494243,,,,,,
1397260800,424.274212647575,,10.9014141974947,,,0.000418703598861994,,,,,,
1397347200,416.362321654004,,10.5148885344461,,,0.000387216959138223,,,,,,
1397433600,461.108246586649,,11.4727933941805,,,0.000442202808476597,,,,,,
1397520000,521.615299606078,,13.3115729964286,,,0.000570523059787203,,,,,,
1397606400,531.481846731999,,13.546946487309,,,0.000691600149509963,,,,,,
1397692800,499.837551544721,,12.7096291283195,,,0.000638871850730389,,,,,,
1397779200,483.020013533606,,12.1364480179596,,,0.000586626536074168,,,,,,
1397865600,504.365595178488,,12.9696351149215,,,0.000625487622141713,,,,,,
1397952000,501.55718444916,,12.7958989363861,,,0.00061926600143243,,,,,,
1398038400,498.084530300994,,12.474700896965,,,0.000607663126967212,,,,,,
1398124800,489.503510029223,,12.2542179344192,,,0.000584115011652363,,,,,,
1398211200,490.63296754332,,12.1999598853163,,,0.00057749736946796,,,,,,
1398297600,503.291801028638,,12.7609881343481,,,0.000588353998415933,,,,,,
1398384000,466.426171344243,,11.2254517051643,,,0.000512141388224481,,,,,,
1398470400,459.22670981882,,10.7229850567423,,,0.000477325234363824,,,,,,
1398556800,438.709363717287,,10.1537639949119,,,0.000452005000973977,,,,,,
1398643200,441.547805468089,,10.3378853524013,,,0.000487147745401585,,,,,,
1398729600,447.709930772047,,10.4975293856311,,,0.000501891298020599,,,,,,
1398816000,448.875715514009,,11.0274375082632,,,0.000500041775448625,,,,,,
1398902400,460.194698255991,,11.3031386827645,,,0.000504394906282055,,,,,,
1398988800,452.239779761701,,10.7853082368295,,,0.000494113908859361,,,,,,
1399075200,438.978588005844,,10.2095413499514,,,0.000494113908859361,,,,,,
1399161600,436.675398644705,,10.4485092343079,,,0.000463955488277161,,,,,,
1399248000,432.338179035394,,10.3221879613728,,,0.000449682467128288,,,,,,
1399334400,430.128205394506,,10.4125161946856,,,0.000455264183770302,,,,,,
1399420800,442.18287609585,,10.6981793416869,,,0.000469411624094365,,,,,,
1399507200,440.402762711864,,10.6429102265068,,,0.000466919590657263,,,,,,
1399593600,452.697999723553,,10.8917816265312,,,0.000488782872132844,,,,,,
1399680000,456.75584628872,,10.9885865096671,,,0.00047872604275252,,,,,,
1399766400,439.114476037405,,10.4042037567597,,,0.00045253043701628,,,,,,
1399852800,441.280955581531,,10.7019315523906,,,0.000450155319345765,,,,,,
1399939200,439.005774985389,,10.4567242753788,,,0.000443395832735242,,,,,,
1400025600,444.848205727645,,10.612952650423,,,0.000455801975310059,,,,,,
1400112000,446.96155873758,,10.5355076219237,,,0.000449355193315437,,,,,,
1400198400,448.74215371128,,10.5554309081652,,,0.000445057275125866,,,,,,
1400284800,449.2222893045,,10.5000114729188,,,0.000452199601262837,,,,,,
1400371200,446.962641437756,,10.4381882778005,,,0.000451432267852133,,,,,,
1400457600,447.404856808884,,10.3614421415775,,,0.000438456759672706,,,,,,
1400544000,490.335648158971,,10.8379620962597,,,0.00047516132170075,,2.68721363112823,,,,
1400630400,493.933491817651,,10.7405820062064,,,0.000459605258476912,,1.61939851236591,,,,
1400716800,526.81428842782,,10.7202850955701,,,0.000419807868689873,,1.9729443297042,,,,
1400803200,523.699320280538,,11.2242515168245,,,0.000402485118284758,,2.89373099570554,,,,
1400889600,527.691243132671,,11.1839205808579,,,0.000428212654088294,,3.84809301382243,,,,
1400976000,573.312458796026,,11.4952298766263,,,0.000418518094921099,,3.12562203200762,,,,
1401062400,584.847974868498,,11.6984725992332,,,0.000364047526275859,,3.00000042711206,,,,
1401148800,573.928269245471,,11.2316630200217,,,0.000390398017292516,,2.23037429434476,,,,
1401235200,579.189318819404,,11.1773232090095,,,0.000402410312630964,,2.26831947180877,,,,
1401321600,570.349310929281,,10.879367304693,,,0.000386670260321489,,1.73546027664425,,,,
1401408000,620.846360607832,,11.4493093618204,,,0.000367801575980664,,1.58483220131467,,,,
1401494400,627.892420689655,,10.9440774676837,,,0.000334454182313162,,1.99199414906339,,,,
1401580800,630.074953535944,,11.0573045472466,,,0.000404013561045237,,1.73184234212223,,,,
1401667200,663.505723845704,,11.5622412584342,,,0.000395743742706253,,1.83674409012582,,,,
1401753600,672.387897136178,,11.6153362646237,,,0.000389224565037429,,1.9721134975581,,,,
1401840000,643.887368790181,,11.2039595522286,,,0.000356519043706801,,1.79890537217013,,,,
1401926400,661.503558153127,,11.3803168707804,,,0.000348867543088475,,1.60380718817103,,,,
1402012800,650.133315897136,,11.1834661596721,,,0.000358828945417676,,1.26678564870219,,,,
1402099200,656.800271770894,,11.2725978953066,,,0.000361385252047183,,1.36430554909013,,,,
1402185600,657.819974868498,,11.3501190349811,,,0.000362036278886394,,1.32727642753977,,,,
1402272000,648.336322326125,,11.3315930870102,,,0.000355529054266511,,1.48717134114948,,,,
1402358400,650.936609585038,,11.0850057242977,,,0.000389918257543298,,1.70946698049644,,,,
1402444800,631.489022209235,,10.889951250417,,,0.00042564574552854,,1.59605511628146,,,,
1402531200,591.975077147867,,10.2489776277221,,,0.000367071255391826,,1.68985439510207,,,,
1402617600,597.044999707773,,10.1642469129619,,,0.000376138349815897,,1.91451729271136,,,,
1402704000,575.559461718293,,9.83879927603193,,,0.000374113650116891,,2.32664844684339,,,,
1402790400,589.724646405611,,9.90610264636461,,,0.000365629280771479,,2.66572433011889,,,,
1402876800,590.567482174167,,9.64804519718266,,,0.000359900659713819,,3.13882293138185,,,,
1402963200,609.080002922268,,9.66324265783852,,,0.00036255496073422,,2.83428872491638,,,,
1403049600,607.629796025716,,9.66269130363,,,0.000350968879802954,,2.80430822229843,,,,
1403136000,595.751476914085,,9.99561721131773,,,0.00034795855607035,,3.0818759721942,,,,
1403222400,591.531522793688,,9.79574226528902,,,0.000343088283220339,,4.3414165562027,,,,
1403308800,592.764349503215,,9.785178158669,,,0.000349730966206897,,5.0148546457651,,,,
1403395200,599.634633547633,,9.76044579462159,,,0.000329799048451198,,4.30019334193818,,,,
1403481600,589.552299824664,,9.62757239449763,,,0.000318451274705408,,3.89497817526771,,,,
1403568000,579.973718585622,,9.53391688668895,,,0.000302245286855015,,3.18441949244886,,,,
1403654400,562.236779953244,,9.15815745276178,,,0.000264251286578025,,3.28020923024754,,,,
1403740800,580.749230274693,,9.07689032959598,,,0.000290145166581142,,2.93795211268386,,,,
1403827200,600.638305376973,,9.2602930908899,,,0.000294582547856623,,2.18675993905404,,,,
1403913600,594.390304208065,,9.11002162663255,,,0.00027341953993571,,2.56649249382097,,,,
1404000000,600.840518410286,,8.95588580521672,,,0.000258361422916423,,2.55664017043084,,,,
1404086400,638.94611396844,,8.85945518512807,,,0.00027185308649495,,2.5168128282931,,,,
1404172800,642.95659672706,,8.2667629889596,,,0.000254544675330787,,2.36200840665137,,,,
1404259200,651.298347749854,,8.16469128574934,,,0.000227954421712449,,2.3229643259772,,,,
1404345600,646.413389130333,,8.12892397238605,,,0.000226244686195617,,2.68542738606269,,,,
1404432000,630.635502922268,,7.34553153047864,,,0.000239449093838384,,2.65435252584782,,,,
1404518400,630.468341905318,,7.3105094616389,,,0.000222159209281971,,2.44983805866643,,,,
1404604800,634.67267445938,,7.14445483022618,,,0.000240514607115204,,2.4243420605599,,,,
1404691200,622.854978959673,,7.63366193168857,,,0.000224227792425482,,1.99279480180633,,,,
1404777600,624.894331092928,,7.74358237150517,,,0.000267636288893368,,2.32014025464025,,,,
1404864000,621.939091759205,,7.80124418017007,,,0.000274968323479828,,2.00057097355449,,,,
1404950400,616.522849795441,,7.79936371313468,,,0.00026510482541204,,1.88526086709335,,,,
1405036800,634.494378141438,,7.91985350705678,,,0.000267326363899809,,1.82926665779568,,,,
1405123200,636.923957934541,,8.69909809999091,,,0.000273163693947294,,1.73124842597079,,,,
1405209600,629.87575043834,,9.04222864052217,,,0.00027028001583289,,1.75061365920422,,,,
1405296000,619.197459088252,,8.69196301288512,,,0.000250760133352821,,1.97040524451991,,,,
1405382400,621.934601402689,,8.68058382625598,,,0.000254993186575102,,2.157039397647,,,,
1405468800,616.351882232612,,8.34627252933993,,,0.000236781788052856,,2.75723833758022,,,,
1405555200,624.259274985389,,8.8044939183954,,,0.000262505693871477,,2.96068872402143,,,,
1405641600,630.750140268849,,8.91152535826525,,,0.000245992554704851,,2.61335002808294,,,,
1405728000,629.17336440678,,8.95062788655416,,,0.000266606237675163,,2.92081431604446,,,,
1405814400,625.248676212741,,8.6336532356872,,,0.000243846983722969,,2.72468875491558,,,,
1405900800,621.305331385155,,8.62615586811664,,,0.00024031552794313,,3.0976397926968,,,,
1405987200,619.823264465225,,8.59263417533063,,,0.000216938142562829,,3.20021313274293,,,,
1406073600,619.772816773817,,8.48087700912236,,,0.000223118214038574,,2.94398517014796,,,,
1406160000,602.87964552893,,7.89136954356673,,,0.000215923582501329,,2.37393367497242,,,,
1406246400,601.578514319112,,7.57169517842248,,,0.000210552480011689,,2.70973809999666,,,,
1406332800,594.702607247224,,7.61124034671679,,,0.000218255856859731,,2.63498014393343,,,,
1406419200,591.575444184687,,7.74506882827829,,,0.000212967159906487,,2.54658074743758,,,,
1406505600,587.493004967855,,7.63915478957383,,,0.000204618216823769,,2.67167785010706,,,,
1406592000,584.11239333723,,7.62321888073839,,,0.000204642121280913,,2.63274374781565,,,,
1406678400,562.914625073057,,7.23509357663782,,,0.000192140099702683,,2.51484762675062,,,,
1406764800,581.975561952075,,7.55011093322762,,,0.000203691446683226,,2.54785138589726,,,,
1406851200,596.506759205143,,7.74290594160766,,,0.000208786778744885,,2.66777680708945,,,,
1406937600,589.757261542957,,7.6548348603117,,,0.000206415041540035,,2.50475038383321,,,,
1407024000,586.753736703682,,7.52227967466975,,,0.000200638228365414,,2.36347558182558,,,,
1407110400,587.60833547633,,7.43912152713033,,,0.000204129846926028,,1.99721433700672,,,,
1407196800,581.881988603156,,7.20540764752005,,,0.000186171628884293,,2.14821654719322,,,,
1407283200,582.248371420222,,7.17303059208826,,,0.000180028406006753,,2.1893302330883,,,,
1407369600,586.046633547633,,7.16882633691289,,,0.000174059617850946,,2.13458259306285,,,,
1407456000,589.024412624196,,7.04117235346199,,,0.000165941844055045,,2.16334709356941,,,,
1407542400,588.978521332554,,6.97475731496409,,,0.000159247262175233,,2.12309015743824,,,,
1407628800,589.373502045587,,6.94563713521831,,,0.000164494454436208,,2.05255163877613,,,,
1407715200,573.441483927528,,6.08287652769345,,,0.000144778390221214,,2.08795705482598,,,,
1407801600,568.307520163647,,5.64452535140635,,,0.000167575984846852,,2.04022114156747,,,,
1407888000,548.370175336061,,5.06508767246535,,,0.000153353273942636,,1.87448125975523,,,,
1407974400,505.107499707773,,5.05414009005321,,,0.000142212321072956,,1.75473831139413,,,,
1408060800,500.323060132671,,5.09958000642574,0.00559861504288459,,0.000126557171304711,,1.59789856870233,,,,
1408147200,521.7479628872,,5.01552258036609,0.00558265522793688,,0.0001304369907218,,1.58460555884073,,,,
1408233600,497.764658971362,,4.42285084313393,0.00839782671499241,,0.00012444116474284,,1.49552329172403,,,,
1408320000,468.957918176505,,3.86378428823992,0.00468471940677966,,0.000107860321180596,,1.49065099946122,,,,
1408406400,486.794350672122,,4.93858623391712,0.00482831433372297,,0.000115626887938227,,1.65823675051213,,,,
1408492800,515.120353886616,,5.5008345455648,0.00503705290181181,,0.00013393129201052,,1.84073908629765,,,,
1408579200,519.307852133255,,5.78287745683915,0.00621273850730567,,0.000135020041554646,,1.82322890039836,,,,
1408665600,516.159368790181,,5.31535337063517,0.00621881306434833,,0.00010325630912266,,1.79895856341506,,,,
1408752000,497.12575949737,,4.85837345696185,0.00581637138611923,,0.000119310182279369,,1.81892348641622,,,,
1408838400,508.430741963764,,5.44284785056899,0.00566506130075979,,0.000132191992910579,,1.96414517497927,,,,
1408924800,501.610286674459,,5.20962722790726,0.00480592160508475,,0.000115196224199132,,2.04922713857506,,,,
1409011200,511.852321741672,,5.53176343798496,0.0057471425537962,,0.000150815925450942,,2.02462489644048,,,,
1409097600,510.162323787259,,5.39959713438925,0.00453462253886616,,0.000139563237416569,,2.00255508979748,,,,
1409184000,506.285151665693,,5.24152253527123,0.00446214455118352,,0.000133737723168736,,2.20308092072481,,,,
1409270400,508.866571887785,,5.39961811307639,0.0050982943934775,,0.000129421305164084,,2.21583171673238,,,,
1409356800,501.275723261251,,5.17797759381047,0.00523472991296318,,0.000131268642981041,,2.45357220249129,,,,
1409443200,478.511425482174,,4.87499746035658,0.00473726311227352,,0.000131405110458992,,2.20318827416831,,,,
1409529600,474.541489772063,,4.77562089465747,0.00443150750499485,,0.000132061707107871,,2.05796376620336,,,,
1409616000,474.430670660433,,4.76924854736122,0.00444991679263589,,0.000130034431576144,,1.93553192252162,,,,
1409702400,473.95920338983,,4.84633574369717,0.00445618000458796,,0.000135013885705699,,2.03288802162652,,,,
1409788800,489.555201344243,,5.19839008846385,0.00489040152648778,,0.000161580226385743,,2.08437942396731,,,,
1409875200,478.749782875511,,4.9373179704808,0.0049886311962595,,0.000163693616512049,,1.95180426452292,,,,
1409961600,480.64249181765,,4.93808809408969,0.00501074943728814,,0.000205230102216758,,1.92284622152898,,,,
1410048000,478.36550087668,,5.10866614769727,0.0049846541889889,,0.000187437666238629,,1.85889667146236,,,,
1410134400,468.975495908825,,5.00153918797759,0.00476941526884862,,0.000172122421696215,,1.85066085521085,,,,
1410220800,473.51202717709,,5.06260896992064,0.00461042120237288,,0.000191237172345495,,1.75881838864926,,,,
1410307200,477.778417592051,,5.30206850339768,0.00500093174817961,,0.000188809904769169,,1.9511001823288,,,,
1410393600,477.270682057276,,5.42379909367892,0.00468335180946815,,0.000208764751481489,,1.93149998795204,,,,
1410480000,473.997282291058,,5.34462303744643,0.00428754814642899,,0.000209042525221863,,1.86061593922704,,,,
1410566400,477.960973991818,,5.44001952308216,0.00435991193821157,,0.000265213616687723,,1.82797030475126,,,,
1410652800,475.648063997662,,5.38649901827115,0.00487950890302162,,0.000338359380875784,,1.80772494044188,,,,
1410739200,472.655629748685,,5.17413448113627,0.004907103644753,,0.000327581622378602,,1.89265340711334,,,,
1410825600,464.177754529515,,5.09859288720555,0.00491637335905903,,0.000290026806675434,,1.83712801137899,,,,
1410912000,456.339891291642,,5.07982905486595,0.00541341361703682,,0.000274583793244966,,1.73215179644808,,,,
1410998400,426.880106954997,,4.77001237994225,0.00550793241103448,,0.000298237029842062,,1.57646513904369,,,,
1411084800,393.893890707189,,4.36210180734694,0.00449665021762127,,0.000274522344278083,,1.43663844976643,,,,
1411171200,411.041342781999,,4.32797791108794,0.0052349963943045,,0.000293610362597305,,1.27272139484875,,,,
1411257600,400.404530683811,,4.27240777784818,0.00490615133205832,,0.00028517447203836,,1.27740713839058,,,,
1411344000,400.881622150789,,4.27248444518876,0.00489734116983051,,0.000298934332921647,,1.25177579835933,,,,
1411430400,438.491800993571,,4.82350352362355,0.00465552393206897,,0.000317516551732758,,1.483272424641,,,,
1411516800,423.700091759205,,4.73178206099868,0.00503402858336336,,0.000355473951635965,,1.50877208695645,,,,
1411603200,409.537749853887,,4.48282646723037,0.00498541207610462,,0.000380435197900944,,1.40433003974572,,,,
1411689600,405.298251899474,,4.46392344046289,0.005339566815553,,0.000453698170862461,,1.38128745217192,,,,
1411776000,400.599334599649,,4.44483308298135,0.00455311350557591,,0.000376353709588466,,1.30520411768596,,,,
1411862400,375.549989772063,,4.21270095221812,0.00532529885496786,,0.000385446291705932,,1.21251297708961,,,,
1411948800,373.0645578609,,4.23394607447404,0.00490258791232841,,0.000390736697919608,,1.14817581647922,,,,
1412035200,389.264040411455,,4.5450838924948,0.00471071784902981,,0.000401523264107525,,1.21744018718038,,,,
1412121600,382.909365867914,,4.45595558972776,0.00502406208099941,,0.000373139716495601,,1.19374896863964,,,,
1412208000,372.525699006429,,4.29476573913608,0.00499556962367621,,0.000332514501189877,,1.17980185377985,,,,
1412294400,357.665713617767,,4.17318499467073,0.00504794627589463,,0.000316278376442325,,1.09628456952677,,,,
1412380800,328.826113091759,,3.90690527840294,0.00486333821262712,,0.000292569795829994,,0.978368118210579,,,,
1412467200,322.826261542957,,3.73651875331951,0.00617500393854513,,0.000282911143331199,,0.886460888968867,,,,
1412553600,326.803532729398,,3.77432423073611,0.00635959674691409,,0.000285408775119771,,0.967827501653118,,,,
1412640000,333.570194915254,,3.84997443731214,0.00471334685415254,,0.000293736981248491,,0.998453075440547,,,,
1412726400,354.407334307423,,3.9572104029963,0.00506579362647273,,0.000297902501422409,,1.10242275851526,,,,
1412812800,361.716424897721,,3.87553795303134,0.00559387178722667,,0.000280280316234414,,1.10157376093836,,,,
1412899200,358.890390810053,,3.7790359125109,0.00472299754306029,,0.000266081587452283,,1.13736967244653,,,,
1412985600,361.908376972531,,3.80245843993315,0.00514003789342199,,0.000276565749424398,,1.08197811687274,,,,
1413072000,377.871243717124,,3.91388521868614,0.0050067939792519,,0.000290305313996069,,1.09357991356071,,,,
1413158400,391.994208942139,,3.92183743067864,0.00480048111523697,,0.000284595287340522,,1.1076731661304,,,,
1413244800,400.880592054354,,4.09914936418429,0.00497259387753701,,0.00028056011309014,,1.08440049590236,,,,
1413331200,394.625879894798,,4.01503645872606,0.0046550828722969,,0.000267100139677714,,1.00594809261697,,,,
1413417600,382.321476329632,,3.99938478362984,0.00458785771595558,,0.000253392217091588,,1.00807888480547,,,,
1413504000,382.200789596727,,4.01958137825892,0.00466284963308007,,0.000249233671004673,,0.978865990909949,,,,
1413590400,391.293177089421,,4.07405783959044,0.00490681644070134,,0.000254340565108124,,0.970605508960237,,,,
1413676800,388.684497954413,,3.98625787992533,0.00493042133772063,,0.000235055598488157,,0.998454350102463,,,,
1413763200,381.190858562244,,3.90051587714263,0.00531045993016032,,0.00022752747655552,,0.953928447069719,,,,
1413849600,385.204633541204,,3.93903294858116,0.00520026255280626,,0.000223970829104255,,0.949251405694314,,,,
1413936000,380.778763296318,,3.84871367212897,0.00497299067792443,,0.00024959329105666,,0.948974821835185,,,,
1414022400,357.344793103448,,3.71039159153973,0.00490317214092636,,0.000240624371536472,,0.858370117514648,,,,
1414108800,357.48843395675,,3.74376996156785,0.00501211089504968,,0.000247275710870629,,0.767307568281737,,,,
1414195200,345.811246639392,,3.64179988209423,0.00480994799571721,,0.00024179938891874,,0.738219747491471,,,,
1414281600,353.081956165985,,3.67791158792694,0.00474742894231444,,0.000246234135322214,,0.69249922894015,,,,
1414368000,350.015711864407,,3.79566908654776,0.00477377123858562,,0.000246172555414107,,0.72643555693905,,,,
1414454400,354.653805084746,,3.86742709327517,0.00461501486756283,,0.000249342456480953,,0.687055565855223,,,,
1414540800,333.599350087668,,3.6909870257241,0.00468326206390415,,0.000233092650977781,,0.633688298601494,,,,
1414627200,344.609382232613,,3.8032988688171,0.0046556727539626,,0.000236281171167576,,0.622062049378624,,,,
1414713600,337.182912624196,,3.71387917074933,0.00481375564056108,,0.00023368667695214,,0.608367560188768,,,,
1414800000,324.371315020456,,3.55187778196685,0.0045568261159585,,0.000224994276206118,,0.582667595425624,,,,
1414886400,324.248566627703,,3.55621128482572,0.00463675450277615,,0.000208363512324977,,0.575583955976273,,,,
1414972800,325.361865575687,,3.57478226936094,0.00456666555172414,,0.000205838862652153,,0.577450261371244,,,,
1415059200,329.657703974284,,3.61337400770303,0.00479336177645821,,0.000206733625309608,,0.555626089485741,,,,
1415145600,338.805765341905,,3.65889367242823,0.00477236123403273,,0.000206259128263062,,0.571592684647841,,,,
1415232000,349.689911747516,,3.70375058601375,0.00516740490441847,,0.00022268562190115,,0.591726207595483,,,,
1415318400,342.133288135593,,3.57066234931088,0.00462382649166277,,0.000202402194013524,,0.612106101893298,,,,
1415404800,345.716332554062,,3.60213174098833,0.00478855099909771,,0.000212724411826406,,0.643679194007361,,,,
1415491200,363.610051724138,,3.67870527866235,0.00482917845413793,,0.000214768965342595,,0.722062653586817,,,,
1415577600,365.502253945061,,3.6855081190301,0.00500331641672414,,0.000218271024797646,,0.734481579109815,,,,
1415664000,367.825466978375,,3.68893321965817,0.0049647716463121,,0.000220245999974612,,0.726838617208961,,,,
1415750400,422.591419637639,,4.00363486381974,0.00485494856358092,,0.000239335947183286,,0.742321734955895,,,,
1415836800,421.914471654004,,4.08736816270384,0.0052064245802104,,0.000256631536405078,,0.714774397687225,,,,
1415923200,398.388882817066,,3.97761514626745,0.0050515710341204,,0.000235932509054338,,0.693110836244279,,,,
1416009600,377.993840736411,,3.85629675225654,0.00528867291367889,,0.000226967848695109,,0.652802601169315,,,,
1416096000,390.205823495032,,3.88575133517672,0.0050612461233197,,0.000226843817902811,,0.657500329686855,,,,
1416182400,387.501031560491,,3.84146074353449,0.00542501444184687,,0.000217281249812047,,0.598781232492505,,,,
1416268800,373.864564582116,,3.72335648613601,0.00527896765189947,,0.00020873249767195,,0.591887491145308,,,,
1416355200,377.613398012858,,3.74868627522848,0.00547539427118644,,0.000210172025340449,,0.556719987224369,,,,
1416441600,356.181265341905,,3.60535322470392,0.00583897315987984,,0.000208280336059649,,0.52097721495303,,,,
1416528000,350.748858854471,,3.48357877067379,0.00664873099957237,,0.00020217358970962,,0.542896631907792,,,,
1416614400,352.455514611338,,3.5131993219439,0.00931833960770343,,0.00021198907622296,,0.533969992163524,,,,
1416700800,367.773242255991,,3.60395485322645,0.00836620287059936,,0.000255426448267907,,0.535902731451427,,,,
1416787200,376.994223845704,,3.60024145040886,0.00837370646413988,,0.000247387201157948,,0.534793199807999,,,,
1416873600,376.755630040912,,3.59172583510483,0.00975401741620003,,0.000241278951617179,,0.611504213676784,,,,
1416960000,367.530208065459,,3.55196338004086,0.0119277837005164,,0.000226550560751131,,0.558023084876293,,,,
1417046400,369.530227352425,,3.56032096621498,0.0153359085210727,,0.000245114539966167,,0.553582387420153,,,,
1417132800,377.896931911163,,3.60891354037212,0.0153326282226393,,0.000247464557984956,,0.564950281195638,,,,
1417219200,376.07633547633,,3.57786477085187,0.0133998075432128,,0.000241596053692019,,0.569107540577713,,,,
1417305600,378.690397136178,,3.56648701544807,0.0110111304363129,,0.000239864268161588,,0.554527824549756,,,,
1417392000,379.111978959673,,3.56089814120495,0.0135582811899629,,0.000238944808078141,,0.473339046886642,,,,
1417478400,382.946796317943,,3.63091508511728,0.0128036743885854,,0.000238049061660436,,0.515861346396192,,,,
1417564800,375.916019286967,,3.6178240964542,0.0129599664341052,,0.000236712823347965,,0.512481222912831,,,,
1417651200,368.845568088837,,3.56378599528382,0.01315079207571,,0.000228301793205947,,0.458058969968088,,,,
1417737600,378.428329631794,,3.60349961229724,0.0139715739300058,,0.000234785141250631,,0.432247396571396,,,,
1417824000,375.13795119813,,3.5651370031296,0.0145950018034452,,0.0002258631607052,,0.443112339205657,,,,
1417910400,376.639793103448,,3.72387236397068,0.0148732183821448,,0.000229255182876289,,0.463940980839416,,,,
1417996800,363.215676797195,,3.64911541856431,0.0150960094436247,,0.000219830397536949,,0.443322268505456,,,,
1418083200,351.106837814144,,3.50565784434334,0.0158297644407431,,0.000210604818781155,,0.391366035708465,,,,
1418169600,347.881393921683,,3.48199780300398,0.0159937698237553,,0.000206196621715769,,0.392279869663822,,,,
1418256000,348.593006136762,,3.4552727835669,0.0165933987073309,,0.000204654777306385,,0.394427192689444,,,,
1418342400,353.190612507306,,3.48144406275636,0.016899199173049,,0.000204579190918058,,0.37239568915197,,,,
1418428800,349.242945061368,,3.45952264136118,0.0170605178662478,,0.000198274731729714,,0.368816830911179,,,,
1418515200,356.07972150789,,3.5370887779113,0.0170919315208531,,0.00019335047714178,,0.393188639402372,,,,
1418601600,347.095181472823,,3.4663970374161,0.0206100809990792,,0.000187547170771518,,0.374909969289012,,,,
1418688000,328.613320280538,,3.05936927517815,0.0226278259802843,,0.00017054117120687,,0.343522107426583,,,,
1418774400,320.297613383986,,2.95621140645852,0.0276002164452505,,0.000177482392508897,,0.335845578007685,,,,
1418860800,313.511651179427,,2.83536435335358,0.0281036157421896,,0.0001751257027257,,0.313644631974464,,,,
1418947200,318.242888661601,,2.8766832379077,0.0212860102188599,,0.000192091742392869,,0.3188505428608,,,,
1419033600,330.065758328463,,2.94748257394542,0.0251290314144905,,0.000206015626189133,,0.337990349270591,,,,
1419120000,320.992670075979,,2.84688514917899,0.0244388934391266,,0.000190314152740195,,0.345753423484488,,,,
1419206400,331.842584453536,,2.88771267707234,0.0250102948377958,,0.000192669743999442,,0.334138518928611,,,,
1419292800,336.084128579778,,2.91554552947416,0.0227188710626626,,0.000194593064013695,,0.370121905706401,,,,
1419379200,323.032297779077,,2.81115674773795,0.0223570653292899,,0.000187002944070623,,0.419599437131846,,,,
1419465600,318.996144360023,,2.72485489099205,0.0243888979452823,,0.000183714503209866,,0.453793653022807,,,,
1419552000,329.210341905319,,2.78920159493414,0.025151975665706,,0.000192646195757057,,0.433221824265765,,,,
1419638400,315.968443892461,,2.73637327379336,0.0239319064418722,,0.000181962330324421,,0.521165746421295,,,,
1419724800,317.010480420807,,2.74691858349973,0.023940257220029,,0.000183452353101824,,0.5683804361538,,,,
1419811200,313.065531560491,,2.7075781866501,0.0235975585263627,,0.000178259788128929,,0.494321149335915,,,,
1419897600,310.442004091175,,2.71414991393487,0.0238671385277768,,0.000177376173759127,,0.505567403688763,,,,
1419984000,320.662287258913,,2.75986527783426,0.0245750796069814,,0.000187021115837441,,0.434771158619531,,,,
1420070400,314.77647194623,,2.71012865406824,0.024006243476785,,0.00018132243335213,,0.46886214970813,,,,
1420156800,315.942731735827,,2.67643933545104,0.0245757289214948,,0.000183629774950259,,0.463805070795005,,,,
1420243200,285.647309760374,,2.17418091923265,0.0210557423451935,,0.000166309573349733,,0.474732359657917,,,,
1420329600,263.334574810053,,1.96452002208008,0.0181068853639392,,0.000156921119301357,,0.414567794576456,,,,
1420416000,275.003851548802,,2.10140453333654,0.0206165093159632,,0.000160609064128174,,0.425803100437027,,,,
1420502400,287.549521040327,,2.1456634266231,0.0209797366349825,,0.00017050211036736,,0.467960429926963,,,,
1420588800,297.535565166569,,2.15914476868984,0.0215043483034103,,0.000175285870240575,,0.469283354097266,,,,
1420675200,284.342391876096,,2.03339459812942,0.0204584350954851,,0.000167659109506692,,0.438991027533087,,,,
1420761600,292.501114552893,,2.0389292265915,0.0209403551481217,,0.000172116665042394,,0.424195898008003,,,,
1420848000,276.230532144944,,1.68092277904497,0.0197045030111923,,0.000154454197110303,,0.419361571070952,,,,
1420934400,268.755515488019,,1.76820486379985,0.0189521048090634,,0.000160609521241508,,0.384035036489792,,,,
1421020800,268.617232028054,,1.73226348621632,0.0180998482688074,,0.000157048030220092,,0.366174790694099,,,,
1421107200,224.108117767388,,1.58159444727327,0.0145919303760319,,0.00013369238530324,,0.304229254705641,,,,
1421193600,175.637640561075,,1.15954192678177,0.0142535159012428,,0.000113996014366943,,0.2222087889472,,,,
1421280000,212.341011396844,,1.3001642113484,0.016966923601517,,0.000143086964741885,,0.267144817367742,,,,
1421366400,207.595204850964,,1.40457449101589,0.0161914614068506,,0.000140554972366441,,0.277234288096676,,,,
1421452800,199.824836645237,,1.32168700791172,0.0151606876788141,,0.000135983160461397,,0.243544587516169,,,,
1421539200,211.132518410286,,1.35049900163453,0.0158273365059458,,0.000137585856820822,,0.256198009886577,,,,
1421625600,216.894694915254,,1.36746020430242,0.0163638628858452,,0.000141210489052611,,0.257091994970344,,,,
1421712000,211.919853886616,,1.33748302361132,0.0166083457259145,,0.000142861923728251,,0.238761052588564,,,,
1421798400,227.904210403273,,1.3943479957168,0.0171007784416703,,0.000156814393706688,,0.260307226112169,,,,
1421884800,233.647382817066,,1.43022174068878,0.0170774583148163,,0.000155139349559413,,0.272976104748508,,,,
1421971200,233.132852425482,,1.44406140268247,0.0166404916103831,,0.000155511507657228,,0.281248564387532,,,,
1422057600,249.08212390415,,1.88586842963531,0.0166702751967238,,0.00016688502301578,,0.302168134137388,,,,
1422144000,254.51794126242,,2.2623895178887,0.0165673946621277,,0.000167377513595457,,0.315332899351761,,,,
1422230400,273.952244886032,,2.11543564405508,0.0163903903705215,,0.000164736931479105,,0.312780474680125,,,,
1422316800,264.753804500292,,2.11512736906666,0.0156112865336624,,0.000157871153997367,,0.312874641319661,,,,
1422403200,235.735840444185,,1.90028799992034,0.0146257292644764,,0.000142264416614731,,0.286225060205018,,,,
1422489600,233.957373465809,,1.93580735794966,0.0142971350924956,,0.000142569370862703,,0.315761865230183,,,,
1422576000,228.896189947399,,1.91573441815973,0.0144403303231964,,0.00014048876233059,,0.295906711159186,,,,
1422662400,217.332156049094,,1.86621999016937,0.0140322533801029,,0.000135669185596869,,0.280477526484299,,,,
1422748800,227.111301285798,,1.83135911247273,0.013761983583785,,0.000143437790243977,,0.295749548148055,,,,
1422835200,240.092419929866,,1.88128044385304,0.0138419813522105,,0.000149791205144127,,0.301685620027162,,,,
1422921600,227.775695791935,,1.83182480953609,0.0132269829787625,,0.00014310577194557,,0.284171173538631,,,,
1423008000,226.781134132087,,1.81292848052021,0.0134425834453194,,0.000144270788142047,,0.286372508974219,,,,
1423094400,217.011151081239,,1.74249471081543,0.0155473751762709,,0.000139305596593081,,0.270595036476899,,,,
1423180800,222.724969316189,,1.78773698259088,0.0143711027960203,,0.000142547677258404,,0.266676674237886,,,,
1423267200,228.647127410871,,1.8236401239691,0.014985647120889,,0.000144550566952168,,0.275919531728327,,,,
1423353600,224.035988895383,,1.79472908455186,0.0145399356793103,,0.000141870246572704,,0.261614969335831,,,,
1423440000,220.768493863238,,1.7435530890869,0.0138819228941204,,0.000139754456408895,,0.24791154103377,,,,
1423526400,220.888154295734,,1.77137914878568,0.0136792951074503,,0.000140635847252162,,0.245661620598426,,,,
1423612800,219.495859731151,,1.73382909758841,0.0136065483447341,,0.000139842210542648,,0.231673299589758,,,,
1423699200,222.583227936879,,1.76822566848051,0.0141599218847322,,0.000140208115301374,,0.245282286726479,,,,
1423785600,236.555363822326,,1.82936446193883,0.0146877225397282,,0.000143989383507796,,0.25383408389827,,,,
1423872000,257.627695791935,,1.96135268343306,0.0148728583214961,,0.000153936839521087,,0.277395795328883,,,,
1423958400,234.445803039158,,1.83540531016195,0.0135666802172834,,0.000141697262062046,,0.252346074162488,,,,
1424044800,235.086126826417,,1.80403580986525,0.0136961177489071,,0.000141841859511392,,0.249304121350203,,,,
1424131200,243.905794272355,,1.8688056366274,0.0139514114323787,,0.000147734466603946,,0.252744820513438,,,,
1424217600,235.995232320281,,1.82041606453146,0.013713961841049,,0.000143265160866477,,0.242795944722394,,,,
1424304000,241.872253945061,,1.85437571376576,0.0136367576774226,,0.000144286610076957,,0.285395525241042,,,,
1424390400,245.530775277615,,1.85706118446185,0.0132647824837096,,0.000144832419428951,,0.301123124142215,,,,
1424476800,245.596002630041,,1.85671984674942,0.0134562049840999,,0.000145292973160123,,0.298038563766409,,,,
1424563200,236.690668322618,,1.80977971078757,0.0131931378523027,,0.000141598456223546,,0.303056101009328,,,,
1424649600,239.066017825833,,1.81842737068886,0.013528235400997,,0.00014236356211392,,0.338228611666146,,,,
1424736000,239.869262127411,,1.82747430905847,0.0130302229188655,,0.000142207242081781,,0.345817632564833,,,,
1424822400,238.236111046172,,1.80521405675311,0.0131584668561119,,0.000142773495046802,,0.35984084390706,,,,
1424908800,237.044402396259,,1.79997972597799,0.0131237357150844,,0.000141826159699587,,0.349468839028871,,,,
1424995200,255.116774400935,,1.86984501976224,0.0132521550598446,,0.000146232741251545,,0.382909954619491,,,,
1425081600,254.948448568089,,1.83657843741337,0.0125371431533072,,0.000146304931263235,,0.419236314974497,,,,
1425168000,260.651330800701,,1.90452479270074,0.0115840088800282,,0.000148073019957617,,0.423879419822711,,,,
1425254400,276.322613676213,,1.95668777857529,0.0118228661244674,,0.000151242170663036,,0.425647971270408,,,,
1425340800,282.705900935126,,1.97755563456014,0.00879947627935333,,0.000143658251035083,,0.419393380703826,,,,
1425427200,273.447536528346,,1.92314564419647,0.0104765048505563,,0.000142505849186628,,0.411523400897164,,,,
1425513600,276.268809175921,,1.9245712296869,0.0113176344953521,,0.000140650775865928,,0.466619670498199,,,,
1425600000,273.31811484512,,1.90447755065,0.0105917961075558,,0.00014106499016155,,0.487392626092936,,,,
1425686400,276.403357393337,,1.89602237823459,0.0104038223722852,,0.000140531027201009,,0.462283640962947,,,,
1425772800,275.338033898305,,1.89505416841581,0.0101935603460813,,0.000139775393139046,,0.47795841102901,,,,
1425859200,290.130059029807,,1.94193242528435,0.0102834454393748,,0.000144436290037477,,0.634196548119963,,,,
1425945600,292.320383109293,,2.00502631073074,0.0100262189137229,,0.000140745772255226,,0.794810755946593,,,,
1426032000,296.693329339568,,2.01850832806767,0.0102971033675516,,0.000144325178201415,,0.701406023511446,,,,
1426118400,295.800344827586,,2.05781263876485,0.0105602339546011,,0.000144319449595518,,0.682435724620179,,,,
1426204800,285.911026300409,,1.99826260740836,0.0104135650290765,,0.000139449418485313,,0.64133589385584,,,,
1426291200,283.608306253653,,2.0113525445623,0.0111313127418476,,0.000142699848161603,,0.669628249671282,,,,
1426377600,287.270142022209,,2.03293899014787,0.0107496487144711,,0.000142718828685539,,0.687831708569183,,,,
1426464000,291.392118059614,,2.04894128768907,0.010958046690579,,0.000143730090395993,,0.786467461183971,,,,
1426550400,285.248396551724,,1.99931928406727,0.010743623615749,,0.000138282087499784,,0.74432693289529,,,,
1426636800,257.286160140269,,1.77151605189888,0.0101116476641696,,0.000126957126417956,,0.63564469223313,,,,
1426723200,262.092947983635,,1.79854915331821,0.0100815063437497,,0.000132856094827761,,0.679711032777284,,,,
1426809600,262.966492109877,,1.78785128019713,0.0101215553832544,,0.000133932415448081,,0.641544837386217,,,,
1426896000,261.18429748685,,1.76703066615528,0.00987759209994155,,0.000130658917891128,,0.737460656425006,,,,
1426982400,268.899415838691,,1.80519083255519,0.0101241474008248,,0.000133670921148307,,0.773065004326811,,,,
1427068800,266.777992986558,,1.7697852555931,0.00966314935695017,,0.000133818928485015,,0.755708622046094,,,,
1427155200,246.835082992402,,1.67771464352416,0.00924132950559834,,0.00012790362125936,,0.699901915080507,,,,
1427241600,246.719136762127,,1.69581635814027,0.0087809084101732,,0.000123349215117464,,0.771494746560689,,,,
1427328000,249.532993571011,,1.7161400539918,0.00857894431897136,,0.000129724459230182,,0.748718082912953,,,,
1427414400,247.378898305085,,1.69863660300753,0.00869042069745762,,0.000127894572344491,,0.773323545150164,,,,
1427500800,253.23161396844,,1.711287274925,0.00883525101135885,,0.000128183741360831,,0.798194705352085,,,,
1427587200,242.967614260666,,1.66124080754606,0.00834350787371128,,0.000125732488504754,,0.719197152457293,,,,
1427673600,248.336934541204,,1.68960950646068,0.00813808988116895,,0.000127967862713543,,0.862148733841971,,,,
1427760000,244.712485680888,,1.65155135295934,0.00764943984342185,,0.000124677593202859,,0.904242804021883,,,,
1427846400,247.185819403857,,1.66845312463551,0.00767486344611901,,0.00012625578431351,,0.991780047866727,,,,
1427932800,253.630070426651,,1.69234002786004,0.00806289993886324,,0.000129673005849109,,0.978526703642502,,,,
1428019200,254.83316364699,,1.69750354073904,0.00877678747956765,,0.000127107713901361,,0.931810568687162,,,,
1428105600,253.945848626534,,1.68529481203714,0.00859471907562829,,0.000128696223698657,,0.846966044592587,,,,
1428192000,261.112136177674,,1.70818354586932,0.00877075665420807,,0.000127320322546245,,0.890845793000188,,,,
1428278400,256.367386908241,,1.67857219741092,0.00887649137457957,,0.000123321448473207,,0.790265953630789,,,,
1428364800,254.831898012858,,1.67206491783953,0.00914336850070134,,0.000122169182143076,,0.807717400800342,,,,
1428451200,245.825210403273,,1.60636306881799,0.0090955327849211,,0.000116619752794798,,0.751481187095125,,,,
1428537600,243.860636177674,,1.57936578225179,0.00864233443333363,,0.000115961490521012,,0.753768960503097,,,,
1428624000,235.871900642899,,1.51071013875273,0.00855271511731151,,0.000113253389918681,,0.801441419899369,,,,
1428710400,237.40906779661,,1.46335730214449,0.00808665652823852,,0.000116089593039228,,0.829318318167565,,,,
1428796800,237.141042372881,,1.4184657697135,0.00809643486503215,,0.000113700245691078,,0.797819495524572,,,,
1428883200,225.505635885447,,1.38256310320962,0.00802185391801578,,0.000107714249703304,,0.699885089836204,,,,
1428969600,219.757236703682,,1.3899486242367,0.00769796525195385,,0.000103623320442165,,0.662335603779661,,,,
1429056000,223.313907948568,,1.37892638118996,0.00788777874091537,,0.000104608430925786,,0.678915971408475,,,,
1429142400,228.493815312683,,1.4115452337122,0.00793290463560144,,0.00010693571986882,,0.678755706980572,,,,
1429228800,222.785060198714,,1.41487160583116,0.00785686403924021,,0.000104066977114076,,0.63651600905541,,,,
1429315200,223.398044126242,,1.41056306112355,0.00786122182657902,,0.000104997080739334,,0.695940892165137,,,,
1429401600,223.284135300994,,1.39660059791239,0.0078709354268498,,0.000106526655515584,,0.651109138366188,,,,
1429488000,224.894903565167,,1.40786601101896,0.00787145188243684,,0.000105958964361454,,0.676480123209102,,,,
1429574400,234.939356516657,,1.44049854534712,0.00812185355478083,,0.00011035428376095,,0.633739976072488,,,,
1429660800,233.822418760958,,1.44198862348075,0.00799333800478199,,0.00010915012263353,,0.579777142080333,,,,
1429747200,235.933293687902,,1.45430572236908,0.00786840499128179,,0.000111366830076476,,0.605999410805875,,,,
1429833600,231.458592343659,,1.42771639573239,0.00776342243366453,,0.000104642659569116,,0.571539792878873,,,,
1429920000,226.445992986558,,1.40666771201986,0.00788934027966921,,9.97229640088861e-05,,0.563514418053144,,,,
1430006400,220.503406779661,,1.34429362373575,0.00771982427135593,,9.76203506666416e-05,,0.558433574731097,,,,
1430092800,227.325990356517,,1.37920393032973,0.00773017871643046,,0.0001048306430717,,0.560311877376522,,,,
1430179200,225.549368790181,,1.36743228926129,0.00759607036099963,,0.000100610468150802,,0.473159146724723,,,,
1430265600,225.66928842782,,1.36337798568208,0.00788137789711906,,9.88825712129229e-05,,0.483301739473,,,,
1430352000,236.327976037405,,1.44285923027405,0.00820168685524962,,0.000103255118174229,,0.499574024294011,,,,
1430438400,232.746582700175,,1.40921345486602,0.00808105997278344,,9.69617366464654e-05,,0.500134721544684,,,,
1430524800,235.540077147867,,1.42294476224747,0.00804037294626478,,9.86444458677655e-05,,0.49671152155598,,,,
1430611200,240.464248977206,,1.43332570620017,0.00805697151547994,,9.16532787670865e-05,,0.499722544196649,,,,
1430697600,238.976661309176,,1.41100937580077,0.00811086788483343,,8.39442186421592e-05,,0.472227765221017,,,,
1430784000,236.02338340152,,1.40364684196263,0.00767742986273187,,8.93629637475378e-05,,0.46226800392863,,,,
1430870400,229.481219300429,,1.37736443461821,0.00758748119743895,,8.72797683786674e-05,,0.454664905046018,,,,
1430956800,237.130687317358,,1.44988219313389,0.00754295503246426,,8.08648905800676e-05,,0.475962907198185,,,,
1431043200,244.383472822911,,1.4853588256843,0.00743707574519871,,8.84340232136995e-05,,0.488931844643878,,,,
1431129600,242.705950029223,,1.446051978522,0.00749961385590298,,9.18600600558206e-05,,0.516980598436837,,,,
1431216000,240.731483927528,,1.43749421809349,0.0073148573032689,,9.06388648293422e-05,,0.560401716684732,,,,
1431302400,242.24983722969,,1.44231032373289,0.00735649524231444,,9.13889422329955e-05,,0.510690675742717,,,,
1431388800,242.209092051432,,1.44422364177873,0.00707692003526337,,0.000110896232609524,,0.490787425087337,,,,
1431475200,236.550265926359,,1.44482195662346,0.00669621280659833,,0.000108895465598121,,0.480894263651547,,,,
1431561600,236.948916715371,,1.44852121393567,0.00664550740174816,,0.000114226273103939,,0.490856158273383,,,,
1431648000,237.484502337814,,1.45792904003644,0.00657428708698279,,0.000116927542006215,,0.534606735831073,,,,
1431734400,235.812134424313,,1.44914964539833,0.00651823370841192,,0.000118050366046021,,0.600895499928479,,,,
1431820800,236.963682933957,,1.4508134907682,0.00626280375150914,,0.000114828099686268,,0.557565108185022,,,,
1431907200,232.88384961543,,1.43848487423053,0.00538735408709327,,0.000113587280584238,,0.535896166125176,,,,
1431993600,231.974446814728,,1.44520838722717,0.00658927537757121,,0.000117080214873107,,0.516779029913276,,,,
1432080000,234.190306253653,,1.45794551453719,0.00636529252397428,,0.000134891686487833,,0.509116405828262,,,,
1432166400,235.553821741672,,1.47579426235383,0.00645958570777892,,0.000130479938870517,,0.465989873118838,,,,
1432252800,240.323203682057,,1.80651705840862,0.00669407338833138,,0.000127095916494366,,0.466050571841548,,,,
1432339200,238.963281706604,,1.7779423898739,0.00684471745545934,,0.000135365241086065,,0.467867566637425,,,,
1432425600,240.711758328463,,1.83348335592373,0.00670863670461426,,0.000137848885190956,,0.472800217968649,,,,
1432512000,237.003543249562,,1.77842883494835,0.00685963801640847,,0.000139396286573482,,0.466943592191306,,,,
1432598400,236.796261250731,,1.80584461486513,0.0067108107993045,,0.000153739342913361,,0.443408907993364,,,,
1432684800,237.203596434833,,1.83573454971117,0.00677602226215649,,0.000182018103475305,,0.424075492712221,,,,
1432771200,236.956881940386,,1.82151626051235,0.00792137272798814,,0.000182663163471525,,0.432961088188183,,,,
1432857600,236.646526592636,,1.81939796650468,0.00930871131128892,,0.000171202033395117,,0.439954227588352,,,,
1432944000,232.788770017534,,1.77524321621399,0.0081607376794174,,0.000160811026544991,,0.437500490293365,,,,
1433030400,229.45054792519,,1.62611247941144,0.00822020105542946,,0.000152097565016067,,0.452341247035729,,,,
1433116800,223.282701928697,,1.60177205809437,0.00738254474200421,,0.000146473739561627,,0.454971769082372,,,,
1433203200,225.320800993571,,1.65901411489589,0.00820397961606346,,0.000161062232057967,,0.456031546959048,,,,
1433289600,225.213063413209,,1.68895964515491,0.00797534872332669,,0.000151655067774259,,0.456374167311362,,,,
1433376000,223.54007685564,,1.67180741788357,0.00762599799574536,,0.000148096489820835,,0.468903278406933,,,,
1433462400,224.731071887785,,1.74546350034357,0.00783187785528931,,0.000151888927824708,,0.496654326790127,,,,
1433548800,225.160513150205,,1.75634298794786,0.00785353237436667,,0.000155070453610749,,0.524160548190026,,,,
1433635200,223.411685856225,,1.71495143649304,0.00777919490151374,,0.000155191602256466,,0.518110233530348,,,,
1433721600,228.774291350088,,1.7880708845416,0.00795629580084746,,0.000156608664571386,,0.540810736538017,,,,
1433808000,229.370529514904,,1.80202058039375,0.00801420630125073,,0.000159314495960736,,0.492821453784594,,,,
1433894400,228.588487434249,,1.75300419773718,0.00792825608509034,,0.000153052857954611,,0.48199943011483,,,,
1433980800,229.584411747516,,1.79168699215059,0.00798494584057861,,0.000155416395989309,,0.460651343029411,,,,
1434067200,229.811218510228,,1.80499105403774,0.007939416704351,,0.000157370451251264,,0.475180415151378,,,,
1434153600,233.015344535359,,1.85911121805013,0.00813852108256089,,0.000162609683281347,,0.486874670811843,,,,
1434240000,232.507108708358,,1.98399523919402,0.00813309866261835,,0.000163676823976654,,0.490767042598803,,,,
1434326400,236.7909628872,,1.99752829018481,0.00879609507254811,,0.000165174359602194,,0.503659050634588,,,,
1434412800,251.432676797195,,2.81951268743983,0.00931516774382127,,0.000186595154915184,,0.500925236753118,,,,
1434499200,247.969317650497,,2.83810786533956,0.00976081393185179,,0.000196834769011058,,0.492649107376294,,,,
1434585600,249.012479544126,,3.05570176437149,0.0102113886419922,,0.000198663422345454,,0.497506888115184,,,,
1434672000,244.803484219755,,2.81739672942034,0.0113125846217216,,0.000198933635247751,,0.507245933244274,,,,
1434758400,245.582513150205,,3.02746694323741,0.0108251738369319,,0.000202375305654093,,0.537301103955031,,,,
1434844800,244.300260081824,,2.99832488652883,0.0101477117917305,,0.000200544170220348,,0.522715061243673,,,,
1434931200,247.017892460549,,3.01297347090971,0.0105484405768811,,0.000197814411454676,,0.537461493745561,,,,
1435017600,244.184763296318,,2.96421700986123,0.0105907367412883,,0.000187399675084816,,0.524923995933549,,,,
1435104000,240.451545295149,,2.79846343455897,0.0108936590865226,,0.000182116960464152,,0.503832532523582,,,,
1435190400,242.347857685564,,2.84182753182297,0.0110428676667993,,0.000182452328274154,,0.496328373588743,,,,
1435276800,242.967997369959,,2.86281595249523,0.0113972542933816,,0.00018323569975073,,0.482106381588568,,,,
1435363200,251.529326709527,,3.11203062414495,0.011460024237946,,0.000195594952431019,,0.492873753648192,,,,
1435449600,249.058285797779,,3.08772791089957,0.0116310219467563,,0.000187835479596609,,0.467131571604682,,,,
1435536000,256.65022238457,,3.74146447618746,0.0115943339963618,,0.000198198756737024,,0.487064088685629,,,,
1435622400,263.854356864991,,4.12412226834344,0.010677077048027,,0.00019876529602851,,0.495276937022172,,,,
1435708800,258.042647574518,,3.94867666011891,0.0108952280830848,,0.000188231946546203,,0.497976721480073,,,,
1435795200,254.747113383986,,4.07490793728875,0.0107268281730361,,0.000188928663006164,,0.489727797031365,,,,
1435881600,256.087042833431,,4.14945563015586,0.0109093080247041,,0.000190212639796086,,0.491640825714025,,,,
1435968000,260.50923962595,,4.137079161654,0.0104909400307227,,0.000193397545121359,,0.507612135709648,,,,
1436054400,271.302458211572,,4.86422134347613,0.00973741087306174,,0.000197327315987094,,0.519387780122623,,,,
1436140800,269.137940093513,,5.396845521294,0.00939053764170138,,0.00018674080132378,,0.504292575255504,,,,
1436227200,266.469919053185,,5.26200330283031,0.0093530941587668,,0.000184899614496702,,0.511605073235614,,,,
1436313600,270.576142898889,,6.36949458842983,0.00899959845647878,,0.000187279633120629,,0.514139639333542,,,,
1436400000,269.680304792519,,7.70593881449669,0.00859251399455049,,0.000192741207343887,,0.493684030535353,,,,
1436486400,285.558780829924,,4.41981692654425,0.00848165739514757,,0.00020242063660908,,0.52058044794396,,,,
1436572800,293.917453828171,,4.33197392959398,0.00851101941661198,,0.00019916659195977,,0.537281352275549,,,,
1436659200,311.481879894798,,5.2764928325988,0.00860909410031729,,0.000211893331294267,,0.624798646659495,,,,
1436745600,292.649223845704,,4.70313632890354,0.00847260809162805,,0.000192577214560114,,0.568537802346226,,,,
1436832000,287.740951490357,,4.5974869464888,0.00833797734908586,,0.000190768584705586,,0.565952478977737,,,,
1436918400,285.922885447107,,4.17949523084959,0.0084200915840703,,0.000188689586105774,,0.543136260400153,,,,
1437004800,278.532749269433,,3.60296963405731,0.00800268346455291,,0.000172929670154603,,0.5314093433331,,,,
1437091200,280.064724722385,,3.77047884119338,0.00812330156592593,,0.000177773743895837,,0.532121073645459,,,,
1437177600,277.354635300994,,4.00443491988337,0.00804948089262947,,0.000181674499612081,,0.524825202796855,,,,
1437264000,275.281989479836,,3.71030259321156,0.00809329049070719,,0.000173675246273297,,0.539983786471098,,,,
1437350400,279.114393045003,,3.93677125421763,0.00797150706536528,,0.000175425842969694,,0.549450723990107,,,,
1437436800,276.652412624196,,3.78402317605604,0.00774609308944873,,0.000173789973491385,,0.586461808828003,,,,
1437523200,277.764369082408,,3.84158795573379,0.00769062426481193,,0.000186883065623887,,0.573370951081967,,,,
1437609600,276.811628579778,,3.79756469614647,0.00762251910534808,,0.000178379484286058,,0.570954436784174,,,,
1437696000,289.305976329632,,4.62582076035024,0.00774472098634424,,0.00018893702521699,,0.565548883218411,,,,
1437782400,289.507639976622,,4.65989204409246,0.00795945165068,,0.000189006475610166,,0.563238034550605,,,,
1437868800,293.314842781999,,4.68805932648597,0.00831656830923031,,0.000189617331552499,,0.573485248028467,,,,
1437955200,294.426761835184,,4.69271665909307,0.00856579598355618,,0.000187226115514003,,0.591447327078029,,,,
1438041600,295.410125268849,,5.11638698341936,0.00844566912688515,,0.000190208571319081,,0.614813073477596,,,,
1438128000,289.85583635301,,4.8295919820613,0.00841615614694482,,0.000185641753356013,,0.582644438124014,,,,
1438214400,288.236260666277,,4.6019684508366,0.00844820480012858,,0.000187054416918941,,0.574654396406081,,,,
1438300800,284.597324371712,,4.63128791550371,0.00823139444075439,,0.000185445845435036,,0.56581221985597,,,,
1438387200,281.66884628872,,4.20775148700536,0.0081357208161128,,0.000177112613283522,,0.583851051231028,,,,
1438473600,282.423006428989,,4.20782979739474,0.00822400196255928,,0.000174805579525567,,0.617204788878204,,,,
1438560000,282.185052308591,,4.20778939400235,0.00815232616119521,,0.000177625017750981,,0.592243345634017,,,,
1438646400,285.286617475161,,4.39132341748858,0.00826177229627453,,0.000175062539636188,,0.621260865929027,,,,
1438732800,282.338886908241,,4.33367384824629,0.00819789456203082,,0.000173992551909815,,0.614706121143664,,,,
1438819200,278.99574868498,,4.05412773404694,0.00786182136525409,,0.000171695451281203,,0.73147325945254,,,,
1438905600,279.488715078901,,4.19017931647008,0.00810573040793295,,0.000171394159480379,,0.721218390084421,,,,
1438992000,261.450275569842,1.19999,3.88391490862829,0.00837894101163097,,0.000157680982087802,,0.672913710682853,,,,
1439078400,266.342020455874,1.19999,3.93367605275753,0.00881582763403259,,0.000165315300973981,,0.671916565968974,,,,
1439164800,264.928825248393,1.19999,3.95582591989324,0.00857044749678551,,0.000162522267847314,,0.660475877570003,,,,
1439251200,271.421736119229,0.99,4.14691157479458,0.00834893260302747,,0.00016539593496785,,0.611106714016165,,,,
1439337600,268.143868497954,1.288,4.05387689888393,0.00804859820751773,,0.000161330897677472,,0.6119671899219,,,,
1439424000,264.691627995324,1.8848,3.89750289630858,0.00807528752576086,,0.00015738075348735,,0.576899961759469,,,,
1439510400,266.355941554646,1.79504416247808,4.02949631955782,0.00828211865984708,,0.000158412962336785,,0.598143364190657,,,,
1439596800,261.936836645237,1.78222244301578,3.94240761607022,0.00800168089775695,,0.000152638187972734,,0.605557036205351,,,,
1439683200,258.930817389831,1.53307377556984,3.97442519700439,0.00800905327789033,,0.000148747370740497,,0.616158744519616,,,,
1439769600,258.009398305085,1.29638,4.0003813437694,0.00810075319781435,,0.000150320633413741,,0.609399702794993,,,,
1439856000,217.885883116937,1.08418656925774,3.3879804649596,0.00707570664985791,,0.000124227044108709,,0.498547850733693,,,,
1439942400,227.218251899474,1.24,3.49456852880548,0.00753608760302448,,0.000129847382568564,,0.518135069062198,,,,
1440028800,235.523883109293,1.5218,3.61996925568282,0.00783469660317274,,0.000137043060884767,,0.596962981331356,,,,
1440115200,232.80061783986,1.43588,3.57944588180853,0.00778149440666838,,0.000143228763709698,,0.5676275799222,,,,
1440201600,230.639173290473,1.4,3.55359694730939,0.0076316887563211,,0.000145493822567344,,0.547653065835144,,,,
1440288000,228.673073933372,1.35,3.42952917472349,0.00740486742000585,,0.000140682936114205,,0.542073330348532,,,,
1440374400,211.955917592051,1.23804,3.02611335051269,0.00714475637056615,,0.000129847515057622,,0.435047831982447,,,,
1440460800,222.655039450614,1.27119,3.00009256831233,0.00720126375203204,,0.000130392620994604,,0.48376530066968,,,,
1440547200,226.116700175336,1.18,2.95480228844479,0.00731719707668345,,0.00013409001809919,,0.494737265228313,,,,
1440633600,224.939877264757,1.13646,2.88647135788279,0.00742282361365258,,0.000130741169877436,,0.464711002712403,,,,
1440720000,232.17080829924,1.295,2.92586792834263,0.007525459364033,,0.000132474370003004,,0.471947613015728,,,,
1440806400,229.826200175336,1.179,2.89534586146448,0.00774917504577841,,0.000130247907413324,,0.475187540096213,,,,
1440892800,229.019572472238,1.32,2.85165117455653,0.00784328790978671,,0.000129566464535485,,0.450862889723868,,,,
1440979200,230.689466101695,1.30651,2.85194017377098,0.00768786303786772,,0.000127311664837827,,0.458382111684282,,,,
1441065600,227.955570426651,1.36,2.82417780442012,0.00782382154241627,,0.000127450545635073,,0.453372101031673,,,,
1441152000,229.502180709527,1.30828087083577,2.81525058008036,0.0076728411129732,,0.000126215830881433,,0.451683574505155,,,,
1441238400,227.107121566335,1.23357,2.63804269261599,0.00754664684427238,,0.000121312746603936,,0.447897439727613,,,,
1441324800,231.177563413209,1.23357,2.72025348651614,0.00763880022786266,,0.000124340831880569,,0.467124574106328,,,,
1441411200,235.903006136762,1.36287107188779,2.9380195395432,0.00751583144644903,,0.000130246820140481,,0.483827855580181,,,,
1441497600,240.805472238457,1.34,3.07851788539359,0.00781244637920514,,0.000130699330410432,,0.503365553825872,,,,
1441584000,240.6336157218,1.27561,3.05908613207817,0.00769836723752192,,0.00012991114858528,,0.499636618577814,,,,
1441670400,244.174952659264,1.26349378725891,3.0559067109979,0.00776907454470861,,0.000130921985847068,,0.5154251528969,,,,
1441756800,238.722463179427,1.21,2.93990636601957,0.00753408093794273,,0.000128790643315332,,0.513830683156109,,,,
1441843200,238.750477206312,1.1857,2.94506353398087,0.00756714273989188,,0.000127089209310882,,0.499113987458599,,,,
1441929600,240.845008116891,0.927715708357686,2.95550979737593,0.00760463819866226,,0.000128257891763189,,0.495969175462005,,,,
1442016000,236.351832176505,1.14639,2.86499541609452,0.00749471659831697,,0.000126740941805536,,0.466646582707575,,,,
1442102400,230.548837317358,0.88557,2.80278632499216,0.00758555287913735,,0.000122525348023664,,0.462805554685253,,,,
1442188800,230.948793980129,0.955,2.84359362782222,0.00731065019375231,,0.00012261047176214,,0.48060380506223,,,,
1442275200,230.398590005845,0.95,2.82173054026233,0.0074500574448662,,0.000124353188532861,,0.503084355299389,,,,
1442361600,229.043285797779,0.93634,2.79715544403946,0.00720335712295105,,0.000121803639778391,,0.490995952921736,,,,
1442448000,233.202697837522,0.875,2.92785076391313,0.00729458038835768,,0.000125163472517915,,0.493313371477753,,,,
1442534400,233.175130917592,0.85226,2.96914305846568,0.00730715612371669,,0.000125194371622232,,0.496568557357362,,,,
1442620800,232.241568088837,0.883689479836353,2.88710196437764,0.00731096456343659,,0.000125450149081628,,0.494508486629367,,,,
1442707200,231.362323787259,0.94116,2.8519839609093,0.007120858783882,,0.00012712641671105,,0.484595708417473,,,,
1442793600,226.773447983635,0.94116,2.79626159423753,0.00714563134596435,,0.000127509083540025,,0.479879440409198,,,,
1442880000,230.626304792519,0.80588,2.83608195929707,0.00711017945766467,,0.000125582560291954,,0.465905855983229,,,,
1442966400,230.132437755698,0.91,2.8417404647177,0.00646500499002301,,0.000121331503882347,,0.459883235901076,,,,
1443052800,234.319868497954,0.8,2.92231485650407,0.00654232672432999,,0.000123410652978316,,0.464048337639077,,,,
1443139200,235.538221800117,0.68233,2.90363651963779,0.00667279782359731,,0.000122628907293349,,0.453018302870106,,,,
1443225600,234.591814436002,0.77032,2.87661764536397,0.00642760374655458,,0.000121260975049222,,0.452432088400872,,,,
1443312000,233.243309760374,0.700769905318527,2.84930248804865,0.00642871930931485,,0.000119513653809412,,0.440359117419578,,,,
1443398400,240.017265341905,0.604208065458796,3.05858199423149,0.0059915481891512,,0.000124349143614383,,0.44762118263531,,,,
1443484800,237.336233781414,0.68163,3.00112968235805,0.00515135035690536,,0.000121059539531057,,0.432797349492272,,,,
1443571200,236.739848042081,0.713644313851549,3.01446886900104,0.005602168871401,,0.000121262453270178,0.00192578360813816,0.398769872450193,,,,
1443657600,238.229813851549,0.654722555230859,2.99924387056037,0.00541910045785759,,0.00012264922930731,0.00215206816813831,0.405526454114547,,,,
1443744000,237.937007305669,0.66467,2.98805911796629,0.00585693736035926,,0.00012118265282678,0.00208897928928483,0.410837874017988,,,,
1443830400,239.735897720631,0.6796,3.04722226750334,0.00538242511326677,,0.000122519195299047,0.00205693400244302,0.407286930341923,,,,
1443916800,239.516924897721,0.60954,3.02007485098262,0.00506371025127206,,0.00012146369416654,0.00203349869238165,0.401515199915678,,,,
1444003200,240.961213833431,0.60777,3.01241196717089,0.00490126516218508,,0.000117582622307702,0.00203669684587697,0.419375660651028,,,,
1444089600,246.940498246639,0.65114,3.14008404732695,0.00538030912317058,,0.000119588044294368,0.00211663857388816,0.411977595295683,,,,
1444176000,243.734486849795,0.6,3.06261866791244,0.0051304555336206,,0.000117657702395937,0.00204567722347267,0.39427700319304,,,,
1444262400,243.029632963179,0.633798841028638,3.06321942601056,0.00479561568275486,,0.000116809416210973,0.00203172773157218,0.389906180356601,,,,
1444348800,244.448887492694,0.635190847457627,3.09738565567122,0.00506498552065716,,0.000118598142365669,0.00213368290109074,0.391548556039109,,,,
1444435200,245.955924313267,0.635190847457627,3.11157939083657,0.00504834827139352,,0.000118133615133858,0.00211907703773799,0.389315207275377,,,,
1444521600,248.528165400351,0.59931,3.16296305971147,0.00518635809165071,,0.000121662104653371,0.002129886377481,0.383229852358731,,,,
1444608000,246.093637346581,0.63,3.14538084149139,0.00529042076596012,,0.000118377411245841,0.0020424707555572,0.397272761066304,,,,
1444694400,250.471300701344,0.601639343658679,3.18337096321914,0.00529981462289611,,0.000118962259198337,0.00211666035336374,0.385627599738813,,,,
1444780800,253.142325540619,0.483236302162478,3.15001821320055,0.00529662544577317,,0.000119696743375171,0.00204590529996485,0.398953693857983,,,,
1444867200,254.693015002922,0.559861985973115,3.0918705242318,0.00537308958569197,,0.000118527966534306,0.00192162322155731,0.393585216095945,,,,
1444953600,262.737363237873,0.525,3.11487920156586,0.00529557213640586,,0.000119251467834233,0.00191660334209003,0.409398556840829,,,,
1445040000,271.930938924605,0.52299,3.06717940728183,0.00514526966244697,,0.000120663163785391,0.00196190573083577,0.424392967360833,,,,
1445126400,263.481677381648,0.505,3.01424792088902,0.0050006878977926,,0.000117328822117882,0.00196098263396585,0.413685127481546,,,,
1445212800,264.362728229106,0.499479725306838,3.0448400894802,0.00500057860233945,,0.000116233941334582,0.00194835330704851,0.392525754076085,,,,
1445299200,270.832211864407,0.440034716540035,3.08416145473428,0.00470477039514453,,0.000116472239557603,0.00185520065127119,0.400348336991672,,,,
1445385600,268.040217708942,0.42,3.05779974097823,0.004662240319973,,0.000115753003527701,0.00190308554573349,0.396577797485843,,,,
1445472000,275.414956458212,0.546183513734658,3.12823077650504,0.00476475762067719,,0.000119061966160507,0.00195820034041788,0.401263670128429,,,,
1445558400,278.612778026885,0.56491,3.12532226078905,0.00460110293029346,,0.000114105643412009,0.00197257846843034,0.397320617814427,,,,
1445644800,283.61114289889,0.55606,3.11266992889522,0.00467901845887877,,0.000114231473937162,0.00193626432589159,0.398068240688861,,,,
1445731200,286.04969345412,0.624364857977791,3.08927898651105,0.00451182620492507,,0.000112822997862673,0.00187022666671951,0.410470048676299,,,,
1445817600,286.703382817066,0.700519544126242,3.1180850831545,0.00457021864908586,,0.000114719055208144,0.00185058973741255,0.3865828808893,,,,
1445904000,295.562913793104,0.83,3.1069088006047,0.00462077341637787,,0.000116057934473145,0.00194880884160338,0.407141717632609,,,,
1445990400,304.442097019287,0.99,3.09770389221641,0.00469192957352426,,0.00012136344878784,0.00197673043655254,0.434825330194678,,,,
1446076800,314.879462302747,1.17940672121566,3.85733726343912,0.00456184942796198,,0.000131766068238516,0.00199821310566625,0.442484370381989,,,,
1446163200,328.492321157218,1.12067336586791,3.98160659208804,0.00467253237268986,,0.000140665048441763,0.00211672119452871,0.445099921325791,,,,
1446249600,314.119508182349,0.889342571595558,3.65331305272237,0.00463123391185861,,0.000133942008636186,0.0021465645743146,0.400637837199885,,,,
1446336000,329.854227644652,0.99,3.87110969703018,0.00494124409108053,,0.000135274028451845,0.002124989951327,0.430910076125132,,,,
1446422400,364.616627995324,0.9878,4.17050384750786,0.00502008669865138,,0.000142140667333443,0.00220415866058633,0.446377924489415,,,,
1446508800,400.923105201637,1.04736265341905,4.52536022693452,0.00527060004787735,,0.000145656699749035,0.00215764513370881,0.434468890427788,,,,
1446595200,405.481681472823,0.799,3.9822853241414,0.00454395498363819,,0.000135966183787324,0.00201039429173603,0.484344686874451,,,,
1446681600,384.341222969024,0.87638,3.81392123784701,0.00439163488787431,,0.00013997195185074,0.00194476052322442,0.425444103906855,,,,
1446768000,372.975417884278,0.959652834599649,3.50366242883619,0.00446824550625365,,0.000137460798718357,0.00186321341415003,0.436965178481486,,,,
1446854400,386.504550847458,0.911850192869667,3.58078314945367,0.00462829147358993,,0.00013040873626968,0.00191706257220339,0.449890014108797,,,,
1446940800,372.400129748685,1.0,3.40430063132583,0.00452908554198555,,0.000132517682921193,0.00184338064225599,0.500244428824783,,,,
1447027200,380.495644360023,0.998,3.40255821393717,0.00448966158016546,,0.000132759978389174,0.00189106335246932,0.471413879607164,,,,
1447113600,337.830502337814,0.901914669783752,3.10142797799881,0.00448084458341546,,0.000118537151207356,0.00189491103223596,0.462340545990614,,,,
1447200000,308.922185856225,0.750047340736411,2.96097674423364,0.00423607786986375,,0.000122454786471171,0.00180637057347841,0.447234912448492,,,,
1447286400,337.522988603156,0.88,3.28607374784258,0.00446195152801807,,0.000127064247533261,0.00206651921662755,0.440422317023409,,,,
1447372800,337.278958211572,0.89998421975453,3.23649386472951,0.00439077691892178,,0.00012896064990435,0.00196633632637347,0.457254681768489,,,,
1447459200,333.047117475161,0.88,3.19177198625039,0.0043495953542256,,0.000126852917037548,0.00193633516239832,0.430386232066481,,,,
1447545600,319.928021624781,0.91,3.07598874903123,0.00416865707322818,,0.000124366362168963,0.0018648320166252,0.428592840979893,,,,
1447632000,331.132725014611,0.914427235534775,3.1991952984188,0.00428677478016173,,0.000129715139099591,0.00189296250922073,0.433781896132946,,,,
1447718400,335.849786090006,0.999284628872005,3.22145951630948,0.00421156691715281,,0.000132978770802652,0.00189233001478083,0.42867665009997,,,,
1447804800,335.744504967855,0.996753607247224,3.18380373861117,0.00424469905893541,,0.000133145497804487,0.00189553498422327,0.423298450734436,,,,
1447891200,326.232145528931,0.94,3.13271940264656,0.00418555842713618,,0.000129989953531825,0.0018301623364173,0.407193495499622,,,,
1447977600,321.940475452951,0.92,3.12434732330249,0.00421482156104238,,0.000128676766833881,0.00176862036205975,0.388786018961648,,,,
1448064000,325.905231151373,0.96,3.1437199039314,0.0042918461795089,,0.000128803547359374,0.00183280930559196,0.392922733359157,,,,
1448150400,323.716966101695,0.97,3.13249002180128,0.00425539668761276,,0.000128016418951633,0.00181648298259603,0.400400428984911,,,,
1448236800,323.012556341321,0.92,3.11897978834499,0.00425739894156481,,0.000128215614876371,0.00182179081776505,0.395276022860945,,,,
1448323200,319.961356527177,0.910014781998831,3.09511046039126,0.00428108295033363,,0.000125475940854272,0.00180184695157274,0.385975127787935,,,,
1448409600,328.960457334892,0.87,3.34151557884542,0.00431596120023378,,0.000128689234778358,0.00189152262967563,0.38864355277205,,,,
1448496000,356.255292518995,0.858832719462303,3.63938440782227,0.00426187540153544,,0.000133480779377849,0.0018575382070219,0.406099116037378,,,,
1448582400,359.268824371712,0.88,3.58747231813686,0.004195817659343,,0.000126993917787765,0.00173407722823749,0.373842681818874,,,,
1448668800,356.567322618352,0.907557786090006,3.5126410978863,0.00427577361062693,,0.000129938550684973,0.00165079833726607,0.392142700013049,,,,
1448755200,371.707612507306,0.87,3.6884179149704,0.00430809122895967,,0.000131624685305853,0.00163419481285335,0.39192202879159,,,,
1448841600,377.389839859731,0.88,3.60940062471686,0.00420369998943132,,0.000127006128239924,0.00168426659294308,0.39418957289755,,,,
1448928000,362.532375803624,0.863293395675044,3.43821965980781,0.00407434902754342,,0.000121534243395763,0.00159514245353594,0.374613133484243,,,,
1449014400,359.22240414962,0.82,3.35367202205227,0.00419930990450906,,0.000123794202467365,0.00165461912358118,0.369860324153607,,,,
1449100800,361.210068088837,0.83,3.3836594205859,0.00433994982349917,,0.000125477284341211,0.00166207294769141,0.368134557454944,,,,
1449187200,363.241631794272,0.84,3.37133335540988,0.00479115712336645,,0.000124061326133245,0.00176960771806721,0.371163692736319,,,,
1449273600,389.362958796026,0.86993,3.53960823313433,0.00520951117682169,,0.000126052150369941,0.00181325055549784,0.444645733223187,,,,
1449360000,393.319129748685,0.82499,3.4824163087975,0.00537721409330198,,0.000123519884263634,0.00186676339267849,0.440616364389306,,,,
1449446400,395.346588252484,0.78994398012858,3.64003726616784,0.00560299210317304,,0.000124684642686014,0.00185718022027945,0.423314950437475,,,,
1449532800,413.798660432496,0.79461,3.69200430638759,0.00708802279483868,,0.000129293592251555,0.00230241831155829,0.431523756041037,,,,
1449619200,417.632671244886,0.80511,3.66516387786643,0.00843819611686995,,0.000134497027413966,0.00234709561239626,0.450334590859541,,,,
1449705600,415.729924313267,0.84374,3.64823420316739,0.00773351374612395,,0.000133937272044125,0.0022781999852367,0.431919231402809,,,,
1449792000,453.86148012858,0.899800105201637,3.86762743855617,0.0087859531883155,,0.000141625259945217,0.00213211152104104,0.463162823930482,,,,
1449878400,435.85572238457,0.96,3.60991432334664,0.00855208688716816,,0.000132240103648504,0.00200929488019287,0.442597045781511,,,,
1449964800,434.403466393922,0.91994,3.58088169628764,0.00856533270336153,,0.000130876954488613,0.00202858015054354,0.452014857503653,,,,
1450051200,442.991689655173,0.99,3.58603549972564,0.00699201150364639,,0.000134542246234777,0.00201477591489913,0.529255220079413,,,,
1450137600,464.617871712449,1.0,3.79850112350388,0.00612444506304196,,0.000136670863505093,0.0018398867719813,0.549550016217557,,,,
1450224000,454.142492402104,0.8671,3.67259904529297,0.00669699036662982,,0.000134414100905082,0.00181913804441847,0.522240987142279,,,,
1450310400,456.240134611338,0.94,3.72910260525794,0.00651494459848425,,0.00013819097701568,0.00184321014382981,0.512058845613014,,,,
1450396800,463.175769725307,0.9,3.74230898109219,0.00625111628838706,,0.000140689599448355,0.00183880780580947,0.497207112933424,,,,
1450483200,461.399907948568,0.893520944476914,3.70804797831598,0.00614406481560974,,0.000139158508870777,0.00182982088754302,0.479857247746547,,,,
1450569600,442.15399006429,0.96,3.51385443511978,0.00611389786458327,,0.000130853935769672,0.00172882210115137,0.502855975336763,,,,
1450656000,437.640129456458,0.91,3.43397662595305,0.00604736246489357,,0.000131936349465868,0.00178557172818235,0.492744323953193,,,,
1450742400,435.268379018118,0.88,3.38461079916277,0.00599692624595021,,0.000129741877972957,0.0017134762587927,0.474408852998751,,,,
1450828800,442.665727060199,0.87093,3.56556351448621,0.00589179958986073,,0.000135733626872009,0.00175295627915839,0.47169844671074,,,,
1450915200,455.878713033314,0.87,3.63293868828068,0.00599024628925775,,0.000139359538107004,0.00178345374421067,0.484953797282498,,,,
1451001600,455.718825832846,0.865924904734074,3.61394181562587,0.00656408074602861,,0.000138688742467428,0.00175549319906487,0.486449205544909,,,,
1451088000,418.221531560491,0.853,3.44971814312154,0.00607245711147344,,0.000136855968810399,0.00167278713166553,0.440298893308527,,,,
1451174400,422.705894506137,0.86893,3.48925301897372,0.00637476657321423,,0.000140613128160064,0.00174198408501339,0.449612512876386,,,,
1451260800,421.052879602572,0.842445938047925,3.45469392931355,0.00627742299702315,,0.00013266187641649,0.00171733934868452,0.445656630906898,,,,
1451347200,431.340021332554,0.86,3.49350894321525,0.00610903443677767,,0.000136295707326327,0.00175138342628995,0.448550580955861,,,,
1451433600,426.043646990064,0.896515517241379,3.45831934498963,0.00615065044905019,,0.000134652277394111,0.00179364375382817,0.441978509687049,,,,
1451520000,429.677153419053,0.94884,3.47202529643109,0.00595504760066529,,0.000135994602054085,0.00175776604090831,0.452311753306466,,,,
1451606400,434.678006428989,0.92037,3.52111320708616,0.00592817167806127,,0.000137061774734364,0.00175609914597312,0.512542222973338,,,,
1451692800,434.439877264757,0.94999,3.50463782974134,0.00609993476928532,,0.000136799518636883,0.0017806372776585,0.532818696825519,,,,
1451779200,430.136180011689,0.957062928112215,3.47833222213821,0.00592268056427646,,0.000135978993324179,0.0017518358073209,0.491133407191089,,,,
1451865600,433.44897106955,0.95,3.49811075886427,0.00596753163563596,,0.000135075973918343,0.0017641508440678,0.501160918504636,,,,
1451952000,432.669502630041,0.9426,3.47838365977565,0.00605275300653825,,0.000137504289787504,0.00170039114533606,0.50095458522102,,,,
1452038400,430.677869666862,0.95,3.46034818600027,0.00593813159392426,,0.000135891352755602,0.00165285155117046,0.503129369151388,,,,
1452124800,459.208940093513,0.939947483343074,3.6215707409722,0.00597695325749247,,0.000140259439414581,0.00173345470386948,0.490671336273968,,,,
1452211200,454.134423728814,0.985,3.57683315697987,0.00585613956965787,,0.000154765720392955,0.00174387618711864,0.488555964924727,,,,
1452297600,449.845216247808,0.969910045587376,3.56682760929651,0.00598712801269639,,0.000180608936910449,0.00176160438337151,0.49031284599995,,,,
1452384000,448.580216247808,1.0,3.55008203440853,0.00596729823346254,,0.000168505527119524,0.00176292024985389,0.490252235819572,,,,
1452470400,449.033059029807,1.07090673290473,3.56779782474371,0.00586096424348425,,0.000173409074765029,0.0017179847375105,0.483221109252959,,,,
1452556800,441.768157218001,1.17745,3.50758612127601,0.0058003900849762,,0.000178696846210339,0.00173271902256547,0.487158181904425,,,,
1452643200,432.310645236704,1.13743,3.47092904072516,0.00570992388178393,,0.000179802393733388,0.00180177551445865,0.481295619923817,,,,
1452729600,429.823224722385,1.16592069608416,3.45390875005538,0.005634249942783,,0.000172347456890633,0.00181497918554853,0.487981574286739,,,,
1452816000,367.823199883109,1.29089104734074,3.03583933651544,0.00510884002685712,,0.00014679510043003,0.0016523544683455,0.428366092855434,,,,
1452902400,388.071204558738,1.21179,3.08765152502173,0.00501979674461328,,0.00015728076837782,0.00176255976018422,0.491719512390419,,,,
1452988800,382.482086499123,1.31093687901812,3.01886315166189,0.00532334264786578,,0.000150772516028087,0.00168945511917375,0.43963105921961,,,,
1453075200,384.865166569258,1.46624418176505,3.0317041624824,0.00526689847417231,,0.000148437928548871,0.00168109554629067,0.493794043223929,,,,
1453161600,378.161725014611,1.35304659848042,2.9833308659349,0.00521026097108521,,0.000145535241497631,0.00184213627152484,0.536704748311996,,,,
1453248000,420.622924168323,1.45662153009936,3.39319910138889,0.00544614597173552,,0.000166591753095299,0.00182233714181788,0.535642772151349,,,,
1453334400,409.298459672706,1.49593,3.21973946775731,0.00525895917095978,,0.000164549678447503,0.00171242007283067,0.552233796936212,,,,
1453420800,381.046459380479,1.52,3.05351989532138,0.00507975729717918,,0.000165567548346583,0.00173311755306016,0.530751930541536,,,,
1453507200,386.370602571596,2.01225053594389,3.0850812440076,0.00504139094604963,,0.000171526462769765,0.00165670475459275,0.615601744264144,,,,
1453593600,403.446926651081,2.1013847849211,3.18524481565094,0.00510675857238667,,0.000188995467336844,0.00167816708380102,0.62542321241704,,,,
1453680000,391.986097311514,2.53372158971362,3.10513927582217,0.00509636153921235,,0.000209446258940962,0.00171170466041649,0.576469723718359,,,,
1453766400,391.142935125657,2.38058670368206,3.12219883912115,0.00550089181877231,,0.000334469318549766,0.00179872050873489,0.587726723810912,,,,
1453852800,394.62753037405,2.40130981823495,3.2925672171074,0.00675775313092005,,0.000447887670434559,0.00198590642413008,0.606025986417986,,,,
1453939200,378.900995616599,2.54645331911163,3.08231313757529,0.00610697278247986,,0.000339770997355665,0.00192915260635429,0.564660971264314,,,,
1454025600,378.99999482291,2.48763545119813,3.08940242395055,0.00694002218866019,,0.000315110873661729,0.0018938935422185,0.513910328933589,,,,
1454112000,377.262779076564,2.44067,3.06044995443519,0.0065091299281516,,0.000252180654220661,0.0018108613395675,0.508820575436802,,,,
1454198400,366.341687609585,2.24267177966102,3.01264401187473,0.00635778569240029,,0.000263807787880335,0.001648200371474,0.483543905941407,,,,
1454284800,371.22343509059,2.16739736703682,3.04231044169548,0.0066049364500271,,0.000259633627109789,0.00177956790904995,0.491016869625332,,,,
1454371200,372.927631209819,2.44653,3.04358625539438,0.00674003768685196,,0.00025824830878188,0.00180614061011973,0.495055576055713,,,,
1454457600,368.098206604325,2.53,3.02726617871038,0.00682480041995638,,0.000263093998012622,0.00182325194629257,0.491495916848339,,,,
1454544000,389.723081239042,2.55007,3.16129547054834,0.00682151692747992,,0.000284683577066302,0.00178985598051041,0.507036443386074,,,,
1454630400,384.398413983051,2.56451,3.10660655567216,0.00730649722472776,,0.000296072229343664,0.00177207668846186,0.492459096359068,,,,
1454716800,374.631555523086,2.54902,3.06135166055853,0.00809855813019023,,0.000301642468352218,0.00182837496519513,0.477359119343117,,,,
1454803200,375.153917592051,2.89807110052601,3.06142928624921,0.00778962775501089,,0.000276406697124794,0.0017561222379725,0.478679956537533,,,,
1454889600,370.814350327294,3.18377219345412,3.02397866995118,0.00755192617131768,,0.000280341001924262,0.00181796774075335,0.478376708189761,,,,
1454976000,373.5116128609,3.89347676504968,3.03615975235215,0.00761755169901576,,0.000284906068178099,0.00178768683568606,0.464922164921132,,,,
1455062400,379.082611630625,4.37768284453536,3.05378683898534,0.0076063023508401,,0.000290200833173055,0.00182602365884324,0.470547821580523,,,,
1455148800,377.639165108124,5.87194032261835,3.0343716137361,0.00761339339495588,,0.000280750529162919,0.0018805697656734,0.527075013173199,,,,
1455235200,382.294456458212,5.47040384395091,3.06769089848976,0.00778168387377842,,0.000292331700549724,0.00223024218047335,0.600936463202952,,,,
1455321600,389.598432472238,5.21879062419638,3.09936836904349,0.00814071298422225,,0.000284317801381566,0.00224617978178986,0.804358750334491,,,,
1455408000,406.150669491525,5.15584398305085,3.17923383075246,0.00849969285521914,,0.000292799572239402,0.0021240597578958,0.838457067993422,,,,
1455494400,399.26761864699,5.15268737580363,3.13099025702717,0.00835358842689054,,0.000287566691831544,0.0022132253507875,0.7798004368938,,,,
1455580800,407.035309468147,4.26236679544126,3.17944174315816,0.00821348652920676,,0.000285370052746537,0.00267050573417776,0.938073237383824,,,,
1455667200,415.324113383986,3.81098028872005,3.21345975789393,0.0077459959441204,,0.000272222017615596,0.00202870002893517,0.72549249400477,,,,
1455753600,421.289662981882,4.366827735827,3.22202122479963,0.00801408196555094,,0.0002706443340526,0.00212120748789507,0.77299726069267,,,,
1455840000,419.626528541204,4.58564058328463,3.21601754625152,0.00819124104705579,,0.000289351277748322,0.0022035535687223,0.818428802186954,,,,
1455926400,440.195760081823,4.35048920105202,3.46217158640306,0.00797233704333583,,0.000288819706179294,0.00205780506512401,0.815725439075785,,,,
1456012800,438.718612681473,4.62442860549386,3.4457633482048,0.00798135387397601,,0.000283644813887827,0.00212753373266292,0.770862159968031,,,,
1456099200,437.535295094097,5.59370853594389,3.46613965277394,0.00803941978335572,,0.000280900625791394,0.00194970279293025,0.776914281883488,,,,
1456185600,420.032592609585,5.60993619696084,3.38830267573896,0.00796460106749107,,0.000276381053153853,0.00187827479288071,0.751515139897205,,,,
1456272000,423.995112507306,6.23428100935126,3.35026637147126,0.00807878354488967,,0.000274245292245111,0.00190397223130118,0.795619274147135,,,,
1456358400,424.090870251315,6.07227434482759,3.35905796992693,0.0080987674268242,,0.000266858275411498,0.00190844237742109,0.801727895105834,,,,
1456444800,431.762241963764,5.87555043717125,3.40839734252583,0.00803476828386582,,0.00026218897147808,0.00191854649917214,0.813759741658295,,,,
1456531200,432.947845996493,6.31073388778492,3.41013105866148,0.00787831096145848,,0.00025002477477261,0.00203124377232016,0.828915982347672,,,,
1456617600,433.102262711864,6.49883606838106,3.42225741343847,0.00777622835983933,,0.000250309921309021,0.00194462915957627,0.867586286175076,,,,
1456704000,437.775872589129,6.33325343074226,3.42553565714836,0.00801762741284884,,0.000247487519343435,0.00189119176958504,0.866380630792367,,,,
1456790400,432.807867153711,7.52637569959088,3.40799646157701,0.00803510891435143,,0.000245569922336378,0.00186387177605411,0.842077571034196,,,,
1456876800,423.079789392168,8.51878790765634,3.35085967445364,0.00789695290747143,,0.000238153566885635,0.00182458265310762,0.820975556257114,,,,
1456963200,419.268821332554,9.28491024430157,3.27994981281922,0.00795649970864078,,0.000243460926054992,0.00185013602641194,1.07709425046393,,,,
1457049600,407.990154295734,9.97869814319112,3.20440057776536,0.00814913835204507,,0.000233068178939486,0.00190579306919929,1.12171862483698,,,,
1457136000,397.314453945061,10.7510062758621,3.14671210011869,0.00758851972035109,,0.000217442700201781,0.00173807007520008,1.18367877673967,,,,
1457222400,403.705187463472,10.9844067209234,3.17164055796192,0.00767736017580719,,0.00021666376079439,0.00189209566551093,1.21337611336277,,,,
1457308800,413.22936616014,9.47688401578024,3.24798490983591,0.00775912424476494,,0.000229814263635213,0.00240070804883732,1.03913732497895,,,,
1457395200,411.425953243717,9.7728496277031,3.22590439653628,0.00787972796393976,,0.000217955856380903,0.0022158132216322,1.17398113438144,,,,
1457481600,412.540703506721,11.8170986516657,3.26148426499066,0.00797528534347739,,0.000223543245353815,0.00227724324889431,1.22157404231176,,,,
1457568000,416.340928696669,11.1656511233197,3.26934755036061,0.00823409669946184,,0.000241177929375659,0.00232433066549534,1.08375118218983,,,,
1457654400,419.511934248977,11.122905396844,3.35980301454669,0.00870415252663595,,0.000241791170935102,0.00258537310113131,1.0833815070364,,,,
1457740800,410.264163296318,13.283658818235,3.26338116763932,0.00842712539975217,,0.000236944722576033,0.00219023156247904,1.15826540004289,,,,
1457827200,411.805882466394,14.3400544862653,3.26138254287988,0.0085371877025239,,0.000239780918724567,0.0020958329685631,1.23068638723216,,,,
1457913600,415.026957276446,12.311385849211,3.27875265080114,0.00826592817739341,,0.000234404363214859,0.00207403779081573,1.1142966801721,,,,
1458000000,415.266400292227,13.0422990222092,3.2977567094451,0.00817173964450634,,0.000231574084775491,0.00217140980433435,1.13812411396998,,,,
1458086400,417.024118468732,12.7028209514904,3.29706039226237,0.00813525093236972,,0.000229576140005886,0.00211400981019169,1.15289222412487,,,,
1458172800,418.605363822326,11.0503306107539,3.29049125709356,0.00820930942409202,,0.000221158853129506,0.00213704937513156,1.29317753348667,,,,
1458259200,408.901587405026,10.8461398468732,3.16485580233303,0.00810467035821806,,0.000211456585137124,0.00199639496549904,1.14509136823209,,,,
1458345600,409.124429865576,10.5016330590298,3.16866776193834,0.00794106309958816,,0.000217884176744971,0.00204457052498974,1.20925322120311,,,,
1458432000,412.056953828171,10.2405717878434,3.18990962817508,0.00786266753399589,,0.000211368046267208,0.00204612118435503,1.48809325536349,,,,
1458518400,411.601774050263,11.8347655233781,3.19303683304027,0.0080370640988681,,0.000211058107369911,0.00206760489290875,1.4678069792903,,,,
1458604800,416.581653828171,11.2960089403857,3.22260085177707,0.00814498258311254,,0.000215354430235358,0.00207874245260257,1.36838842033239,,,,
1458691200,417.378299532437,12.4052275651666,3.23460559678016,0.00834710738678953,,0.00021308351389968,0.00211413451840548,1.45903619585466,,,,
1458777600,413.560239918177,11.167820943308,3.18858792317047,0.00814345287389445,,0.000210138465979833,0.00207698218857572,1.67443659558487,,,,
1458864000,416.373243834015,10.6561121274109,3.22365970783674,0.00808942251671945,,0.000216467436442523,0.00209069547342653,1.60157957192627,,,,
1458950400,416.823096668615,11.0021322945646,3.22728521145782,0.00803847337190641,,0.00021128136682839,0.00206404609681487,1.68788355825052,,,,
1459036800,425.454959848042,10.3864397071888,3.29432229413328,0.00792466979610186,,0.000215804307531661,0.00200277414559243,1.5211395703113,,,,
1459123200,422.917446814728,11.6568222752776,3.25272541472074,0.00731154265413537,,0.000214008339692515,0.00211606386109133,1.48245758328521,,,,
1459209600,415.863828755114,11.6889505213326,3.22240567371241,0.00748759007740145,,0.000257261555356884,0.00205412669149593,1.49420008104374,,,,
1459296000,412.777697779076,11.8662580976037,3.20887743024954,0.00707688690139826,,0.000230443993945026,0.0020128309515473,1.43830500146184,,,,
1459382400,415.956811221508,11.3805020005845,3.26104681020341,0.00745605793132617,,0.000230956360663934,0.0019916481318624,1.40428253311516,,,,
1459468800,417.20066025716,11.634682565751,3.25357511659609,0.0073655757340605,,0.000223190624802888,0.00202886802442346,1.45372037360137,,,,
1459555200,419.763056691993,11.6253264757452,3.26457590092862,0.00750464831086484,,0.000225543768733065,0.00207246564503744,1.54988150825472,,,,
1459641600,420.073578901227,11.6097399362946,3.25690648047294,0.00742804815950567,,0.000219595697543362,0.0021736868151579,1.54474374731621,,,,
1459728000,419.540727878434,11.1254464348334,3.23760998099634,0.00740868761335578,,0.000219006806847595,0.00227787247481492,1.58638329155436,,,,
1459814400,422.50136440678,10.4364448877849,3.25291900580834,0.00733958900313003,,0.000215341241146745,0.00214612049721208,1.50600288058877,,,,
1459900800,421.907191233197,10.7240740794857,3.25584570862205,0.00710507614778863,,0.000215772362613138,0.00213513544007309,1.50406453789081,,,,
1459987200,421.467220046756,10.0923154412624,3.24224636456172,0.00675616165943871,,0.000211088100658311,0.00214491787161198,1.50449106874579,,,,
1460073600,418.643460549386,9.71449246171829,3.2153052795316,0.00664284798762774,,0.000210337081356175,0.0021621053166241,1.28787138282997,,,,
1460160000,418.758635359439,9.10883037872589,3.23273714071059,0.00607518140776879,,0.000206218632250872,0.00201086379280819,1.14327200317848,,,,
1460246400,421.954488544711,8.87182292402104,3.24427879909185,0.00590666270590708,,0.000205542909430671,0.00186029894148929,1.09595677481542,,,,
1460332800,423.273044009351,8.69525671537113,3.24975697794537,0.00602386289479737,,0.000213008733137239,0.00190131307506216,1.02023383964903,,,,
1460419200,427.427664582116,7.4949641735827,3.28612991638638,0.00588358377132329,,0.000232877380511644,0.00187480865321197,0.945431279001769,,,,
1460505600,424.87251811806,8.04542446054939,3.2526383028514,0.00584875262199322,,0.000230503447631641,0.0018422450036957,1.03257306804666,,,,
1460592000,425.8565949737,8.45583827527761,3.25675755375181,0.00634516395664442,,0.000233466880698183,0.0018714996079293,1.01013797003737,,,,
1460678400,430.724418760959,8.21057201344243,3.29312874948592,0.00638477029149509,,0.000235736582036875,0.00186668159200303,0.987875064888819,,,,
1460764800,432.216313033314,8.57401139099942,3.29002817109578,0.00654141934400567,,0.000232388817948628,0.00191588229524165,0.981308960223912,,,,
1460851200,429.339968731736,9.33850245178258,3.27157722138663,0.00655452176925883,,0.000227121483328709,0.00188627290821261,1.0326821186949,,,,
1460937600,429.656933664524,8.98708852425482,3.26362245454072,0.00708440073631538,,0.000223136615643474,0.00190338021613384,1.11081252840013,,,,
1461024000,437.568726183518,8.74754864932788,3.31410238236476,0.00711313332437039,,0.000224200267065313,0.00191655102068381,1.12130796244259,,,,
1461110400,442.661653302163,8.50508721332554,3.29671385733838,0.00737592831820092,,0.000227710716834755,0.00190081630437218,1.06094135507522,,,,
1461196800,452.164702805377,8.15181716540035,3.37066107569017,0.00720144910410042,,0.000229831010847045,0.00185163718514433,0.981181341480737,,,,
1461283200,448.134421332554,7.90673911747516,3.36252216794959,0.00735281515066896,,0.00022734634458892,0.00191353397909001,0.989371387834418,,,,
1461369600,453.914722969024,8.41247736469901,3.3588785543526,0.00738226026951316,,0.000230218384604138,0.00193821586707773,1.04240610449256,,,,
1461456000,463.382871420222,8.00785114552893,3.70729558157387,0.00725098104793816,,0.0002283538332374,0.00194241082320694,1.0320168634889,,,,
1461542400,465.31600666277,7.51964895265927,3.85853011366558,0.00721878960344161,,0.00022657193648071,0.00185553908962229,0.965922771252176,,,,
1461628800,469.60876452367,7.43243647223846,4.08844940725923,0.0069281092842449,,0.000235456482474361,0.00181999717398754,0.896391896455801,,,,
1461715200,445.741113091759,7.79292508533022,3.90623349710198,0.0065122776622706,,0.000224140723331964,0.00181939043697009,0.94855150529717,,,,
1461801600,451.060061776739,7.25401684395091,3.81420631471924,0.00665774405257444,,0.000228667864083758,0.00192474525285726,0.907644784959095,,,,
1461888000,457.009965225015,7.4498408755114,3.84212629135239,0.00683398946291345,,0.000230961404498064,0.00187831095707481,0.888846439584395,,,,
1461974400,449.900484511981,8.81711589421391,3.66755484891188,0.00679426196289244,,0.000226196211540538,0.00188966486291795,0.921884171016812,,,,
1462060800,455.010731151374,8.77974883343074,3.72755624230189,0.00674361059860116,,0.000229726754026566,0.00188691806698163,0.919290390836116,,,,
1462147200,444.933061192285,10.0712527831677,3.67960596430809,0.00660374824271337,,0.00022754043176702,0.00185801809986671,0.969167126456863,,,,
1462233600,451.628850379895,9.36254626475746,3.76670244565333,0.00645526762377244,,0.000228602593247553,0.00186938683591066,0.923743221153633,,,,
1462320000,448.367967562829,9.37736405669199,3.75773461573446,0.0062579199405193,,0.000226954667216738,0.00186756238395144,0.916906627671272,,,,
1462406400,449.336072472238,9.76751992986558,3.72512338384583,0.0062417494424606,,0.000222041035300903,0.0018635295762669,0.909713971231928,,,,
1462492800,461.693862361192,9.37613761835184,3.84238303392333,0.0064670751827876,,0.000224939921144616,0.00182887354651629,0.883123851727474,,,,
1462579200,461.361842489772,9.38955362945646,4.02329019169594,0.00648917969933913,,0.000223552840331735,0.00180751889647782,0.885141433765338,,,,
1462665600,461.378872296902,9.50255639976622,3.96719572790812,0.00638911422095652,,0.000224363880574903,0.0018207938330606,0.85356212274808,,,,
1462752000,463.462231677382,9.35556831794272,4.1123272101011,0.00641778174108659,,0.000222290517489328,0.00180286808122502,0.832943507096808,,,,
1462838400,451.079668322618,9.39206859146698,3.82474829620881,0.00618541215650417,,0.000220587448673618,0.00176526429578844,0.829715421233288,,,,
1462924800,453.896305260082,9.93194304792519,3.88726357013785,0.00613207647767677,,0.000223395478924796,0.00178835144272472,0.860500719148502,,,,
1463011200,455.607255932203,10.0866100637054,3.87825552897276,0.00616100357286329,,0.000233995945683958,0.00179053651581356,0.871963170023378,,,,
1463097600,457.241902688486,10.6019870642899,3.95974127197866,0.0060863290618311,,0.000236036501056518,0.00176954059418337,0.849800518282101,,,,
1463184000,458.119524839275,10.2316977346581,4.03314243599803,0.00612189779885349,,0.000233221581506864,0.00179419231970994,0.843531581180106,,,,
1463270400,460.85772063121,9.98070815254237,4.10133578383654,0.00603468620453465,,0.00023315411591559,0.0017764672591224,0.830917021233374,,,,
1463356800,455.224077323203,11.114176936879,4.0218897808392,0.00598073073518438,,0.000228043251065647,0.00170630488874853,0.81557057726914,,,,
1463443200,453.545777030976,12.1861296873174,3.97656074427082,0.00591402937763681,,0.000226825386903063,0.001683470738046,0.814432187864919,,,,
1463529600,454.486184102864,13.3669491794272,4.00716187137876,0.00600937012369526,,0.000227334653353396,0.00170884175524709,0.840335673830191,,,,
1463616000,437.724187142022,14.4955469053185,3.81386203821912,0.00610053948320686,,0.000221866273207008,0.00163031256112645,0.852464691000038,,,,
1463702400,442.396799240211,13.6553194693162,3.87252883999354,0.0060286376262657,,0.00022450537387051,0.00162990797049167,0.937639810789231,,,,
1463788800,444.078207188778,14.0069761648159,3.97578135381562,0.00595342067503647,,0.000228260961110521,0.00162468386919182,0.977120776335139,,,,
1463875200,440.558668848627,14.2251007592051,3.94116287093199,0.00594876611824179,,0.000222858829891599,0.00163080168250276,0.936119332606682,,,,
1463961600,444.205057276447,13.3380535230859,3.98145632819618,0.00588265118920434,,0.000224239334099602,0.00157215670812821,0.904605664526557,,,,
1464048000,445.674454938632,12.7534579099942,3.95170546806803,0.00579006837341701,,0.000222751218290461,0.00159575158185038,0.900894537267308,,,,
1464134400,450.54952717709,12.5230016165985,4.03098536353335,0.00564378613787372,,0.000222075229964953,0.0015315057935132,0.869779196136307,,,,
1464220800,454.43372238457,12.5269520222092,4.09849413782618,0.00574604749618001,,0.00022505236495386,0.00147701238316807,0.862759682062303,,,,
1464307200,471.820117299825,11.2072346171829,4.44577970214468,0.00550686104600549,,0.000223888021394587,0.0014202678983197,0.855476129748717,,,,
1464393600,530.910597895967,11.8741358088837,4.54987967743778,0.00545871416516466,,0.000218229187743741,0.00138878206861119,0.917208061933378,,,,
1464480000,527.54971244886,12.382008962595,4.50898107406016,0.00576171249989712,,0.00022257496573704,0.00143979693841373,0.889018063911178,,,,
1464566400,533.493149035652,12.6808595523086,4.57612782033687,0.00568485653763226,,0.000231737856088469,0.00145454209997639,0.904060454501123,,,,
1464652800,530.943692811221,14.0467417369959,4.6292846220459,0.00559404353835758,,0.000226713049923967,0.00153187433606969,0.927732325024238,,,,
1464739200,537.613678842782,13.9132192115722,4.72533015668994,0.00577270150150057,,0.000231923273266534,0.00150028151100418,0.913788220512895,,,,
1464825600,538.771243191116,13.8279425201636,4.71965872032083,0.0057369769518799,,0.000229798640901702,0.00150999001147739,0.929848583881028,,,,
1464912000,570.175988252484,13.8905734938632,4.90322858592895,0.00579009383932555,,0.000236962108221243,0.00151957765917442,0.945960479215732,,,,
1464998400,574.26620163647,13.7240073641146,4.84388417222902,0.00578515133827947,,0.000240258412339713,0.00151994435538394,0.97898593780073,,,,
1465084800,575.137638047925,13.932690873758,4.82740964882535,0.00576729905422367,,0.000239075842008151,0.00149282839619736,1.00336358105565,,,,
1465171200,585.857149035652,13.9915409222677,4.9656849531743,0.00572391302930544,,0.000236551962225852,0.00149570151923879,1.00376587586343,,,,
1465257600,578.469240677966,14.5364203635301,4.79392713047355,0.00584602738879957,,0.000239796968873982,0.00149240499901608,1.00281103983833,,,,
1465344000,583.097585330216,14.5036702378726,4.7765943296392,0.00578766850382899,,0.000242248556372657,0.00146940591503214,0.996403058740304,,,,
1465430400,577.101699707773,14.4792054728229,4.74392323151945,0.00578301774428732,,0.000262790274575818,0.00154086153821975,1.12162890004675,,,,
1465516800,579.814993571011,13.9494789590883,4.86824558604988,0.00571417842411927,,0.000258959879975526,0.00157638616179923,1.14979267177939,,,,
1465603200,605.44955698422,14.2295804792519,5.04641416020519,0.00576563491387647,,0.000259900227292357,0.00159417309968173,1.1493709764839,,,,
1465689600,670.39237434249,15.7741600157802,5.27321970553935,0.00564813215740824,,0.000263795559534472,0.00159553385093513,1.25714763946055,,,,
1465776000,704.321778141438,17.6730242136178,5.29318101338303,0.00589007384517849,,0.000287073900204072,0.00154631808756352,1.28228446480583,,,,
1465862400,684.948319403857,18.7374935756867,5.17110280635965,0.00723913992464733,,0.000311099723628794,0.0017521736617636,1.37566199292751,,,,
1465948800,695.001468439509,18.4093292127411,5.24915493373853,0.00657449088979768,,0.000314418664322034,0.00165978130349261,1.46214098434031,,,,
1466035200,767.420031268264,20.728866373758,5.70298480109716,0.00664002355357293,,0.000330958432816172,0.00168488121890122,1.55936260902454,,,,
1466121600,750.014633927528,15.4545176265342,5.61473608011102,0.00654292997111789,,0.000314489771475297,0.00164264645731324,1.77680015419571,,,,
1466208000,758.28878012858,11.2595861858562,5.57856738991968,0.00651977889752862,,0.000321509922292018,0.00172895425994757,2.00709462216942,,,,
1466294400,766.767132670952,12.3184533749269,5.58320198746064,0.00678280009675891,,0.000334080058785936,0.00182735799653418,1.87354061889716,,,,
1466380800,722.497452367037,11.6931481367621,5.17726598476468,0.00640637097535422,,0.000314031174093974,0.00171430699133591,1.75626816881585,,,,
1466467200,669.604204675628,13.0507380344828,4.88287332397308,0.00587779940598175,,0.000305359045824087,0.00168659249601421,1.6174437131244,,,,
1466553600,594.832974634716,13.2261549602572,3.94361688262005,0.00674723632137665,,0.000266271679398642,0.00161940374448137,1.51208462270206,,,,
1466640000,627.677855639977,13.7982121712449,3.9040915037749,0.00628778144472485,,0.000286991722561923,0.00164088674914913,1.56573027811209,,,,
1466726400,664.126985680889,14.3846063056692,4.31720454269912,0.00652191020683065,,0.00028460121725696,0.00181450205465695,1.57798659780417,,,,
1466812800,668.872684102864,14.348954899474,4.28051610418624,0.00640491450531616,,0.000291101972925433,0.00181269774879448,1.55608361650162,,,,
1466899200,630.4342421391,13.8508364576271,4.08807039324477,0.00644634672116915,,0.000280936310369967,0.00208394368138463,1.48320893589182,,,,
1466985600,652.244807714787,14.0692094097019,4.17194694615498,0.00635648779762556,,0.000289113553147108,0.00299763288955786,1.47725825764733,,,,
1467072000,647.218768381064,12.1880433097604,4.09836943715598,0.00689221148140928,,0.000297472450969062,0.00236439758937658,1.47750504775141,,,,
1467158400,638.586345645821,12.7123285505552,4.0506166903977,0.00679721793901153,,0.00029706977083596,0.00201662656807378,1.54187093966297,,,,
1467244800,674.284814728229,12.4567760923437,4.20129638523495,0.00662904475230838,,0.00030952185307945,0.00212314987688389,1.59704210427692,,,,
1467331200,677.512385739334,12.2765263693746,4.2900667711269,0.00682777421207332,,0.000302080875410794,0.00204893842140113,1.66954018633298,,,,
1467417600,702.739316773817,12.1115057475161,4.62105081914558,0.00660513226780064,,0.000309359277738082,0.00203416212289372,1.7447467919142,,,,
1467504000,662.55008591467,11.808243704851,4.31072577915366,0.00660090402603314,,0.000282246104261805,0.00196294654922209,1.70906542578014,,,,
1467590400,679.842453360608,11.4185644190532,4.52916310413178,0.00671992955044491,,0.000288692376065751,0.00192174336369404,1.70267058663519,,,,
1467676800,668.165981297487,10.5196850140269,4.42840963853468,0.00659416794908602,,0.000286922304881843,0.0018520077056079,1.73142432186416,,,,
1467763200,677.651333138515,10.5590482302747,4.49576349575123,0.00652548331605697,,0.000285022051785505,0.001855606189825,1.95545499878474,,,,
1467849600,640.053236119229,10.1132561992987,4.12981300515237,0.00648354550773448,,0.000276411684739371,0.00178281909750903,1.89643282809451,,,,
1467936000,665.051708357685,11.3497097738165,4.26133489115148,0.0066234812351686,,0.000276178016918746,0.00186844897607122,1.9609167019461,,,,
1468022400,651.941914026885,10.9529740350672,4.15510522302273,0.00653799586503593,,0.000271849947581483,0.0017756965917225,1.95681069047564,,,,
1468108800,649.959340970193,10.9615454120397,4.1290648979302,0.00651908915096276,,0.000269696146057368,0.0018298589089997,1.90902458541644,,,,
1468195200,650.272594681473,10.5665038094681,4.14240957959981,0.00627921840076177,,0.000271040838491466,0.00179458513750926,1.98813973305257,,,,
1468281600,670.023127995324,10.5533483343074,4.20813122999801,0.00638378339005413,,0.000268915720827986,0.00196919503619786,1.99592939250318,,,,
1468368000,658.333613383986,10.4472725622443,4.15536127112051,0.00642091395779157,,0.000263243063959215,0.00214605407383638,1.93876869406011,,,,
1468454400,660.905960198714,11.5363697253068,4.16378688050704,0.00639464332210259,,0.000260014735315595,0.00204326358762791,2.01214747566087,,,,
1468540800,666.758671127995,11.9935055680888,4.17537042813766,0.00649883052027587,,0.000264509867495239,0.00198268621040481,2.00209417426189,,,,
1468627200,665.275622150789,11.7186658790181,4.17130196433108,0.0067080936611235,,0.000264318553905978,0.0019715713294208,1.99235998842914,,,,
1468713600,681.089601987142,11.256689301578,4.21165649936925,0.0065603545626467,,0.000265187869156644,0.00192227409400865,1.99665397872858,,,,
1468800000,675.118579193454,11.082677006429,4.17891513088056,0.00653468974450588,,0.000250540687238363,0.00199518413192484,1.95722822794108,,,,
1468886400,674.660360315605,11.6756251139684,4.15808315876452,0.0064407163022807,,0.000249182905921465,0.00191241883368509,1.90954269900015,,,,
1468972800,667.305364874343,12.5035100672122,4.13279633792479,0.00639003037206109,,0.000246348041225786,0.00187691821651536,1.77166475362782,,,,
1469059200,666.851739333723,12.7455916423144,4.14358625984617,0.00648888834708269,,0.000240033614855452,0.00187429145962303,1.73344443670108,,,,
1469145600,650.562911630625,14.824882893045,4.02747028360388,0.00628301987182381,,0.000238278647259311,0.00184904618101495,1.83896294466236,,,,
1469232000,657.377942957335,14.4444565990649,4.0656068104098,0.00641029326196643,,0.000252207254880734,0.00216134341438475,1.90197654874935,,,,
1469318400,661.393979836353,12.7206305338983,4.068645844903,0.00630328370317628,,0.000246836736629611,0.0022836753201126,1.87489785857653,,,,
1469404800,655.119577849211,13.8402949456458,4.03757550014767,0.00613465497595309,,0.000238672927212113,0.00217705118696619,1.85161843825765,0.6090051637515635,,,
1469491200,654.626339158387,11.9632849389246,3.9667037490365,0.00590820472300676,,0.000237118132760091,0.00193274237180983,1.81046423871359,2.5504575668079537,,,
1469577600,656.275146873174,13.0615638901227,3.97049514707399,0.0058937999704097,,0.000235101193268342,0.00191503619368971,1.93950188626059,1.6197998888638883,,,
1469664000,656.196453360608,12.8882031560491,3.96246610918698,0.00595442518149288,,0.000240743885941367,0.00194466446040328,1.85302501262175,1.7270237138821978,,,
1469750400,657.557567504383,12.8780128211572,4.08617062271302,0.00611499061060533,,0.000235432338055418,0.00201038599252738,1.89922999903044,1.6498715644773017,,,
1469836800,655.361730157803,12.5187606575102,4.0721037997734,0.00608373213373841,,0.000231642602045946,0.001935499217219,1.91850864798313,1.563707223049175,,,
1469923200,624.804487142022,11.9461159415546,3.95043420916497,0.00583136929547374,,0.000227440518733833,0.00191403103221188,1.81356168812186,1.8011298182573847,,,
1470009600,606.50924792519,11.0070294517826,3.85697299842913,0.00578748440545997,,0.000220739590220908,0.00188721609001698,1.69322990169504,2.299635978023185,,,
1470096000,526.981148334307,8.35610662244301,3.57536648484762,0.00537576487776583,,0.000204143564980841,0.00169443226945207,1.44159530217961,2.688134612158382,,,
1470182400,570.347040911748,10.5420244903565,3.77328158810782,0.00566983160065075,,0.000218138342682477,0.00180709776466993,1.58375390487935,2.6059134408915705,,,
1470268800,583.542158036236,11.2604717407949,3.80177159696094,0.00598747387471101,,0.000219014080983917,0.001908287901188,1.85724377461294,2.352772912195836,,,
1470355200,581.279805669199,11.1665537159556,3.7674907836892,0.00607018814312645,,0.000224262233476876,0.00192510053410646,1.81311997597205,2.6136653763804363,,,
1470441600,590.795402980713,10.9901114880187,3.79595988110212,0.00659779553971877,,0.000234686343544742,0.00194886518641931,1.895326562378,2.6804821611950995,,,
1470528000,594.73232402104,11.0233006756283,3.79049881465112,0.00618440210605327,,0.000269606344289854,0.00190579557458345,1.89723013763423,2.140849429394702,,,
1470614400,591.629283869083,11.3098848924605,3.79598642054812,0.00593618970149176,,0.00023737392658314,0.00184768522434965,1.91232962104596,2.1598137759062217,,,
1470700800,587.932138223261,12.3070738457043,3.74826516896676,0.00623739404602767,,0.000238541008894719,0.00186928710929422,2.04596009676979,1.9407726001148684,,,
1470787200,589.968758328463,12.094597383986,3.73989571609554,0.00622711196873308,,0.000239918467581793,0.00188141381840274,2.00334590703187,1.6813849537084167,,,
1470873600,589.585884687317,11.7053606078317,3.74670777988376,0.00619886154006585,,0.000239217115810279,0.00189471986995312,1.97730033784138,1.8547213980450887,,,
1470960000,587.19164956166,11.7980366867329,3.69990157802351,0.00612549337343344,,0.000239749355275942,0.00187676712468359,1.94300190313258,1.840469452331217,,,
1471046400,585.363581648159,11.5771173313852,3.71001509000197,0.00612917921535788,,0.000239664374617226,0.00204828843906018,1.98225375268419,1.8726871857769765,,,
1471132800,571.387062536528,11.2605888357686,3.64372011818706,0.00596658901185503,,0.00024729478449954,0.00201216007859751,1.99389387779944,1.9374773408391954,,,
1471219200,566.564441320865,11.1594932787843,3.57016907462845,0.00608128449807865,,0.000240073072614349,0.00203721506657089,2.17942230275996,1.852830034883524,,,
1471305600,578.414924137931,11.1599375049679,3.62986755856489,0.0061479745950586,,0.000257464568258947,0.00201483452285697,2.20968099552175,1.8593818136147755,,,
1471392000,573.663744418469,10.8013383448276,3.60663865747856,0.00605627678048223,,0.000247918661140665,0.00201388529959838,2.25868459925213,1.7443117548737974,,,
1471478400,573.263191992987,10.7569965517241,3.60143361886483,0.00604715908582825,,0.00024444723163061,0.00197329185320031,2.18488253312568,1.6840184587176044,,,
1471564800,573.958457919345,10.7463138515488,3.59653377747741,0.00609943774699407,,0.000232865630525678,0.00196565508769091,2.30119433262909,1.781688811695799,,,
1471651200,581.797070134424,11.2954566779661,3.60944938482759,0.00611881385190716,,0.000236596432419044,0.00193636788385001,2.45049970982759,1.7433316315671177,,,
1471737600,580.79219257744,11.1615502969024,3.60450633987605,0.00602675634512158,,0.000233531431972327,0.00191998697146432,2.53926186510415,1.720877351762866,,,
1471824000,584.971897720631,11.0871430450029,3.67179877383156,0.00593106819160117,,0.000229751046246495,0.00192229594846673,4.08850203736223,1.6551377128288143,,,
1471910400,582.627747399182,10.9988015020456,3.92985894842147,0.00605723846826795,,0.000225527181799374,0.00187966539810314,4.65964758025769,1.598922484945264,,,
1471996800,578.701831677382,11.0160879602572,3.83952410730961,0.00610247913635301,,0.000229879815441333,0.00188077486491352,4.45878680097463,1.4526412596156177,,,
1472083200,576.033436586791,11.3389093699591,3.79302616382464,0.00607478566593066,,0.000229659514861949,0.0018899650321117,4.13991269222642,1.3720321074749458,,,
1472169600,578.874653419053,11.2794702279369,3.82836178857884,0.00602629490380194,,0.00023020095824478,0.00189870886321449,4.18465555807402,1.4365638564259615,,,
1472256000,570.200993746347,11.1837917556984,3.7432896128249,0.00593523414112126,,0.000224872608670132,0.0018756686706689,5.14510971320332,1.3571191706074948,,,
1472342400,575.105232554062,11.0071141431911,3.75024385644088,0.00596873016024576,,0.000225776667591096,0.00180202451756738,9.34072406413514,1.326619587724812,,,
1472428800,573.429267562829,10.9581454997078,3.75161839543348,0.00626809935488785,,0.000221966493075811,0.0018209623427066,8.46188028221358,1.2579117407606244,,,
1472515200,575.695698421976,11.2509861542957,3.79207150434001,0.00596985806894173,,0.000224417757722984,0.00186280659911729,8.45517982216444,1.2311337420844253,,,
1472601600,572.272758328463,11.6065258129749,3.76903735530641,0.00596325907473943,,0.000223675249200591,0.0018999455576505,8.44938483871356,1.1817294812187193,,,
1472688000,572.221702045587,12.1157511525424,3.81623145609474,0.00592676069450689,,0.000221369366593839,0.00190628352588101,8.00209768946177,1.4694207803315207,,,
1472774400,576.846767387493,12.1418857457627,3.83593169386804,0.00596062608686194,,0.000227026136668537,0.00189922769337744,10.0925044195994,1.4012357632472427,,,
1472860800,600.374406779661,11.8944626241964,3.89803206078319,0.00597626404344421,,0.00022710370755746,0.00190919061355932,10.717835376174,1.3472159707118652,,,
1472947200,610.538913325541,11.7517066943308,4.00152381760183,0.00598827859910676,,0.000226095298493522,0.00195539056950691,13.6008075442477,1.4454684911529192,,,
1473033600,607.526964172998,11.7740570724722,3.95872610558668,0.00592339588979059,,0.00022766460484421,0.00192017507505474,13.852769992116,1.4587267371973092,,,
1473120000,612.995458270017,11.7258868883694,3.96038099888801,0.00586957983562374,,0.000222621428020998,0.0019029227684295,12.4331808537861,1.4736767837331288,,,
1473206400,615.659819111631,11.586400940678,3.9800062893583,0.00587119182837954,,0.000230744046764489,0.00193883798932878,11.8554646886935,1.4791100412182006,,,
1473292800,630.550172004676,11.4100041174752,4.01926797234011,0.00592366581685197,,0.000231639699836012,0.00196625075576772,12.7598404853703,1.4608399221055843,,,
1473379200,622.977884044418,11.6603326066628,3.98120277234783,0.00591913570650183,,0.00023390460167324,0.00201703016846619,12.2935313578642,1.3963000844441549,,,
1473465600,624.752640444185,12.1512841496201,3.9839543492055,0.00588487520590015,,0.000232737337523834,0.00202533121587531,12.2550720289986,1.4174292181781896,,,
1473552000,608.246675920514,11.6625664564582,3.88819331710539,0.00586483744943008,,0.000227200965282852,0.00196230971311188,10.7547703888787,1.3309233009402441,,,
1473638400,607.70737270602,11.9029244231444,3.81425433212322,0.00589895899375841,,0.000229132317764379,0.00195134695305214,10.0671822882929,1.323787151433861,,,
1473724800,608.694296317943,11.9358937463472,3.82961052411573,0.00591100647605678,,0.000229081511425927,0.00195849364272411,10.7564791027933,1.2849878849080836,,,
1473811200,609.41308766803,11.9219326843951,3.82750628348414,0.00608457616277628,,0.000226874056651333,0.00195643042794201,10.4421854900915,1.2875818527985297,,,
1473897600,607.070262594974,11.9770412472238,3.81613773888797,0.00874229786334293,,0.000233613339042689,0.00233405246284646,9.52314163131773,1.276333210581442,,,
1473984000,607.806438047925,12.6065540923437,3.8276969723917,0.00721286297865171,,0.000251439434757165,0.00208976393183029,8.94657456691462,1.3239788836340924,,,
1474070400,607.381449678551,12.8097695207481,3.819052788706,0.00698444293850842,,0.000239017930181669,0.00217663040936058,9.66870885763451,1.32337141483093,,,
1474156800,611.533460315605,12.4434286271186,3.84151302233168,0.00685300872364045,,0.000239684374398293,0.00209871385511476,9.47544390277916,1.3258807997055198,,,
1474243200,608.871306312098,13.0277880993571,3.82952114397784,0.00680877757901702,,0.000233324858019313,0.00213668670263781,10.6077118580644,1.2745495258452257,,,
1474329600,608.371748626534,14.7165246510812,3.82575500230927,0.0067624928866083,,0.000230352086852252,0.00205296522168856,11.0438140641499,1.2525571095317236,,,
1474416000,596.945756633548,13.7703979170076,3.78188586440487,0.00681306751979964,,0.000230730385326377,0.0020853694688947,9.87852818664735,1.22284762236212,,,
1474502400,595.564716540035,13.1966770894214,3.76808569696144,0.00677830930593074,,0.000227421207917489,0.00213437132563588,10.1416747326975,1.252901701738487,,,
1474588800,602.378784921099,13.3695272238457,3.82742028354518,0.00735256961307611,,0.000226332650452559,0.00207848528934475,10.7324989938568,1.2401396376064038,,,
1474675200,602.687359731151,12.9613744593805,3.830065789773,0.00739632352203028,,0.000227583200860686,0.00224446479096568,10.7134578240383,1.2517999752595779,,,
1474761600,600.610054880187,13.085549912332,3.81383643620454,0.00800894026091528,,0.000226367314520749,0.00248895158634441,10.2368765132148,1.209493429101758,,,
1474848000,606.778810637055,12.862145917592,3.86619228731716,0.00770899729821308,,0.000228381596839487,0.00241011798853593,9.33365561282218,1.194491309325462,,,
1474934400,605.151613734658,13.0980911209819,3.84670500350117,0.00831321211282629,,0.00022886225696684,0.00258690855542353,9.29548492770795,1.1923825708807008,,,
1475020800,604.686494389246,13.3183411092928,3.83752928099448,0.00922032451739504,,0.000228980921707744,0.00317772100526725,9.38287483086758,1.2454400194405753,,,
1475107200,605.202561952075,13.133496025716,3.84950461810617,0.00892417956113131,,0.000227267533667707,0.00309539923043126,8.61633170628089,1.2707905944698454,,,
1475193600,608.865840736412,13.2596977603741,3.83445758331656,0.00864127310938663,,0.000233041461138687,0.00282853608267209,8.41115792188806,1.2526943848048553,,,
1475280000,615.408478842782,13.2374148895383,3.84546993344443,0.00806405697593849,,0.000231051534588791,0.00274043229984765,7.31100498270156,1.194029087921899,,,
1475366400,611.748578316774,13.2839713617767,3.84393979072991,0.00813209505715696,,0.000228042779650471,0.00286101330872792,8.39923885699042,1.1930266517848185,,,
1475452800,612.590347399182,13.5005305698422,3.83122013045157,0.00801567344762997,,0.000235916741684042,0.00276232311351741,7.93218430043055,1.1947093665073456,,,
1475539200,610.007881355932,13.3260360841613,3.81654218717052,0.00771233303093505,,0.000228709459914363,0.00258992482967979,7.57565375626574,1.160527298220367,,,
1475625600,612.147780946815,13.0834668217417,3.83398002143185,0.0073078999920846,,0.000233232347363603,0.00248677397578829,6.59385725046868,1.1887663473643715,,,
1475712000,611.76086277031,12.8729818819404,3.82136860708551,0.00736678211907574,,0.000222137627451627,0.00230108288693871,7.17752741959313,1.1711293996467367,,,
1475798400,617.905705143191,12.6904481753361,3.8427262805099,0.00736671804227543,,0.000225267618593971,0.00238616909785283,6.85103280151298,1.1696908817759062,,,
1475884800,619.301001753361,12.2435036364699,3.83890985504645,0.00736965549832079,,0.000229681476408426,0.00231230923356588,6.88271406657235,1.1833327472873378,,,
1475971200,617.101041320865,12.0857872589129,3.8078027584174,0.00753346491904829,,0.000231054026944118,0.00236480260238491,7.53710836294296,1.1696884687652687,,,
1476057600,618.0852,11.7732482127411,3.78393454550401,0.0079057701110318,,0.000230433830679205,0.00246064594888089,6.89059359328119,1.1493449147400996,,,
1476144000,642.981387258913,11.7647782507306,3.83005665937923,0.00782495045230912,,0.000229939501323146,0.00266388428857427,7.33273719564767,1.096882162197718,,,
1476230400,636.59793220339,11.8266073921683,3.80689588014128,0.00786718886474322,,0.000226763922338626,0.00262720059970258,7.30207529976965,1.0349923114989221,,,
1476316800,635.444095324372,11.9585693606078,3.88967324411814,0.00790140490603893,,0.000227357700627763,0.00252834886448483,6.92722145777004,1.0058821422836788,,,
1476403200,639.586090298071,11.9049818819404,3.88580268493744,0.00810755513963478,,0.000229302266909891,0.00247944388471573,6.93016817720591,0.9889921653185507,,,
1476489600,637.283759322034,11.957119257744,3.87603122141589,0.00796463070193172,,0.00022263029517286,0.00242802095353448,6.54610669676522,0.9921871216090492,,,
1476576000,642.913042548217,11.96180171128,3.89257586739795,0.00793269811946749,,0.000222644506587178,0.00241735040971169,6.40513747135745,1.1929280403293514,,,
1476662400,639.137536469901,11.9689210987727,3.84625988050466,0.00797086501367361,,0.000219500412419006,0.00228754010779435,6.27885940435848,1.0752616947374736,,,
1476748800,635.576508591467,12.5500731595558,3.83148839886431,0.00835161165052405,,0.000220592967458216,0.0023816827379325,6.59079776324762,1.051053024901273,,,
1476835200,629.640708036236,11.9925057539451,3.80514003659679,0.00869747144927469,,0.000218081376766767,0.00235908304710433,6.61677338959194,1.052289501717206,,,
1476921600,628.598901110462,12.0624716101695,3.7801433596664,0.00920527762216594,,0.000219226309884829,0.00268038024869895,6.52339432883435,1.0386275566414336,,,
1477008000,630.90620338983,12.0819085330216,3.81888601416315,0.00896085520299828,,0.000217036896261162,0.00246337198056183,6.76537384916841,1.0271711991075234,,,
1477094400,654.508630976037,12.043858585038,3.85927594131836,0.00875204044958646,,0.00022205507820116,0.00239144983284436,6.4753971268678,1.045320910455336,,,
1477180800,651.961956750438,11.9570144576271,3.86992072720833,0.00891652664661749,,0.000217945814290108,0.00242377621843529,6.46800534090575,1.0372607725483878,,,
1477267200,650.027167153711,11.9264431618936,3.85039927655246,0.00878452108423129,,0.000216840173052653,0.00245616583211327,6.37474274555056,1.0246189782480577,,,
1477353600,655.792505084746,11.3266441046172,3.88289237586924,0.00875330487077281,,0.000222445162676969,0.00234529184021833,6.04862431301589,1.0164876364885127,,,
1477440000,675.109869316189,11.4940479836353,3.93051918413257,0.00866836850299239,,0.000215373424246739,0.00230420640753624,6.11946284427145,1.0268198726670497,,,
1477526400,686.523327060199,11.4758968591467,3.9993044357547,0.00828898274191932,,0.000217351118645935,0.00217195376957215,6.24623276401387,0.9917326788361591,,,
1477612800,690.390654938632,11.1283608649912,3.9839808261376,0.00791576141222156,,0.000216450584114194,0.00208789951302813,5.73851431268492,0.9468590526026778,,,
1477699200,715.445469316189,10.4133396382233,4.0644498920044,0.00768624915743525,,0.000219951604254099,0.00194051641975584,5.07707885448189,0.8960747411584709,,,
1477785600,699.333410987726,11.2365086464056,4.00358234266436,0.00806974147467784,,0.000221402581763711,0.00212274298420079,5.5587775914617,0.924737980636077,,,
1477872000,698.897727995325,10.976982628872,3.97326153686592,0.00805808166548292,,0.000221810981470367,0.00206568393733445,5.09230349407011,0.8955905818958387,,,
1477958400,730.578480011689,10.8072025587376,4.09373574920293,0.00799429459855951,,0.000222018829076216,0.00198623494342311,4.7030834875716,0.881988079303929,,,
1478044800,740.367055523086,10.8340809251899,4.13338914301915,0.00815574631452682,,0.000223114869610125,0.00201677673494048,4.52773094386406,0.8867889051373276,,,
1478131200,689.939206954997,10.8688609450614,3.86680579934494,0.00817209199631058,,0.000216601192099074,0.00200750453756331,4.92792675546105,0.8968138332334523,,,
1478217600,705.432016656926,11.1541980824079,3.89651218560447,0.0082179036851956,,0.000222104012953112,0.00200581245018608,4.84811024114627,0.9748074364668071,,,
1478304000,706.819325569842,11.1425230835769,3.89977493737302,0.00826520355698799,,0.000225888467910883,0.00201913495132058,5.02835627273813,1.047659721091717,,,
1478390400,715.896879777908,10.9939136177674,3.91504494795712,0.00813580778898948,,0.000226037891697432,0.00197686241375067,5.00341724459799,0.989573211083902,,,
1478476800,706.181216773816,10.9156866861485,3.8746831668468,0.00826927143675213,,0.000241178839288007,0.00202549488540152,5.7253033864175,0.9337077450578679,,,
1478563200,711.835846580947,10.8588094389246,3.83961135674656,0.008177828147208,,0.000232673801717179,0.00200103005774083,6.43307038402589,0.939717326217279,,,
1478649600,721.50150993571,10.6574666475745,3.84962694579338,0.00811388622245013,,0.000229565461286537,0.00195015364200349,6.0835021801286,0.9117334599973541,,,
1478736000,713.407615604909,10.5204114956166,3.81617834542333,0.00804172869606021,,0.00022812157078415,0.00193983411106081,6.06093262372999,0.9172171597853132,,,
1478822400,715.703310637055,10.290054452367,3.8116543893688,0.00808659157795233,,0.000224120421164107,0.00189574748355855,6.84004597887468,0.9163265143671608,,,
1478908800,703.847551139685,9.88841032670953,3.74790832896709,0.0080470318722796,,0.000219625529293173,0.00187649294883074,7.41024859953432,0.9087839918186553,,,
1478995200,703.626435300994,10.1176767387493,3.88831801758476,0.00811397536590099,,0.000221677693498209,0.00188055206546515,7.14799319898937,0.9049385931804341,,,
1479081600,705.643584161309,10.0172283571011,3.8643083667323,0.00795533503633927,,0.000222696578586543,0.00186855204676102,7.68536908804802,0.893143154542001,,,
1479168000,712.3471528346,10.2417277703098,3.89846049689541,0.00783087659066177,,0.000217919942033666,0.00184278712831989,7.3146789124054,0.924328391378377,,,
1479254400,742.050117592051,10.0225825832846,3.90925863530879,0.00766886287822383,,0.000219260543726161,0.00174058502264376,6.6388453662935,0.908261062089461,,,
1479340800,735.318080537697,9.93872796025716,3.87726105609171,0.00762411564978709,,0.000215431436986709,0.00177223948524198,6.71930546283745,0.8874382051937179,,,
1479427200,749.57872729398,9.51819493395675,3.92787204331776,0.00776260444281114,,0.000213927403062439,0.00179919397346836,6.7186252414112,0.8688218954521046,,,
1479513600,751.213819403858,9.7004858679135,3.94348347557714,0.00759664052868048,,0.000212955726789017,0.00176450379277446,6.54388483570628,0.8609494363824712,,,
1479600000,730.350813617767,9.58891222559906,3.8905199978751,0.00755730525733791,,0.000217411393647809,0.00174994146537783,6.60761990917695,0.8571329497730197,,,
1479686400,736.506983927528,9.53756317708942,3.91339848889467,0.0074490152781868,,0.000219137472827911,0.00173574292586857,6.76877241971298,0.8447521367964463,,,
1479772800,747.997677966102,9.85380703156049,3.90186939106546,0.0073119415713158,,0.000222845164438826,0.00170440385916736,7.58086058215213,0.8332371753637625,,,
1479859200,741.240317942724,9.79015008942139,3.89545217749278,0.00702700630157527,,0.000212313018051194,0.00171967753762712,7.89576040437902,0.8139039587474077,,,
1479945600,737.35497597896,9.22138124488603,3.88450742112627,0.00677681497126059,,0.00021989942228396,0.0016723646114423,7.74325718594214,0.7669487213265918,,,
1480032000,739.685200175336,9.41386307305669,3.90938312025535,0.00682499839054756,,0.000220695952109824,0.0016868090839926,7.53092730914608,0.8385423980134269,,,
1480118400,734.652925891292,9.31205627118644,3.86413531619064,0.00696467161012803,,0.000219418201138367,0.00164635291321738,7.61629636204349,0.7813828265815493,,,
1480204800,727.741115838691,8.91463851198129,3.85034868036024,0.00690043254109967,,0.000215014536588032,0.00163937360730084,7.93823088637398,0.7739808397936506,,,
1480291200,730.082483752192,8.68169444944477,3.84664044354079,0.00675922439047662,,0.00021458536572124,0.00161946973351783,7.86856722346673,0.7530336502412932,,,
1480377600,731.646435710111,8.16833660783168,3.82662252915869,0.00669684321065719,,0.000210791999113559,0.00164716703799052,7.5695524019941,0.7436298939594894,,,
1480464000,742.20445131502,8.60721732904734,3.85894911007789,0.00672080315403073,,0.000211419128566364,0.00161162257207183,8.89478351699886,0.7461290623981671,,,
1480550400,753.674910111046,8.45638715955582,3.89623627255244,0.00666677611768414,,0.000214708723202855,0.00156010706392987,8.57070506413815,0.7636407082111365,,,
1480636800,772.302382729398,7.67124288720047,3.90982617191462,0.00661226568036287,,0.000215084046990817,0.00150227663673709,8.14174905653029,0.7957207781482205,,,
1480723200,766.110468147283,7.89398178550555,3.91936651896228,0.00653599780314114,,0.000213606150588553,0.00158956795404656,8.2056189537834,0.7675940101683587,,,
1480809600,766.380139099942,7.47449172238457,3.87591643031756,0.00643186300998276,,0.000212130618359639,0.00152367255953115,7.80522728517886,0.7589000806827335,,,
1480896000,752.670726241964,6.73351910169491,3.50089749492438,0.00637838269773333,,0.000215483338337811,0.00151398110944675,7.81364617059906,0.8308954922192616,,,
1480982400,759.117325774401,7.7770034289889,3.50849453044681,0.00672137431879391,,0.00021239113393732,0.00260981719304326,7.50811380597837,0.7754185639878518,,,
1481068800,764.987650087668,8.35538933781414,3.64461650219434,0.0071283047019288,,0.000210948407144873,0.00274431338738645,7.84748822488131,0.8213342339219744,,,
1481155200,767.659224634717,8.26426946493279,3.66601225275597,0.00688423422550196,,0.000214278321092588,0.00239471519455374,7.76625203763335,0.815550132247057,,,
1481241600,771.902321098773,8.49242592811222,3.69324551334819,0.00686017856746696,,0.000213691164822138,0.00253966352670699,7.93946614473405,0.8099036061146407,,,
1481328000,775.474561309176,8.12186280713033,3.67508010266498,0.00670860958135861,,0.00021605192636077,0.00221449134129424,7.77097637225564,0.8548634341577143,,,
1481414400,770.496150496786,8.2296987445938,3.66153542473889,0.00679360325724363,,0.000226601296711986,0.00235649020006288,7.92629268987047,0.9333880756717512,,,
1481500800,778.506599064874,8.52116493980129,3.63936454620737,0.00670811836358128,,0.000223039183126012,0.0022846964203026,7.99800046410702,0.9050391798431311,,,
1481587200,778.930694564582,8.41006104558737,3.63811308150967,0.00679595952988219,,0.000214078698966025,0.00214537999479027,8.09352708193192,0.9768773716498805,,,
1481673600,776.963961484512,8.239893685564,3.6161919490749,0.00663978461616556,,0.000215910610617791,0.00211991869590075,8.38621838166374,0.9861237339536851,,,
1481760000,776.176781998831,7.81254800701344,3.62420714681074,0.00669962319643652,,0.000212384830973824,0.00282221938006195,8.41976501381295,1.0813260310501196,,,
1481846400,782.230215897136,7.8575081987142,3.62672036775542,0.00658857881179259,,0.000218028728475614,0.0031092151540644,8.48202766741297,1.0653945285704929,,,
1481932800,789.60293220339,7.79680409760374,3.69920036871933,0.00650526489709188,,0.000215389973764181,0.00274838444766675,8.33513740458945,1.0007439627657015,,,
1482019200,790.632966526008,7.90739229719462,3.683907142182,0.00660952155168772,,0.000218694808435182,0.00289834169860849,8.61811760666911,1.0508420051827663,,,
1482105600,790.279031677382,7.60991483635301,3.63931544402662,0.00651793370117876,,0.000214437319303088,0.00284840118966625,8.5814451820353,1.1962824192422936,,,
1482192000,799.777520748101,7.62558996580947,3.65854125007529,0.00647766083777245,,0.000222616740716754,0.00288027230040189,8.39417538936241,1.1359323943282351,,,
1482278400,828.4836792519,7.88992567153711,3.63444090528982,0.00646845290466388,,0.000220685778482779,0.00279993976240208,8.34540297616446,1.1267634599032559,,,
1482364800,858.50143395675,7.58389207481006,3.67342457055895,0.00643556006464219,,0.000222564615175042,0.0027457138769373,8.85089065765397,1.0952019030231006,,,
1482451200,915.562438340152,7.16697962127411,4.5222709645312,0.00607408870141188,,0.000231407469858991,0.00253208772007057,9.5168465538062,1.0407637515609252,,,
1482537600,891.155272063121,7.24266080187025,4.41661401115,0.00640883246290468,,0.000231358179612072,0.00268421020082255,9.57803470159403,1.105597379438266,,,
1482624000,896.003279310345,7.20134819403857,4.28939862758645,0.0064088737096896,,0.000229460417600104,0.00260886881654452,9.70696169736941,1.0697534007789355,,,
1482710400,903.201246639392,7.24033197545295,4.26437894455322,0.00623627046053529,,0.0002334255261588,0.0027210360189354,10.2275155381566,1.0383682037902027,,,
1482796800,925.950810461719,7.15374168614845,4.33064031091003,0.00610088749059801,,0.000224142818340346,0.0025193809202742,12.4998277219556,1.04904637024191,,,
1482883200,979.960973991818,7.62361589012274,4.53547200536748,0.00624776467209274,,0.000222168779459569,0.00250555688720908,14.156763905983,1.1182035349108648,,,
1482969600,973.462559438925,8.30259408708358,4.55195387749142,0.00645555536661459,,0.000227371667076459,0.00254461463100793,13.0868417459684,1.4268108622215265,,,
1483056000,961.182658153127,8.21893582700175,4.39030433767546,0.00642134113215719,,0.000229820290334241,0.00254627454120282,12.8707054093271,1.5383225339156545,,,
1483142400,968.970597019287,8.12632962185856,4.35411157408208,0.0065208057100051,,0.000230273625424382,0.00246398915829097,13.8810882484415,1.4193584356705273,,,
1483228800,997.257357977791,8.17785176797195,4.4752383412542,0.00630819017745269,,0.000227751956805271,0.00246669713231392,13.801374223068,1.3886690838158207,,,
1483315200,1017.07788609001,8.3784564868498,4.56694098110425,0.0062702114578338,,0.000221076828576049,0.00246022788836698,16.0443837701185,1.4299702056824257,,,
1483401600,1032.60905318527,9.69747177030976,4.57071100752687,0.00642364063798106,,0.000226555874697678,0.0025238570601801,15.7704863316765,1.4709363487440044,,,
1483488000,1134.49644535359,11.0686323909994,4.58353943500624,0.00647906808966592,,0.000219461872514178,0.00267566046836226,18.2352037892812,1.7287374938289335,,,
1483574400,1000.49812893045,10.2247939114553,4.23643121372977,0.00619255363940923,,0.0002274073772592,0.00257550438684126,16.0177293110767,1.5916479313506884,,,
1483660800,892.463955639977,10.1258320169492,3.85852096924068,0.00631558299212647,,0.000220379134219613,0.00245309914002985,13.9356636738101,1.4786154289350035,,,
1483747200,903.453283635301,9.92474459380479,3.97510969862095,0.00640859016067482,,0.000224590671520036,0.00236962331622652,12.9694453855799,1.433768752157759,,,
1483833600,912.484997077732,10.4385973290473,4.01098119279655,0.00625830341779653,,0.000224758014093763,0.00235833374075243,13.4989809846283,1.4472813571182128,,,
1483920000,903.508666803039,10.3648285651666,4.38049202146544,0.00618874446330036,,0.000233339641352071,0.00235449289204055,13.5961418224619,1.3997514416770158,,,
1484006400,906.498947399182,10.6283672121566,4.57777733481189,0.00679953284171771,,0.000223400387379324,0.0023370316381463,13.3754443278452,1.4263368782533268,,,
1484092800,788.314655990649,9.97243464874343,3.93888960503417,0.0064886617031214,,0.000209137436347892,0.00211454095467268,11.6961438118015,1.1976450569801484,,,
1484179200,807.109833547633,9.77226410344828,4.00488083800978,0.00634715607252902,,0.000214783059256453,0.00249399084884011,11.8824083516574,1.2207998665400346,,,
1484265600,826.746927410871,9.81302504967855,3.93623113671017,0.00670030330907346,,0.000214393211540196,0.0023949280854879,11.2436427873684,1.2103250578663582,,,
1484352000,820.045157276447,9.77886792986558,3.95760593907179,0.00685330980959342,,0.000211482888237681,0.00247799817376487,11.1351351764605,1.2092114774705927,,,
1484438400,824.547065166569,9.87137750146113,3.92441079393036,0.0068197229968689,,0.000211949076141423,0.00245768806514011,10.7708871630943,1.1913311131086084,,,
1484524800,830.838035067212,9.61363526943308,3.87620499050059,0.00681535371875934,,0.000206551385614474,0.00238326400224568,10.6007369033268,1.1773776526878508,,,
1484611200,906.026828112215,10.2436392735243,3.94131879294028,0.00676483281057238,,0.000216488517921651,0.00252520797137125,12.3663179939678,1.2064801917446286,,,
1484697600,881.259815371128,10.2417576405611,3.88758274667627,0.0067413349639327,,0.000210254891473507,0.00248530513574947,12.0435410525462,1.2022798485312323,,,
1484784000,902.263869959088,10.4345745926359,3.89566108448298,0.0067266592727954,,0.000214735109731099,0.0023661086902683,12.2092524810811,1.1744175703593245,,,
1484870400,895.174516189363,10.6508334517826,3.89416275757998,0.00660024753455684,,0.000212395247937167,0.00234558534234545,11.8857572036665,1.3397463809430565,,,
1484956800,924.46825949737,10.9621638223261,3.91822510416753,0.00674175452845799,,0.000208120606241818,0.00231795530563092,12.072093952256,1.4186207963772912,,,
1485043200,922.467077381648,10.7040929427236,3.84860477691313,0.00674404480297296,,0.000209937332637708,0.00234790838521214,12.1715179918249,1.3778916042120026,,,
1485129600,919.115744126242,10.7988108357686,3.83029597908667,0.00668248436558641,,0.000209660991126083,0.00233950518225693,12.2220524227416,1.3946532106055334,,,
1485216000,887.743193804792,10.545993207481,3.74288025379715,0.00647207012443501,,0.000202175807546009,0.00224131082044014,11.7192403097455,1.3556983068345558,,,
1485302400,895.690033255406,10.5133496668615,3.68584694112492,0.00646929794279455,,0.000203832039525847,0.00214639055413942,11.7612810224494,1.2786116334514526,,,
1485388800,916.6674685564,10.6258650140269,3.86371653746194,0.0063152039951448,,0.000208905783761333,0.00218055917805886,11.9554085079077,1.3301879082626091,,,
1485475200,920.454463471654,10.5341234798364,3.88783783128902,0.00641881206444138,,0.000207095260763866,0.00219450223533581,12.1645393757186,1.2824485182069378,,,
1485561600,922.774948568089,10.5638735827002,3.86806140403364,0.00631926208250528,,0.000209908110078733,0.0021964956098961,12.9337249808361,1.3076309364927003,,,
1485648000,915.63202314436,10.4949952659264,3.85920898917263,0.0063455000963012,,0.000206245711854987,0.00221476509385036,12.5904651337869,1.2919251519474917,,,
1485734400,920.313260783168,10.5793407966102,4.06642729367812,0.00635705120867175,,0.000209619014512517,0.00244704626326035,12.6919257975928,1.3462007290931743,,,
1485820800,968.499105669199,10.7060901987142,4.06855959183281,0.00627372320592904,,0.00020824284559173,0.00235975797671072,12.9938650258994,1.352264622863671,,,
1485907200,987.532590414962,10.7228105669199,4.04812841374875,0.00652134316796222,,0.000213569073308737,0.00234507072893191,13.2556325483474,1.3495646087003732,,,
1485993600,1007.7043659848,10.8279625645821,4.098511007128,0.00641225404614041,,0.000211801847934247,0.0024139001523387,13.0905211584135,1.3552381899724153,,,
1486080000,1015.30203945061,10.9571067597896,4.0318394375011,0.00643842365427917,,0.000209325195313559,0.0023699962301927,12.6858108209791,1.3380280202258334,,,
1486166400,1033.78597299825,11.3959769257744,4.01499736896538,0.00640824439215892,,0.000214598500477832,0.00236645391116711,12.5167542200262,1.3767944508855552,,,
1486252800,1014.56787574518,11.2444300976037,3.96598549397967,0.00635409985133096,,0.000209723810130294,0.00230567991508761,12.6492900606313,1.3672639843584156,,,
1486339200,1023.3174811806,11.3366601163063,3.95367863691665,0.00636289021776493,,0.000211628275155958,0.00234327322902887,12.7072983965649,1.4540554895665831,,,
1486425600,1053.62445902981,11.4869003085915,3.96371318568101,0.00635096004718666,,0.000207942732071364,0.00230428408143268,12.5284929732916,1.4616639056678036,,,
1486512000,1052.36764535359,11.4007932261835,3.94585431060114,0.00635010138828199,,0.000208544393407568,0.00220947385664948,12.6888388036125,1.434679212549205,,,
1486598400,982.751939450614,10.9898948129749,3.75094859071397,0.00628898555652588,,0.00020780924441678,0.00212851893380668,12.014690816986,1.2606803610021984,,,
1486684800,996.650153126827,11.3733687919345,3.81764604297953,0.00629435714822586,,0.000206757083876346,0.00215285869505833,12.0758708135536,1.2594852770176557,,,
1486771200,1011.37532220923,11.4835259848042,3.83464393139046,0.00636608001299402,,0.000207983926430097,0.00213282622821574,12.3241407597849,1.2364980280646323,,,
1486857600,1006.29646487434,11.4637379637639,3.78119947475609,0.00628819839935094,,0.000207485744999609,0.00211934681065385,12.3934580374194,1.2253610506240717,,,
1486944000,999.953184979545,11.3888621858562,3.77273810614474,0.0062539263786776,,0.000207620086936665,0.00209464711271996,12.2887853363917,1.1986250326345584,,,
1487030400,1012.2134635301,13.0940965563998,3.83281297850796,0.00628400871617577,,0.000206941747872675,0.00210904584288106,13.0406133366212,1.2491065002429593,,,
1487116800,1013.90384050263,13.0142665108124,3.88501572370422,0.00611952492512414,,0.000208317714158322,0.00224131828945645,13.7034546525658,1.264140496935814,,,
1487203200,1036.80686475745,12.8854819877265,3.86182928389779,0.00600940731295323,,0.000213534948835856,0.00215596928028957,13.1852715130794,1.2360913276125625,,,
1487289600,1058.66992033898,12.774232597896,3.90698486611692,0.00588280302720383,,0.000209604516856903,0.00211347269456334,13.421821278035,1.235251519000155,,,
1487376000,1060.66880488019,12.8982752191701,3.80957574653718,0.00551227481888627,,0.000204025936721784,0.00203295246879404,13.4426225648715,1.2227622754988339,,,
1487462400,1058.78640035067,12.8614133553478,3.80146571769972,0.00593208542703412,,0.000208082653885119,0.00205396764643691,13.1276871337824,1.2229956892130809,,,
1487548800,1088.68842922268,12.7023435815313,3.79931074860969,0.00592558737928063,,0.000210452826799433,0.00206161829120303,12.2531875681213,1.2339829626561143,,,
1487635200,1128.85529316189,12.8127439205143,3.84523760870021,0.00584815459329457,,0.000212359650767225,0.00203078791055861,12.4632004142554,1.2525207038783228,,,
1487721600,1129.70179064874,12.7348605955582,3.88809168039334,0.00587484150474789,,0.000201719446096927,0.00203569819719541,12.9067443693969,1.21929067068817,,,
1487808000,1188.86178550555,13.2532427001753,3.94618571179529,0.0059169422865325,,0.000210067916942328,0.00196719868757479,12.980740479509,1.2366498455607253,,,
1487894400,1185.48889158387,13.1775699006429,3.94529023913651,0.00568841526153836,,0.000206429991341413,0.00189554055535419,12.0141644281493,1.207990057380888,,,
1487980800,1151.60473687902,13.6454301665693,3.89348496100923,0.00567823450453373,,0.00020409471435663,0.00189865093161028,11.9187219253258,1.2103084672256121,,,
1488067200,1181.71086586791,14.6590073091759,3.88218938617751,0.00565456384654849,,0.000206765214099731,0.00189805418545471,12.0907245234678,1.2475631559430622,,,
1488153600,1194.15245014611,15.6568423302162,3.86335295955538,0.00556500413521829,,0.000208909468441877,0.00178472120739616,12.1053636093305,1.2342414892780962,,,
1488240000,1188.39994073641,15.6533547393337,3.78537682533442,0.00552991853659276,,0.000209392457822109,0.00184623938776737,12.3450215894588,1.235770666824388,,,
1488326400,1228.45965061368,17.2656843547633,3.8539021293783,0.00532952664969905,,0.0001994548915255,0.0017311265881429,12.3770014476531,1.40261402571014,,,
1488412800,1262.93146738749,19.204561207481,4.04721185173296,0.00613271407484526,,0.00020888753608132,0.00179861148887118,13.2132930292296,1.3647785264792216,,,
1488499200,1289.36319111631,19.6547031858562,4.08572275637011,0.00646578887808167,,0.000216015658888604,0.00178896421481535,14.029060347375,1.443243562257936,,,
1488585600,1268.94066440678,18.6842248883694,3.99511933427343,0.00624746912499005,,0.000210687091065616,0.00175000934558315,13.8082670996245,1.4289176568460975,,,
1488672000,1276.27368293396,19.3011112244302,3.99796809171384,0.00615118115522424,,0.000211958998051857,0.0017420427145515,15.2636036999752,1.3936914351639818,,,
1488758400,1282.25465663355,19.7310337568673,4.09992108524135,0.00606847583213554,,0.00021582024568063,0.00183910366033962,15.5179191716556,1.4325680979551683,,,
1488844800,1234.47646206897,18.8391078433665,3.99116321485378,0.00679085006163308,,0.00020597171227678,0.00201932066624458,13.7744714018217,1.3708894525227209,,,
1488931200,1152.13938924606,16.6778201776739,3.8411451806752,0.00645893094244747,,0.000204536726758322,0.0018146535433455,12.5349621219496,1.2822859475625785,,,
1489017600,1193.45552659264,17.798087509059,3.90048277936663,0.00648727443662736,,0.00021162352002502,0.00177377972845185,13.0926559542354,1.3255224754397819,,,
1489104000,1098.53014903565,19.1809420046756,3.76003239000719,0.00615609115264958,,0.000195504980457189,0.00168187887098585,13.1793401948985,1.285507761912168,,,
1489190400,1176.822921391,21.4462162478083,3.80333991167115,0.00624198226178026,,0.000208601801502244,0.00176418892864377,14.6051389468805,1.3808562439766985,,,
1489276800,1231.74835663355,23.2196188281707,3.90394793493232,0.00629808268609969,,0.000219589560331512,0.00184233563193601,16.8529786840752,1.4253299106001474,,,
1489363200,1239.39629631794,28.5448137270602,4.37560050942134,0.00640439057640144,,0.000247427469976614,0.00195289305722397,18.2872728851018,1.653770344137854,,,
1489449600,1246.53656487434,28.5762455482174,4.19588043858688,0.0063841632965942,,0.000243255891575009,0.00190294388619629,17.9236088916083,1.6471639433735827,,,
1489536000,1258.65138147282,34.6731720058445,4.3226125169331,0.00626790362919322,,0.000234124972853829,0.00192615371203641,19.1399379877304,1.7826945364580102,,,
1489622400,1178.02075037989,44.7765893758036,4.3173222495593,0.00631886784737052,,0.000229781863415788,0.00196410931531933,22.2583946632072,2.0747226451745164,,,
1489708800,1072.08253816482,44.127845295149,4.11837223913014,0.00590689669090978,,0.000210101861018233,0.00186695811677847,21.6809259648525,1.80095151209352,,,
1489795200,962.569056165985,32.2416653909994,4.05757950777311,0.00684978514207215,,0.000217782289724798,0.00182868177320841,19.9242898541764,1.6704549352006417,,,
1489881600,1020.22025353594,43.3432976668615,3.93263014248089,0.00672755207780282,,0.000229923896189462,0.00185765177529552,23.0146330670236,1.8800334900302704,,,
1489968000,1037.7563458796,41.8270432928112,4.06572180535989,0.00692780848040254,,0.000228267578790102,0.00193274325633375,22.3577260216053,1.9079210747197988,,,
1490054400,1111.81826358854,42.3989190461718,4.01817701747951,0.00684037154367847,,0.000241119656434962,0.00215766366169062,21.1497593028675,2.3458039474502064,,,
1490140800,1037.30257013442,41.1990631186441,3.93479848958808,0.00722400784776282,,0.000235232092667297,0.0019194822722679,21.108398572378,2.311410783401435,,,
1490227200,1028.17285628288,43.140975748685,3.9808394586501,0.010115634779433,,0.000234511145444662,0.00214053089557457,21.7533367671879,2.2530569755060257,,,
1490313600,935.063496201052,52.9880817066043,4.13561100662245,0.0107965001249244,,0.000259599530700713,0.00207260430840663,21.1957217887787,2.4093516229301084,,,
1490400000,968.543329281122,50.1573111630625,4.09657823180106,0.00892451514223186,,0.0002919999638582,0.00198655475889547,20.0430252696343,2.278044878208403,,,
1490486400,962.95805458796,50.380642766803,4.0733539511739,0.00954920337694622,,0.000274777294995687,0.00199227270871171,19.4159439356585,2.3026918213107734,,,
1490572800,1042.91919777908,48.8407655622443,4.07155813188214,0.00935006255297715,,0.000245467582148924,0.00184511819866458,18.5553081020264,2.1017416707415744,,,
1490659200,1045.16293161894,50.2165826206897,4.20696061029531,0.00953391422667965,,0.000282677784080562,0.00204767270902208,19.5422614952718,2.244052506860721,,,
1490745600,1039.68861578025,52.9549353074226,4.31652020343511,0.0101238342088031,,0.000271281557208297,0.00194758074870604,20.8320228009611,2.3249364750608903,,,
1490832000,1037.98766142607,51.8379855821157,7.53229426390334,0.0144344466063086,,0.000307157232043845,0.00229138536542598,19.9635293071644,2.79222722099614,,,
1490918400,1081.74353109293,50.0319167153711,7.23894011582957,0.0211172098734115,,0.000334770919684301,0.00232709808429113,20.0855368530912,2.812308313602288,,,
1491004800,1089.52477182934,50.6856101426067,7.60325938375114,0.0225808666982499,,0.000334780524461418,0.00267260681240379,21.1043433983109,2.7400851252548843,,,
1491091200,1105.56295575687,48.7942622232613,8.32147061434759,0.0619203054110127,,0.000524853897929722,0.00428317284318849,19.7703251732208,2.6472416072623663,,,
1491177600,1144.6647710111,44.1242026744594,8.5169438388475,0.0327647783725437,,0.000420786730963819,0.00303475450820178,20.136884490644,2.553905513245949,,,
1491264000,1141.92191870251,44.2334705575687,9.13864661820227,0.0378583493443493,,0.000428695241128987,0.00295878009108565,20.3212721726865,2.6678860331995304,,,
1491350400,1135.81164377557,45.345952899474,12.3703169732604,0.0358864486195711,,0.000438622775151347,0.00312135544376047,19.8032427616958,2.780231104753972,,,
1491436800,1194.59645938048,43.2308226411455,10.8758142078613,0.0328175468895898,,0.000448207145707783,0.00282816557550886,19.2888025903597,2.655296454020137,,,
1491523200,1191.73145108124,42.4313812974869,10.0510387882003,0.0370030827930672,,0.000392481186377994,0.00271008175491578,19.6226866727239,2.669170715454627,,,
1491609600,1184.41772033898,44.6247199088253,10.7485071080767,0.0360092843661074,,0.000434533510738286,0.00293334382185823,20.9091057541849,2.7232511281377803,,,
1491696000,1213.63413980129,43.9210733267095,9.30662439984325,0.034461580115269,,0.000384966735220708,0.00279740875506098,21.1722111112178,2.662874536037532,,,
1491782400,1211.64987621274,43.9867391759205,9.88776319850654,0.0342577403185546,,0.000396600410007639,0.00285054371548304,22.112394269239,2.626448485234921,,,
1491868800,1229.78493290473,43.9088074582116,9.73757903935227,0.0334914764630524,,0.000398130832929354,0.00282279378170115,21.7766326154322,2.567885791164337,,,
1491955200,1216.11436785506,46.356845351841,11.7420246748826,0.0345900457286433,,0.00041049155094559,0.00305539459475014,22.0251415920954,2.6257087567460693,,,
1492041600,1172.5583396844,49.9132952574518,11.0826892415263,0.0343599356398443,,0.000430375374402005,0.00307146757143373,21.5268159342299,2.6145806071372806,,,
1492128000,1174.33323354763,47.1097739795441,11.6407867938177,0.0338382022499098,,0.000418028313982421,0.00313204144923462,20.6486336013339,2.6219695359100244,,,
1492214400,1175.56218901227,49.1234506072472,11.6561428810723,0.0339117428074981,,0.00042093920753559,0.00338586026293416,20.6864789004451,2.6703298351029603,,,
1492300800,1173.6913798948,48.1771319462303,11.6662676003572,0.032985836865282,,0.000449907597638838,0.00374091216007692,20.147382646653,2.581828482864479,,,
1492387200,1191.90120146113,47.8490843132671,11.3729206713815,0.033648686466879,,0.00046209668241321,0.00353038662904193,20.458516488713,2.576101813786077,,,
1492473600,1202.13145803624,49.8912425108124,10.8792518914248,0.0328206330919517,,0.000450398047625257,0.00365495739361745,20.7469690335276,2.83447015604435,,,
1492560000,1209.56090888369,48.0668974666862,10.2357654608389,0.0299693687554139,,0.00044595075638277,0.00351406993794589,20.3829609308162,3.1131058038076933,,,
1492646400,1235.80307451783,49.3441459731151,10.979453016837,0.0299349642656491,,0.000438863212582874,0.00338779775744893,20.3431543064417,3.2164806221313915,,,
1492732800,1247.33607025132,48.5441502594974,12.0985430083269,0.0334623656767395,,0.00045395655376183,0.00346610490791612,20.4912455337879,3.1571016203284703,,,
1492819200,1243.55039257744,48.6126565376973,14.1489581997222,0.0318236678072494,,0.000465005646035301,0.00350556928347323,20.1643793155968,3.182426828298881,,,
1492905600,1250.00148322618,48.8707930379895,15.3339303346714,0.0319250422650035,,0.000528492663919154,0.00356763244777411,20.1940085234572,3.5123268384110293,,,
1492992000,1257.23944225599,50.1052582127411,15.033823021471,0.0315485965069955,,0.00050762420227406,0.00385452639161019,19.6913842882042,4.022582883648823,,,
1493078400,1279.86471741672,50.2949234336645,15.4752770544115,0.0326216789982029,,0.000533354036734688,0.00382793742001621,19.8951616168023,3.9578721140239566,,,
1493164800,1296.48545745178,53.5068268007014,14.9869314209889,0.0330359364674143,,0.000549794397242462,0.00388524538749683,19.5876043247039,4.598656537471165,,,
1493251200,1345.8899556692,63.3839737416715,14.8362697399986,0.035563078800152,,0.000640587297612258,0.00402360131876949,21.6518578191006,5.028856148031232,,,
1493337600,1347.98515552309,73.2896960841613,14.784155503622,0.0457679532686537,,0.000698221645834575,0.00461834131657046,22.8765770624412,4.982122807585917,,,
1493424000,1357.71525341905,70.4783451390999,16.1376165131268,0.0556434878419676,,0.000750331495135679,0.00512130749054703,23.4505646396525,5.586453609778898,,,
1493510400,1381.9563722969,80.5040275862069,16.1966163283669,0.0528044415243429,,0.00075548530077087,0.00497556536594568,24.2735201977922,6.682517614713755,,,
1493596800,1436.9414880187,78.3656599269433,16.1070871195055,0.0554317932914995,,0.000677593075986077,0.00514524099988733,22.9710034124231,6.752223151690188,,,
1493683200,1463.81906846873,77.6578077147867,16.1771573157958,0.0543833414290458,,0.000614863297279044,0.0049462181107947,23.2129841388187,6.534345416177233,,,
1493769600,1519.40894447691,81.155050748685,21.7031528314731,0.0621311896925918,,0.000684548875772912,0.00524239498334722,25.6500055715199,6.7422060968950355,,,
1493856000,1539.8300515488,95.4461979970777,23.8821712297586,0.0800225110078367,,0.000741199670200591,0.00663654512773523,25.9677564340846,7.2610904120895965,,,
1493942400,1529.85044301578,91.2619477144945,26.1364466366059,0.0917360968134914,,0.000814160297279172,0.0106349301563551,28.2164354705344,7.099122449274638,,,
1494028800,1573.28550961426,95.5202134447691,28.392020230517,0.102091821276308,,0.00117057407281608,0.0212335108792586,28.9688474058135,6.941598601992766,,,
1494115200,1526.26777171245,76.6355311633548,28.7802108965593,0.130931165800767,,0.00120852442297742,0.0426936777818004,30.6749409362293,6.509297576036236,,,
1494201600,1685.08649631794,89.3967222244301,28.6350979172048,0.195307476892999,,0.00145285646332892,0.0400381918983591,29.9661202193326,6.385998370341303,,,
1494288000,1719.22801355932,86.2167880181181,33.3551045537768,0.156624601881582,,0.00120410349102928,0.0280758495585994,28.1462363048757,6.039741425909741,,,
1494374400,1782.499,88.0493733267096,32.5997085804455,0.190075631252115,,0.00127093637202981,0.0318004294902054,30.1223095596157,6.386779030774313,,,
1494460800,1835.48754821742,88.2398370724722,30.5580732709007,0.183215989691694,,0.00120362031608926,0.0368569316733288,29.6960418378949,6.23295192894742,,,
1494547200,1704.66164108708,85.485073163647,27.5132189244784,0.205336056615228,,0.00117019811035039,0.0401008878557122,28.7856116123705,5.99468706694017,,,
1494633600,1779.84025669199,88.2832749123319,28.5851309593915,0.213343845274186,,0.0011521440661808,0.0376996458279981,28.5083295434567,5.954545405328459,,,
1494720000,1794.59355055523,89.4800016691993,28.663128535978,0.218198477933022,,0.00119124543014756,0.0388124256991451,28.566882962527,6.6730550664087716,,,
1494806400,1736.88284611338,90.8514018176505,25.476707462158,0.261414420289799,,0.00111830922687819,0.04316375058481,27.8924484437154,6.205475728051925,,,
1494892800,1757.02694856809,88.2582728825248,23.4552007128988,0.338469796876144,,0.00104771937972366,0.0501159261990999,26.4194934043021,6.042350126492289,,,
1494979200,1808.74606469901,86.8320563541789,25.1149175083417,0.388005134349108,,0.00129005287542666,0.0482890884467485,26.8244169809219,5.683321307386827,,,
1495065600,1894.24726455289,95.83543393045,28.3927302940867,0.359842673873076,,0.00145998637398122,0.0459047672295567,30.4078734458939,6.51273851570257,,,
1495152000,1967.54554769141,124.608196428989,27.4183435029831,0.32072993477373,,0.00146731232888199,0.0496203180356713,31.9046413900341,7.431040660656974,,,
1495238400,2048.11767799532,124.620777756867,27.222062759841,0.347233612095943,,0.0017890638297464,0.0535158312078052,35.0379205240515,6.982791767337793,,,
1495324800,2045.22249316189,147.731762711864,26.0053776243508,0.330023478366049,,0.00285487216848263,0.062551576612252,34.5939681691543,7.88056561275521,,,
1495411200,2078.94350002922,153.63485777557,24.0852919769989,0.300859408154286,,0.0031984612575473,0.0511076809308897,35.8602070045439,8.306476663012827,,,
1495497600,2257.28836382233,169.076412100526,30.7939688687272,0.32322263678981,,0.0034756030951123,0.0551911252462092,55.1159468312104,10.393629380548235,,,
1495584000,2415.00722665108,191.874668920514,33.7140026195541,0.290436724163146,,0.00332918555837466,0.0509538690841783,45.0280085379245,18.15315675709092,,,
1495670400,2319.60137866745,180.691296002338,28.3802525728953,0.246163452889969,,0.00292369329484887,0.0406151812576227,40.8980129784174,15.91198090181867,,,
1495756800,2279.4185836353,164.60314556692,26.0358915564215,0.273961578087171,,0.00254838877751144,0.0412272023180013,39.2595514900235,14.822405698333904,,,
1495843200,2044.30049982466,155.72604947107,22.9865751092402,0.211991334894324,,0.00224086351753884,0.0330913735657452,33.8688387258617,15.03412068667203,,,
1495929600,2225.7008666277,173.216734450029,24.6667565076249,0.235348895427353,,0.00246012284292573,0.0366485448684354,37.9666251062409,16.316674994495685,,,
1496016000,2284.71579748685,193.881140413501,25.7640664840534,0.233192318588725,,0.00269970731530274,0.0377556866377353,41.6864665605825,16.447780429986654,,,
1496102400,2167.26447790766,228.073706624196,23.9420065327059,0.203173552613799,,0.00240118730166483,0.0310476963295094,39.8350482307601,17.190508748752094,,,
1496188800,2299.43261025716,229.102651646406,25.9264844231747,0.246739665195784,,0.00251277305397699,0.0342614621230139,42.2397777048713,16.92351582484079,,,
1496275200,2399.88763194039,220.986285654588,27.3021387613472,0.335326395875111,,0.00267230980347365,0.0424352549341558,43.9919289745847,16.244522205346975,,,
1496361600,2479.4238943308,221.467074215663,27.9037606446564,0.294575271133782,,0.00292462394506133,0.0405926771219757,44.1897424001157,16.65097764271881,,,
1496448000,2549.55195151958,224.307389632379,27.3943802880895,0.28021720532501,,0.00327693957031651,0.0389708761008799,42.4952151335546,15.875405827291896,,,
1496534400,2524.99383354763,245.468700092928,27.6697012269344,0.292959219721951,,0.00316469880766457,0.0398924143223338,43.1984458594598,17.283756651336645,,,
1496620800,2685.31891671537,248.05642671128,30.5981406258803,0.288974034158342,,0.00378406839384051,0.0412485322844307,48.5911124658347,17.02255910141601,,,
1496707200,2871.34167735243,264.404235562244,30.1039039936497,0.283614250373456,,0.00367926925964465,0.0442758771477983,55.3261191662616,17.256780293455762,,,
1496793600,2706.76000885447,256.981876225599,28.7994691733723,0.277432929939719,,0.00329191263972715,0.048039836851401,53.201617702256,17.129578552432022,,,
1496880000,2802.56354681473,258.372808144944,30.1612010509957,0.2854905049151,,0.00341218499900574,0.0502783229285548,56.2876435035616,17.2095805648942,,,
1496966400,2804.87226691993,278.428987158387,29.5878957424006,0.279964235907689,,0.00332975796488597,0.0469551519343532,55.4791907421127,17.17923055509249,,,
1497052800,2916.3278597896,344.951987142022,29.9310878072558,0.261592082426419,,0.00319803575652556,0.042502270986016,52.9935658487823,18.873901287876883,,,
1497139200,2974.21455920514,344.026909994155,33.8026609436764,0.272314561140536,,0.00351122698917337,0.0458230657702089,58.6229109956846,22.246439114023,,,
1497225600,2665.43326995909,389.19372150789,29.0623072281382,0.2495757369678,,0.0031460110443149,0.0401281173520078,50.862815886886,19.59075811717582,,,
1497312000,2707.13782402104,387.25153943834,30.0876652686932,0.263157899672876,,0.00321073238619133,0.0414471740266567,51.9420403588293,20.095486529689577,,,
1497398400,2443.82445137347,341.446636869375,28.8104918966337,0.260157095592677,,0.00285561029973174,0.0390482304682266,46.132485428752,17.618462251497313,,,
1497484800,2409.886764173,342.119337795441,28.917212667213,0.243578594120893,,0.00279397355888944,0.0364229137636632,46.0552713629068,17.005359374086467,,,
1497571200,2476.35909538282,352.629732300117,33.4204634735533,0.249917253129824,,0.00301042609734414,0.0370755432063455,47.9863076930676,17.270753888276925,,,
1497657600,2652.75536335476,368.03726914436,46.4787837970187,0.260024326382554,,0.00326077433461449,0.0403081853530433,52.8112784477865,22.265422304855015,,,
1497744000,2508.21420742256,350.534463086499,42.9769978136814,0.264732144161336,,0.0030008702830525,0.0382274170731324,49.8025228673041,20.188344014491097,,,
1497830400,2589.64221338399,357.681361649328,47.5690114364874,0.278435912829145,,0.0030523204653828,0.0418292828794039,50.621477245098,21.608799074126523,,,
1497916800,2733.22655628288,349.288913500877,45.4094033993528,0.308610930294812,,0.00314923450076782,0.0415514421102795,51.635756408841,20.8497986638925,,,
1498003200,2639.26131420222,320.277859038574,43.4576196033063,0.268456519556494,,0.00292209665003289,0.0385233602634047,48.5268681398119,19.026575224951273,,,
1498089600,2686.64751431911,320.145963176505,45.9832889616084,0.27788651561774,,0.00300002296377548,0.0394893593619067,50.2124235763194,19.31917990831144,,,
1498176000,2685.87047101111,325.991536277031,45.7755639574821,0.292898495771052,,0.00300020396722987,0.0400354597541175,51.183449551898,19.772117154630276,,,
1498262400,2562.18914874342,304.768927811221,42.7776088845809,0.277593220122598,,0.00284297198512648,0.0369279762580603,48.1278362354217,18.46875451422697,,,
1498348800,2497.72894137931,276.242345104617,40.5027750849356,0.25661896760206,,0.00262166870392549,0.0322882842054771,45.1899310285882,18.421262663657682,,,
1498435200,2426.36505119813,255.033414298656,38.663137819462,0.247296259123512,,0.00254448506816483,0.0297781546028917,43.4269222926927,17.599508418500978,,,
1498521600,2530.34553600234,281.08192129398,39.7430047777539,0.258629984146145,,0.00258249431595432,0.0289807997898701,43.6913406190143,18.131714384811005,,,
1498608000,2562.79226420222,317.776258400351,42.176919075067,0.268036304806777,,0.00272331622515392,0.0320383263519624,47.329740369257,18.774763937062563,,,
1498694400,2540.44303161894,293.999290413793,40.3276250397349,0.255864683017756,,0.0025845831179355,0.0292127900287922,45.2379258036256,17.910593282237507,,,
1498780800,2452.71206428989,276.846878461718,39.3691282540767,0.246807797717917,,0.00246570785449003,0.026831944375121,43.6236407288683,17.313609473173067,,,
1498867200,2412.3662131502,261.219362042665,38.1163571232574,0.238385430630685,,0.00228552636632158,0.0243543215632606,41.1934445371596,16.542039986476585,,,
1498953600,2518.8721873758,286.533256667446,41.6174556162264,0.253846548678688,,0.00244450362697045,0.0257376462511839,43.1079897250814,17.4404455792096,,,
1499040000,2551.92743173583,276.381727718293,45.7087115805364,0.252149652765894,,0.00250858180332329,0.0261489844613451,43.7657563001562,17.247060205368133,,,
1499126400,2599.74474991233,269.404834744594,54.4523606456279,0.248149051305885,,0.00248374690453386,0.0258622118190352,45.5737783731383,17.43772295919348,,,
1499212800,2608.10489117475,266.262281550555,53.248043504381,0.250705620144831,,0.00269915457984056,0.0254873375383169,46.073365524136,17.39091937870607,,,
1499299200,2603.19547369959,266.656013065459,51.4000691363876,0.25035837536523,,0.00264114309547979,0.0255221338897228,50.2036318684996,17.479864955052655,,,
1499385600,2495.78092220923,240.161421859147,46.3503437867923,0.230496884945661,,0.00239408667457052,0.0203789192713458,44.262295187337,16.12239313631414,,,
1499472000,2553.4941581239,244.196069263004,51.6587449913222,0.229994786284197,,0.00238377156485424,0.0215480124753772,46.2206327261881,16.221481569119867,,,
1499558400,2506.17321355932,237.960754773232,48.7541635935377,0.226731424372211,,0.00228286995779923,0.0196211792155452,45.0317998514139,15.689472531028926,,,
1499644800,2319.36689736996,203.667605391584,44.0230875686742,0.18361969640154,,0.00182837658084841,0.0145619451197151,39.435576821056,13.965574705916021,,,
1499731200,2319.16744061952,192.891972717709,44.0946844839085,0.176208991456372,,0.00175037495382657,0.0144637425671985,37.1283171181287,14.120648455757053,,,
1499817600,2374.88626645237,220.375114831385,46.7317478078548,0.19581613836508,,0.0018812395755658,0.0176847586975931,40.2650109312995,18.767232834435507,,,
1499904000,2343.73834824664,205.861691116014,45.504595819607,0.191873032422172,,0.00178410499841653,0.0172671354462011,38.1851318328052,17.737162191755957,,,
1499990400,2214.82523728814,197.24683492519,42.6142959271431,0.18284196432428,,0.0016463585610852,0.0163945550136037,35.3826544012863,16.966511666365165,,,
1500076800,1989.63319023963,170.574619883109,38.5651422356585,0.172480436218858,,0.00148183240244916,0.01742267203808,32.113685649814,14.78779716262059,,,
1500163200,1910.74954161309,155.12095854062,40.7532560471325,0.146670325631267,,0.0012888508193127,0.0154475322829017,29.2857754505319,13.958662594398026,,,
1500249600,2215.74629614261,189.221658703682,42.3545210340915,0.172173619909686,,0.00152454028930861,0.018711150242798,34.8075491061802,15.090263359728677,,,
1500336000,2303.7611458796,228.78765892519,43.5155672829493,0.178597162725844,,0.00179700411266857,0.018795964883465,36.5214091757085,15.744600132922148,,,
1500422400,2257.06523588545,191.651705937463,39.9706704894198,0.161398500862773,,0.00165247561881489,0.0171356026800675,35.0909522861905,14.20791985010588,,,
1500508800,2823.89792635885,224.107144172414,44.5346130283284,0.188177846547881,,0.00189188980840037,0.0186832750778326,40.5324569609297,16.061881162684777,,,
1500595200,2666.1397182934,216.214063375804,45.3900137120577,0.183893346256921,,0.0019051493486284,0.0190187113428629,40.2520919900996,15.981360386755748,,,
1500681600,2829.75405496786,231.983774798363,46.995724018766,0.197838612857896,,0.00209693094387727,0.023004588610734,44.6517428282865,16.667553716082615,,,
1500768000,2753.24386493279,228.563602995324,45.1371263690174,0.197205833459826,,0.00200970437154643,0.0221069218199378,42.6846210958829,16.121531087193812,,,
1500854400,2755.1595242256,225.714163052016,44.8896820470087,0.190898133080264,,0.00199830263004316,0.0226957118857282,45.508141970817,15.936258067519606,,,
1500940800,2558.69299894798,204.267246499123,42.0080725836932,0.173923142891171,,0.00174821173807207,0.0185590073672364,40.6436263494187,14.581975862970326,,,
1501027200,2522.32464628872,202.456667746347,41.9145169899964,0.173176121160074,,0.00176926155219784,0.0189021836655828,45.6032126146466,14.643479776276102,,,
1501113600,2665.14754649328,202.88998441204,41.7955063748825,0.17219221801339,,0.00182532030168958,0.018264094914128,45.3566013038347,14.488950898823632,,,
1501200000,2793.83348486265,191.488124044418,40.0706591216819,0.163180308111259,,0.00175478460486655,0.0169199392055952,43.763577700201,13.91851153060926,,,
1501286400,2706.4507654588,205.994907945646,40.9808016562838,0.16888093087718,,0.00174241853908389,0.0173055829337645,43.713721723643,14.282018865027148,,,
1501372800,2749.3845277031,196.771915156049,40.2886202067515,0.163037471452113,,0.00169209416524292,0.0160131397637019,39.7792338957046,13.7712337446069,,,
1501459200,2862.61129088252,200.760819609001,42.2450062139683,0.164794644547203,,0.00167471795058399,0.0162281824812247,39.9025812164924,13.78854070396001,,,
1501545600,2727.38918199883,225.735534699591,43.1233744223086,0.176988270841242,328.327900656494,0.00179315852104369,0.0178736510709318,44.1842893793144,14.565106150809306,,,
1501632000,2690.14567197545,217.584664142607,41.571807092631,0.17142283385875,343.028448979673,0.0017437205862052,0.0185549662881237,43.5346057304007,14.466645988575944,,,
1501718400,2789.74631244886,224.028898297195,42.550513470048,0.174829471290307,303.046085710824,0.00175190084570844,0.0188510835843914,43.4193973430007,15.249388196527462,,,
1501804800,2860.27284324956,221.471094210403,43.1071876237528,0.173936458364478,195.992613099324,0.00178777818429054,0.0222932375249158,44.8736227854149,14.84054226220809,,,
1501891200,3237.42336329632,248.939666132671,45.9521064955457,0.184119361374478,193.434003031177,0.00202657442438931,0.0240240372212798,48.3896200606271,15.51405269410012,,,
1501977600,3230.11670894214,266.031145936879,45.3380507828088,0.179952203931989,210.50308870827,0.00193848035024354,0.0229381683714822,47.7938932983869,15.459374613786627,,,
1502064000,3392.56241864407,269.646053845704,45.9024626772383,0.177528745291951,321.20680462328,0.00194723109370809,0.0223100040065676,50.122136562183,15.223001853005192,,,
1502150400,3425.67661659848,294.522035516072,49.1797753796553,0.193840013578692,341.922428730919,0.00196773848059146,0.0236703390769726,52.0232132221572,16.011434839403094,,,
1502236800,3347.21543161894,296.828835021625,47.6565038078122,0.185041143668667,302.546634888125,0.00192805321233583,0.0230654659100966,50.9597966244936,15.351753393400386,,,
1502323200,3437.03215546464,301.437411189947,47.3241376146049,0.181067586084178,279.000882839407,0.00192008786928306,0.0221471554730115,49.673870321578,15.348779827302954,,,
1502409600,3660.52053728813,309.864902527177,47.0106506441056,0.178466649328289,328.718462283852,0.00187800342607374,0.0215094038161677,50.8736272195993,15.200677156299436,,,
1502496000,3871.08240619521,309.254121247516,46.2759343627748,0.171879190691069,316.536461794994,0.00184018633020195,0.0202829758725321,49.4370434608152,14.698170814803305,,,
1502582400,4063.80105271771,297.04311033986,45.1462571446454,0.165757781112284,297.457703495829,0.00179031087891884,0.0181473432130467,47.7901072363431,14.155378539918718,,,
1502668800,4304.60393120982,299.899655571596,45.5175452593564,0.168560104258672,302.193337255098,0.00174233989010539,0.0177545110442607,49.8284400360196,14.038015529314649,,,
1502755200,4160.0305458796,286.238491115137,43.1053792889173,0.157444697875712,298.314358773466,0.00170164542045577,0.0173362550331818,48.7488933194933,13.459126424375992,,,
1502841600,4364.67857463472,300.581495599649,43.9085379929329,0.159765478627467,299.695317122801,0.00173222919458253,0.0175850312217254,48.5230151214639,13.995246914662047,,,
1502928000,4308.51686142607,301.525778841613,43.9039298948276,0.158785990671365,428.95314388097,0.00167761786201455,0.0172810731610056,47.650257538386,13.8222351396352,,,
1503014400,4108.50716218586,292.570930255406,45.8025866268026,0.156673373138971,699.232408681688,0.0016426680880236,0.016858657004854,46.9407663307489,13.431580266632649,,,
1503100800,4160.33245686733,294.006381612507,45.1176287280117,0.15354777999164,711.659485323766,0.00164591262317224,0.0164680164026734,56.2064028765371,13.521613831784977,,,
1503187200,4085.8103943308,297.946730439509,46.1754527662368,0.158690972633172,717.642223461253,0.00168928988917278,0.0177187818891532,54.7544610328158,13.844976468474679,,,
1503273600,3992.62603524255,320.268020935126,48.1948224446573,0.195383479866146,600.882125427601,0.00169176572440226,0.0198605936591966,76.8328163068017,14.782552254414245,,,
1503360000,4074.33046125073,314.667140353594,46.395049805581,0.243836793226487,688.872631020289,0.00169110681747797,0.0215838561062358,91.445775474726,14.373848164257993,,,
1503446400,4146.9153452367,317.911476100818,52.5970338997467,0.248750403396075,675.545546077002,0.00171948197152838,0.0204357552415531,90.8665974711271,15.370077700773164,,,
1503532800,4325.81642799532,324.404678510228,50.1884292670656,0.21779147226072,618.444449302744,0.00179650296653485,0.0189099462409658,85.2736653077527,15.135370604899475,,,
1503619200,4353.13177255991,330.229825942724,51.1118257741317,0.217167906447389,631.652396009629,0.00171964148329886,0.0203582794029756,107.811364971336,15.177097943592024,,,
1503705600,4341.97871677382,332.432620397428,51.5386777332967,0.209806415807318,618.883887407504,0.00175388774241728,0.0212448793366527,136.935289536196,15.284379840223178,,,
1503792000,4344.90344476914,345.159394547049,61.1753329939313,0.201696432234777,620.141981461721,0.00175913573538205,0.0196987866184874,130.587564785682,16.068620468993654,,,
1503878400,4379.76392068966,347.312148939801,62.110070962155,0.224806864283727,589.502765865676,0.00180131294017253,0.0205709217704821,143.10818075828,15.801231823439162,,,
1503964800,4600.45683097604,373.270473714202,63.6027622624139,0.219479644440768,551.921244869086,0.00187682963272306,0.0201249309842618,133.126443826574,15.85035956334808,,,
1504051200,4586.63273670368,385.096362653419,65.1167743651943,0.231493305867638,577.40482341997,0.00211023948850587,0.0213025554304615,135.097826171317,15.961493669308364,,,
1504137600,4740.35621770894,388.628983109293,73.3643036922992,0.260323941730651,593.880407244615,0.00207808683389065,0.0225254704202518,141.642131343467,16.85094246737046,,,
1504224000,4918.16624488603,391.600977030976,87.8758229250781,0.253909015965032,633.427670164305,0.00250876436250343,0.0240438095492015,142.963767550832,22.400640622810954,,,
1504310400,4595.02001782583,349.100817241379,79.0453615367296,0.228277449765848,581.488502537538,0.00222382452572233,0.0209113264754421,125.666501216734,19.884575476114364,,,
1504396800,4625.296314436,352.873988895383,79.6354424542663,0.231701171830298,606.573274618559,0.00218916707295772,0.0215026889864018,127.369608565424,19.466587645409923,,,
1504483200,4374.75349649328,313.259609643483,70.5289698948605,0.21235627188056,540.830101651383,0.00194820225010376,0.0182786226729218,110.347902244419,17.201024319923857,,,
1504569600,4454.05253769725,321.673799707773,74.2520532791153,0.219889303854611,556.976336756786,0.00201489062779874,0.0189753610538075,121.18682697802,17.43109449892643,,,
1504656000,4607.51652980713,338.424651081239,81.656218736816,0.232453217162987,651.006938181473,0.00204733125450847,0.0205392988601323,123.618307539359,19.32009952297882,,,
1504742400,4635.11187580362,336.414099064874,80.6435641931151,0.228496440444564,671.063731073138,0.00201186462077676,0.0203265205457184,122.752152687281,18.568244718662815,,,
1504828800,4345.45765634132,310.01521244886,73.8263607764403,0.214420627790518,615.037861965641,0.00179342294693658,0.0184556005774297,119.160264379029,16.95438214892095,,,
1504915200,4335.593449737,305.233473699591,71.6556809371012,0.214095919084084,591.079155516351,0.00171430758676708,0.0179333676389726,116.124553299623,16.35509103321205,,,
1505001600,4261.84352104033,301.328705435418,67.4859440517357,0.218515115320374,562.456349269371,0.00155993261908672,0.0168138980410991,113.356048672362,15.356560201480404,,,
1505088000,4212.54757334892,298.009521917008,68.2000863758144,0.215168047440712,557.335861654485,0.00153686193389691,0.0173889101302152,112.498735904557,15.280396909536975,,,
1505174400,4164.31943424898,293.927871127995,66.125208365305,0.209634270922427,537.334034760647,0.0014933217851151,0.0164135031989863,111.813070363307,15.024635376794503,,,
1505260800,3887.11858679135,276.957384570427,62.0622766632692,0.198979894088876,510.229909461728,0.00137434280150072,0.0154764161196167,111.054818059817,14.273474167542641,,,
1505347200,3247.4687390415,225.336907948568,45.7914466468071,0.172045325003785,390.865653327088,0.000951642718555946,0.0114794802824291,87.044035244601,10.367977545303203,,,
1505433600,3699.22294389246,258.900247808299,51.9917855670845,0.18471255969129,429.920143876307,0.000976881973965487,0.0121623510298369,100.012319410106,11.486064877110099,,,
1505520000,3711.23435067212,255.184495616599,52.3652171843544,0.183463655813182,449.70637024023,0.000911378295977261,0.0119441208072515,96.6966523520642,11.267868330260185,,,
1505606400,3711.85620397428,259.595284921099,51.3348729399894,0.182925394194427,444.009308484994,0.00087718104203859,0.011391044545382,95.0214495789148,11.17146313283363,,,
1505692800,4080.42844301578,296.59002980713,56.1706119615958,0.194195580919478,486.063722001982,0.000962636267459462,0.0135344639643127,101.958376128318,12.095823814471085,,,
1505779200,3925.73619023963,284.68624050263,53.1997208968471,0.185056403756914,536.5713929537,0.000856763816992429,0.0118116350515292,98.9334354723284,11.58306252382876,,,
1505865600,3895.777078609,284.783950029223,51.8519904954564,0.182035159306546,481.160343451412,0.000837515340347721,0.0122410006225314,95.7884511050464,11.261919517430892,,,
1505952000,3617.24346580947,258.71685534775,46.5884941648871,0.171087688629113,418.898031453773,0.000745225090777072,0.0105603551996308,86.2384454623026,10.088861282541885,,,
1506038400,3619.2137182934,263.592519286967,48.0060002906472,0.172806364095469,412.044153800605,0.000776104316666571,0.0108320718647418,88.3346035037631,10.231411867965656,,,
1506124800,3775.60059409702,285.098802746932,49.291421443577,0.178791064739312,428.166936136122,0.000940505969650023,0.011890042613057,91.8271491589148,10.556197815569055,,,
1506211200,3676.89694418469,284.710706604325,47.7181180313691,0.176281089877209,422.277055974213,0.000877289452040164,0.0115960927125692,89.5716208581788,10.542742427899146,,,
1506297600,3918.73807130333,294.606179135009,52.1569934806637,0.184124625170779,450.293910585219,0.00113730184304805,0.0120409182073633,93.8477623393578,10.995300914086343,,,
1506384000,3890.09093687902,288.873323495032,52.4030643848117,0.190669240622863,448.587584877072,0.00114987268484106,0.0123735357729956,93.6159709342824,11.554729967496513,,,
1506470400,4207.78748538866,310.386890707189,56.9681975362942,0.210391252104824,463.789401888215,0.00115156175192104,0.0145003480001962,102.373560923412,12.985579092940913,,,
1506556800,4187.76979631794,302.473999707773,54.8694616854829,0.202194098716125,458.668513668339,0.00107680802745975,0.0138474421262808,98.0002606768672,13.209668287937047,,,
1506643200,4155.01011981298,291.483834891876,52.6714166381373,0.19658820096296,440.255263157773,0.00109559530252981,0.0131838203976527,94.4975809488954,12.690382541020753,,0.324559541165844,
1506729600,4334.54461250731,301.653574810053,55.2610071126625,0.198252942418231,433.598211911027,0.00115358850848731,0.0138033256517804,95.8105173122834,13.14475688432445,,0.446579790093441,
1506816000,4382.08689801286,302.921215371128,54.7210811284143,0.203982451280367,417.397378371909,0.00107253958676214,0.0136752459402473,93.2201386920561,12.8114284173417,,0.437717912612124,
1506902400,4386.8757150789,296.383131209819,53.2011664538905,0.202492284925007,416.215938554462,0.00106558903309782,0.0128461848164389,91.2799177281629,12.44364483279791,,0.368875052926764,
1506988800,4306.56464202221,291.627101987142,52.0763787427485,0.202702089397894,401.117505496742,0.001014635187416,0.0124445220309709,93.1283330215388,12.180852346453994,,0.347914667494424,
1507075200,4216.68482144944,292.153131209819,51.2580270088413,0.212669405071171,355.842979694794,0.00100220074977222,0.0117984221399714,90.0489588315075,11.800913738211108,,0.392779082890016,
1507161600,4319.42091583869,295.104265926359,51.6561435377418,0.23766614200853,354.428448421256,0.000995925169548711,0.0144609062280591,91.4602997028652,11.91494233365697,,0.4064520736245,
1507248000,4365.91571040327,307.36563383986,52.0966710683418,0.233990795972543,362.667893288922,0.00102311088201629,0.0183803903154284,90.7973952006082,12.26426859220604,,0.477512318683484,
1507334400,4438.85593308007,311.539527761543,52.583891903362,0.239693224923665,360.549791300227,0.00104135793677513,0.0208496798976037,91.462772762322,12.385537950153347,,0.451098661913806,
1507420800,4600.73979661017,308.811207773232,53.2887116258116,0.27781969792989,340.160890517298,0.00103487497545649,0.0185178002127256,90.1296594309139,12.118435693648888,,0.379445247303471,
1507507200,4777.53465692577,296.16992226768,49.9420498563598,0.248675673258187,312.243274732082,0.00096121777460963,0.0174045308327104,85.3935396018929,11.426383176362936,,0.37699456269788,
1507593600,4741.07791496201,297.805755406195,50.3567915695986,0.256813144057434,318.405949284115,0.000975524579714149,0.0184447853948836,86.204389689739,11.342945830678678,,0.414854673640574,
1507680000,4814.96711805962,302.037225599065,50.7712613354201,0.262836574759993,312.308929085476,0.00102916305998468,0.0194470401177515,87.1742243870143,11.416228254390486,,0.449692771706325,
1507766400,5393.66898275862,302.722357977791,58.5006975257572,0.248036390149405,312.316753816274,0.00104895008882759,0.0177704086586388,86.7194281458725,11.619749017480485,,0.446852335886161,
1507852800,5614.07751461134,336.118935417884,58.7856887596429,0.257525404209677,319.452841306591,0.00103467087665867,0.0179170232393088,94.3904029294832,12.003208153521232,,0.435515893860828,
1507939200,5785.73831502046,339.239905902981,64.0856607879927,0.255567106012107,320.476470836746,0.00106441489079147,0.0177037556470665,100.438336260871,12.190552076074432,,0.397042242532419,
1508025600,5689.86505961426,335.292906779661,65.6151698137177,0.264804990357743,313.502120591977,0.0010605383048164,0.0187642006063142,94.5949732473153,11.939099690672489,,0.412842107382338,
1508112000,5756.14881180596,334.387035067212,64.8328631960963,0.256635154444213,311.793193258872,0.00116024043972971,0.0364601951088186,95.6116362991311,11.887926721990405,,0.41856426025631,
1508198400,5590.41632437171,315.673910286382,59.2741175986712,0.224913007200985,376.142162909889,0.00106420223768442,0.0457629454563144,90.7931003408524,11.832895378969837,,0.402976399320209,
1508284800,5583.8704257744,313.292919637639,60.6976538361781,0.218017949607422,338.767795847005,0.00102893467964233,0.0349720986691245,89.5922473602557,11.474996783338824,,0.368877248697419,
1508371200,5708.31299094097,308.361189362946,59.7807699035004,0.213797718046509,329.944442803422,0.00104510670080227,0.0312524931713828,88.7131380406882,11.296240264240621,,0.303326989494063,
1508457600,6000.88313033314,304.104843950906,60.2684409066301,0.207547285161048,327.370722202336,0.00104529176320268,0.0262666317928323,90.0375872051024,11.135780181247792,,0.223418894098583,
1508544000,6030.20789275278,299.96448918761,58.0543230511902,0.20810249768929,322.517686342543,0.000998668685314778,0.0371913441845042,88.0885241751345,10.849512047105627,,0.249830443232141,
1508630400,5996.59813880772,294.862483343074,56.6466589727409,0.201404232889623,330.772305809891,0.00104394465077268,0.0311761700296089,86.5177380608344,10.702878293139579,,0.264357976793561,
1508716800,5888.25001665693,285.272274400935,54.6401628167535,0.193666860625338,312.032008178763,0.00101248269758946,0.0347433026136983,85.0398888728822,10.040737130372053,,0.246801730362845,
1508803200,5517.77535330216,297.201345119813,55.7755391022563,0.204963529205837,324.356452085589,0.00107202167786622,0.0367786735695359,88.4216319912878,10.403581850645491,,0.255401693419167,
1508889600,5736.01780157802,297.963974576271,56.2848708146958,0.202399864641323,330.902990289437,0.0010558302382839,0.0351264896500078,87.5777697254966,10.447216435541632,,0.256185912315355,
1508976000,5900.31772910579,296.136726183518,55.5535363557809,0.201953650733905,336.415125012246,0.00103482262122304,0.0345704357382953,88.2393640182965,10.373434149723098,,0.228095257095559,
1509062400,5771.94504617183,297.075979836353,55.1473065773631,0.200690634807764,368.11753554953,0.00100280815177021,0.0342165911886098,86.6772662017694,10.261358236147686,,0.224886416857518,
1509148800,5762.38857685564,295.060524254822,54.4513570019067,0.199234088584661,418.934821438987,0.000999095796636039,0.0310858585404333,86.0903342510235,10.408312079088917,,0.207153313552319,
1509235200,6174.72884482758,304.336856808884,56.9267008886452,0.200649122103107,448.273557114415,0.00115982158547976,0.0299674567534226,88.3889673046061,10.86969897406004,,0.198262741846901,
1509321600,6119.25638398597,306.156846873174,56.0827279402935,0.201852699848086,441.44374240278,0.00113574292592037,0.0317300574566411,88.6338972991658,10.820844890918224,,0.208743901562294,
1509408000,6428.51463705435,304.758790181181,55.4302437547112,0.198456159521494,436.507081926566,0.00112764450075458,0.0292201426282228,87.5108120779127,10.488678219999013,,0.192096210308663,
1509494400,6726.41183459965,290.520131209819,53.286288090393,0.190921504393644,531.797112552887,0.00110314765910258,0.0274481927979331,85.5526679764563,10.209807070029653,,0.157751686714108,
1509580800,7043.77793892461,284.507127410871,54.2165362038107,0.200280452780525,577.46093426169,0.00115335544521874,0.0274138362090918,83.2869768744663,9.910971835134639,,0.169257536578915,
1509667200,7198.63211075394,305.85942402104,56.1293266294182,0.207707073360806,637.926076810185,0.00112054765718258,0.0277722175016389,87.8141085031071,12.337013910971635,,0.170670695651203,
1509753600,7420.498078609,300.036860023378,54.9864049620589,0.201964961378637,618.605622871119,0.00115717745113161,0.0272163355814488,87.3643238960559,11.848708378799932,,0.17663640647424,
1509840000,7371.13902980713,296.308627410871,54.6255600294322,0.200105453281978,622.613607176797,0.00117091986698057,0.0266808781217041,86.2184203334592,13.176292389141615,,0.172005225365233,
1509926400,6985.26384395091,297.987309468147,54.6559485280743,0.203081192147551,596.39416540872,0.00114663983749317,0.0287776478883733,99.9138926617543,14.077032069573725,,0.166622428872947,
1510012800,7118.20254383402,292.059068381064,60.8274517638372,0.205646538063691,607.588388635818,0.00118190410383853,0.030864106043941,99.4690187534205,13.484365558353195,,0.177355978643504,
1510099200,7451.21278667446,309.827165692577,62.2345602592273,0.217191625110602,620.8856444392,0.00124374241561343,0.034126145203529,114.62949755718,13.923222150939873,,0.217268991481224,
1510185600,7117.73804967855,319.44557685564,64.3541667181658,0.216923201604415,661.370920344334,0.00139773197754828,0.0402389755874241,120.293148452351,14.170950713414173,,0.223709787273718,
1510272000,6620.56733635301,299.664234365868,59.416658211083,0.204894033310265,998.972814206263,0.00116672582712292,0.0331785204846963,105.746806370837,14.485229434929641,,0.187505016191985,
1510358400,6346.72144915254,316.147826125073,62.3218762598051,0.209616500312168,1354.86391265667,0.00117721333756798,0.0330040068495922,119.490372372049,19.26008862967321,,0.179281749848862,
1510444800,5829.09782758621,307.17681823495,58.399632708927,0.192066096410521,1434.61586303462,0.00102477720184541,0.0282600028449397,119.951078805233,14.774696984702597,,0.169621595457764,
1510531200,6519.44517212157,315.537040327294,60.9494971123503,0.201291977634947,1363.91177820844,0.00120211958081243,0.030488158675237,123.050952246408,15.935632207212121,,0.184107208091109,
1510617600,6592.37439713618,334.214478959673,62.2493815070133,0.204729511281769,1262.74546658471,0.00117478539106978,0.0362591476388178,120.926240374003,17.449273805952238,,0.185812131026209,
1510704000,7257.37321215664,330.784093804793,63.2358138907965,0.208796702031257,1203.36110753884,0.00127856295385458,0.0371180707022328,120.908239417533,17.170017461803386,,0.184436057570491,
1510790400,7833.7044333723,329.662060490941,70.6828563549611,0.224187659204144,892.121696335152,0.00136686833624795,0.0373353987019623,119.442743172437,16.795187947593707,,0.168253531929265,
1510876800,7729.03327001753,332.276588836937,67.6331290275555,0.222622366609719,1169.66050207015,0.00128605196001412,0.0355838435345366,126.065400348741,17.13800217336912,,0.155380359738789,
1510963200,7796.15424108708,347.42983635301,69.2846948447392,0.227346333733953,1240.4243203005,0.00134526377751686,0.0363491955168956,130.740876969293,17.762880400349374,,0.170653467717521,
1511049600,8018.32068848626,355.932445353594,71.586985521642,0.231032458510818,1177.32234840608,0.00134903207772712,0.0364404463549711,129.665056022356,17.91567000189191,,0.161281143425981,
1511136000,8269.87425745178,369.559533606078,72.7058799207232,0.241210535881317,1226.21525858829,0.00136340888026863,0.0383290546743197,137.922034121954,18.620412653381607,,0.160763543897585,
1511222400,8091.99808357686,361.197126534191,69.9020799051071,0.231368893089861,1174.00931294667,0.00135062021876579,0.0376793864440344,140.316257939546,17.685142146958555,,0.156161552780232,
1511308800,8249.59733021625,380.819107247224,71.9761534493909,0.239572432273938,1300.47016376395,0.00188722918608762,0.0421668090585774,166.383501463594,17.99235972575669,,0.171272479277954,
1511395200,8071.66982144945,414.980221215664,73.8647815438376,0.243892611509883,1613.67165306098,0.00193760363301154,0.041219109429548,159.953735530966,18.159880430118804,,0.166203944136454,
1511481600,8232.42233313851,473.450565458796,77.056175111654,0.241178716902455,1639.10802513672,0.0019206688769768,0.0402279169724125,160.62934226981,20.986405134294586,,0.19217650301583,
1511568000,8760.1654421391,466.802904734074,88.9006107740309,0.250732969387147,1567.87321059859,0.00205213249769645,0.043826088844998,168.67465190156,21.618322772915114,,0.180255120384522,
1511654400,9319.90331472823,472.277975452952,86.3755345498475,0.246951935756728,1737.34499652706,0.00199266777445984,0.0486471935658597,163.140619142167,21.61861381272376,,0.181772695463554,
1511740800,9730.72857948568,477.648246639392,90.8891444008508,0.247540730466242,1603.19756470084,0.0020056481827795,0.0594853371602837,169.746337189647,24.943634930662093,,0.184849837503447,
1511827200,9932.19418001169,467.924269725307,94.1686492102783,0.279796844249816,1493.59773658709,0.00235597683052126,0.07846764572097,194.465235103387,31.597118659193267,,0.178796401605786,
1511913600,9800.02755172414,429.046690531853,85.9046317257243,0.236059297110592,1335.06583789705,0.00207983676482957,0.0662824176141571,168.045594393704,24.717203131758765,,0.146538185200215,
1512000000,9996.71497194623,438.558600233781,87.5163490030609,0.237187655106378,1346.58134166823,0.00206461669378526,0.0721759899666811,176.850550513389,26.230123911299632,,0.16941261242644,
1512086400,10808.9583325541,461.586232320281,98.6648122106854,0.248288629463957,1429.45341148286,0.00211454116747613,0.0891746106263028,187.631331461187,29.627229543438432,0.129954409329643,0.175288959653328,
1512172800,10934.8599856809,459.85709585038,99.4784477321372,0.245290946874728,1400.59317061807,0.00211192809251719,0.0941590951353903,199.031699859363,28.95698663101823,0.133453995637765,0.203085272829832,
1512259200,11213.9426554646,464.386072764465,100.94713938168,0.246135292899355,1510.79531944345,0.00220259290954242,0.0902242202871477,197.324957913984,29.01138401732706,0.132004998744646,0.231062100245899,
1512345600,11562.1285669199,466.900428404442,103.740549716125,0.24707609995859,1535.20224623752,0.00245641196071387,0.0962742698449995,205.335443928948,29.226991112973707,0.136585539200814,0.228208981426204,
1512432000,11736.7540672122,458.076665400351,101.082221972658,0.235547634459648,1454.47987952352,0.00246912866043779,0.122976018227951,248.168137696898,28.39345403724437,0.128867635840519,0.300336804863426,
1512518400,13992.1323372297,434.233698714202,99.8597998338959,0.223898106318061,1382.81330392841,0.00262807246068395,0.143861216710517,261.937455779151,25.890940019889417,0.12114288000121,0.292344140760612,
1512604800,17032.2933763881,431.749817066043,97.0776136677395,0.209620607304238,1276.16434465347,0.0026857462895002,0.135750922041749,264.143752941981,24.24628220670765,0.10716511098537,0.260503807672148,
1512691200,16298.4873386908,462.933985680888,126.425420485222,0.241106366625257,1419.11287634395,0.00277445501620157,0.138366332135907,268.169363145393,27.890580099437766,0.115889532145137,0.247136109655152,
1512777600,15050.0219541204,483.060178842782,157.130825694067,0.242901082162339,1409.98825299035,0.0026217783793305,0.135132238385682,262.597000116131,28.201302601119355,0.120964704441417,0.243053018906523,
1512864000,15474.9995432496,444.877736995909,149.91303548254,0.233999130047862,1302.33276854131,0.00258663939034051,0.116078270039716,246.149360060801,25.732594713972052,0.109714900004377,0.258518201146039,
1512950400,16873.4977849211,506.33839333723,217.038088219198,0.247504944101984,1403.31889192627,0.00268712966977607,0.143280724595906,275.805518767395,26.819079526959364,0.120327453686479,0.262331978613379,
1513036800,17433.9307381648,683.905956165985,342.120796823764,0.384700150223602,1627.40127541373,0.00327784237276071,0.159290019442671,310.470510849367,30.82689844652805,0.138078496116008,0.234152713869467,
1513123200,16515.15257218,701.59801899474,307.195859337528,0.47471490105834,1620.40288672601,0.0034909869218284,0.149862606336511,309.391540209695,29.81870636032185,0.135491421905498,0.262421613304946,
1513209600,16602.8928033314,698.089197545295,276.903783028549,0.850351761514141,1948.0708933846,0.00370757345799887,0.184344771659494,325.692101704455,31.887489089048337,0.23833097466712,0.313506471871597,
1513296000,17702.0021721216,689.464290181181,302.810059206699,0.741837340954904,1795.17792152576,0.00370198186634417,0.198477646946222,312.582958920424,31.832633753266617,0.2156882659546,0.323300926454918,
1513382400,19640.5138834015,697.827856516657,299.010074689937,0.74426290871538,1791.40249266893,0.00580812754687189,0.237685647823233,327.663465903271,34.16607624421528,0.418976167736437,0.343502850224276,
1513468800,19250.467650789,729.331224722384,321.877116294337,0.722209579369984,1838.49455454282,0.00602044992639097,0.266455810095043,348.452231808094,34.63304497863551,0.480496871545191,0.412228244629705,
1513555200,18982.0250242548,787.728504091175,359.07262925673,0.760395691285874,2144.97626549694,0.00630626914928975,0.275918308131393,370.204500205706,38.41881512462281,0.520743081650538,0.471468279942337,
1513641600,17653.3260894214,823.847225599065,348.745340178617,0.748307781389594,2771.52160531274,0.0055820343289742,0.26306245738448,364.649150642876,38.14979875461621,0.529007603292704,0.42458142592243,
1513728000,16453.6272603741,797.287250730567,305.197573793135,0.720258628892847,3678.34499816088,0.00662160196762844,0.251222722301385,477.116817451084,38.86333580640504,0.477622507878341,0.374184964788965,
1513814400,15633.8336504968,793.748969023963,308.600572528376,1.09946720571884,3107.20215851188,0.00736818468185703,0.254232788509681,419.638403935046,37.72085743022529,0.476424168984041,0.425474394541655,
1513900800,14305.7183436587,682.334545879603,269.281446661413,1.07747298595809,2648.77426439186,0.00627755070996428,0.224485286244957,345.740195554041,29.78180554396471,0.425925588112597,0.43764587382411,
1513987200,14910.8581049094,725.150860023378,290.283246999634,1.06318908032035,3094.01281807587,0.00746904011249629,0.240820454378574,369.724499588481,30.6282847952937,0.425812001515316,0.625565419080248,
1514073600,14026.3468661601,688.890793687902,274.257678661059,1.00915336595831,2863.11210438035,0.00873973311527456,0.223963205568887,341.209312876649,28.603650166595294,0.394342082891068,0.552215756293877,
1514160000,14080.9422600818,737.894633255406,269.230464513094,1.00245764966257,2804.73388788491,0.00904498172957087,0.227734334001446,343.150589020834,29.33144108797276,0.421383899704482,0.512713796787973,
1514246400,15727.1454792519,750.003065166569,278.188374788544,1.07111563471301,2910.25828946286,0.00932705486281018,0.222500624177463,356.790304165136,29.935840986587966,0.42534117271402,0.505183979261316,
1514332800,15389.0005739334,740.721733489188,263.095982357807,1.22205917343703,2711.3713929689,0.0086878958009295,0.225198142419836,372.903469852367,28.883852645268156,0.409216243601965,0.50318921999849,
1514419200,14289.4522095266,716.352512273524,247.796903604872,1.26993270850444,2485.95895994738,0.00819389556778922,0.221803931994319,353.050221215495,27.038930049695434,0.407360151706071,0.510407489107643,
1514505600,14571.7460821157,747.100341320865,243.880431367358,1.93403170717339,2666.61999889012,0.00944054496456765,0.320426485127363,357.829789746397,27.79206631546062,0.546381732156783,0.488564292196023,
1514592000,12948.7158828171,713.782832554062,217.55780150553,1.96248331221992,2285.88458699371,0.00793850428576114,0.325508606371869,315.293859051212,24.737241990836125,0.671867893319044,0.53989595347582,
1514678400,13921.4806414378,742.255464932788,229.03527344673,1.9810830802894,2384.95066946072,0.00903469055713837,0.355560273226506,333.518623446342,26.355145726717463,0.727614209054702,0.600312060332108,
1514764800,13464.6536116306,756.071765634132,224.817223941702,2.00983954051858,2328.6739826676,0.00880373030629959,0.487672943892147,341.713866744529,29.674498149680012,0.737354625327598,0.722198644973961,
1514851200,14754.322204851,863.918307714787,250.52089510924,2.18412450364102,2545.89898636387,0.00901145237803991,0.555742484043824,363.053752378791,31.86362947968143,0.790553691377359,0.6592749754674,
1514937600,15010.2861595558,943.648126241964,243.312843948224,2.73236596612462,2541.53711808789,0.00920949731008205,0.880229965321243,384.689556533231,33.071472614215956,1.03259716353883,0.679001226055107,
1515024000,15070.3007986558,952.354543541789,236.355790970386,2.72749002969183,2349.27600378537,0.00952449809146595,0.74158504273224,367.276951470842,34.19665541588481,1.16060369270653,0.988861298499511,
1515110400,16997.2274079486,958.55284628872,243.522199069532,2.45525555214236,2395.05209824359,0.0126493674326733,0.644066625761424,354.052719485069,31.05026153915284,0.959366373306339,0.912981438920213,
1515196800,17103.589279661,1006.15747457627,278.298882327921,2.62300524576427,2518.39456157542,0.0146194629167751,0.686767190389341,384.942069088141,34.01427603613913,1.00788503414734,1.04618411293948,
1515283200,16231.6949994155,1102.88953652835,271.739536654928,2.7457943169706,2527.83961909246,0.0167628395087521,0.68506979557154,398.810805115166,35.2303034298848,0.993746942362518,1.26383483782034,
1515369600,14937.4150894214,1134.69905990649,253.147462784921,2.38978650521998,2400.29230633878,0.0146720561455998,0.622130918563598,400.766002984027,33.897766782179545,0.882939489677948,1.35569602117563,
1515456000,14378.5862174167,1288.40687521917,245.186071789648,2.03139865201203,2357.61033713387,0.0128841544557477,0.569939789170009,410.005107703869,38.625638267767705,0.786400938280552,1.22504907876823,
1515542400,14669.0882656341,1231.76729456458,245.862073757587,1.9314951373174,2876.47912506818,0.0126491777134883,0.559323676404319,405.271842096066,36.226042381316276,0.774898528053187,1.17251754024026,
1515628800,13186.7549427236,1128.56387580362,223.887672710633,1.89365053929756,2417.83223554078,0.0110876216151261,0.540832391696989,350.503879587271,32.10166760380486,0.677668570643675,1.00726255639934,
1515715200,13789.4436639392,1257.23113442431,234.819813287301,2.00682517551349,2590.63229113491,0.0126084678015742,0.673537602749697,383.976812424468,36.363833602140524,0.908050153420779,1.03950994968924,
1515801600,14231.2250645821,1380.14454091175,257.258397803211,1.98731970124989,2654.94508748616,0.0122354863116412,0.661191520675834,415.960676046725,41.958042647001626,0.873793896829375,1.0924325149117,
1515888000,13681.0654611338,1361.91507568673,239.082684388729,1.83547891630988,2538.58596648398,0.0114212942634331,0.625985143047898,395.637239130751,42.92652798704072,0.799327503731093,1.0055511038811,
1515974400,13591.6961966686,1281.72139830508,232.575926584588,1.65092578417611,2403.59997050879,0.00976390169950217,0.593901010597243,413.73763664335,40.233265422495684,0.777490105274966,0.872612290481229,
1516060800,11431.0401052016,1061.18708854471,188.938047055828,1.16608335892731,1779.83247615916,0.00671753857181203,0.434347545331984,318.323524010536,28.64308833064559,0.613421206836028,0.74328543317821,
1516147200,11159.6085905903,1012.62289070719,187.200901159266,1.29157861843421,1738.15361927781,0.00752754911464512,0.474525151996282,318.88855609369,29.153924445903574,0.63193491926662,0.699037264766737,
1516233600,11246.0397302747,1018.76687463472,191.632631992248,1.56758951323796,1724.69364086223,0.00775773563872693,0.497480648143402,313.780101799939,29.745685371237713,0.646777355838626,0.73047628625571,
1516320000,11440.2555616598,1029.93438457043,191.823095154179,1.52446951102224,1751.39898514993,0.00777253645966186,0.498933170808452,363.032493022491,31.445948276102257,0.644372675782961,0.811590028749072,
1516406400,12768.4045856224,1151.94553243717,210.401029411956,1.56842851899854,2030.07866623758,0.00837610038887314,0.530899845344972,383.831129592645,34.919040789772176,0.70651726184429,1.14122066103386,
1516492800,11422.3942589129,1039.42323290473,189.730933171879,1.35631109756556,1760.09713424271,0.00703367662580356,0.458698074992737,344.09291064884,30.07133067553861,0.613887400537408,0.882546671112656,
1516579200,10737.3505774401,992.037435710111,178.208224402851,1.29266686249069,1605.24725835781,0.00663648931321434,0.478455083835017,312.77399461726,28.91871568223621,0.565566976556355,0.79783503007205,
1516665600,10849.3918793103,985.212768264173,177.964732344204,1.333664085064,1619.64015912891,0.00662605291583572,0.487731503693913,309.159756963479,28.352459827508664,0.565767582636778,0.807260792984869,
1516752000,11225.8961747516,1047.12019959088,179.364256404273,1.33366939238486,1629.86326771298,0.00701218911118396,0.566938753650234,316.296922612781,29.356261434409454,0.620400608214787,0.789042960357216,
1516838400,11130.4649473992,1043.62177206312,178.877801932029,1.29768452420764,1632.79680246604,0.00752032055810994,0.605838706017065,314.852747591801,28.93042524331463,0.633527221184832,0.753068691215958,
1516924800,11035.5546098773,1040.46817066043,175.330602195768,1.20620660329219,1586.21247867585,0.00714269524521806,0.629440611769513,320.644282821242,28.475924582470686,0.618315055322647,0.701450719866204,
1517011200,11320.9701852718,1092.768235827,179.312606960357,1.20549323391795,1618.98130480397,0.00730035950291414,0.606855806980976,323.616320373831,29.35887815284784,0.616180175251003,0.789612401517141,
1517097600,11615.95871128,1214.83129924021,191.430220792839,1.35453217390722,1728.19928788849,0.00742274463050832,0.610755133445552,327.254953897714,31.958535935526672,0.625430138406372,0.755223975550477,
1517184000,11132.5543138515,1162.00829953244,179.37697628745,1.25569181288973,1636.92851547595,0.00685855887933772,0.571584966859634,311.451609004025,30.92617489905262,0.589449522175442,0.690408263532182,
1517270400,9959.54671537113,1051.93348831093,163.640812451525,1.09026871960079,1451.62109585458,0.00588416058801474,0.478242457903645,271.386451876757,26.665053415061863,0.501109295675531,0.600030322365733,
1517356800,10050.0957971946,1096.25005698422,160.959500680466,1.10894771629237,1460.35053207376,0.0058350484259325,0.523111946306845,268.407243896022,28.05732351583912,0.49564754719133,0.616853200045115,
1517443200,9039.86507510228,1019.17100789012,141.184088210593,0.941342184929464,1260.65861939925,0.00494533288413318,0.446529722459582,238.741160281547,24.495493112892348,0.409766089482554,0.508051468895138,
1517529600,8786.0773798948,912.820928696668,130.603491471987,0.894631702765841,1188.41739395755,0.00439757329371464,0.407568343508428,234.718668783899,23.115250802439263,0.400179975110052,0.488802392767302,
1517616000,9132.10032232613,960.893826125073,157.100198870068,0.942659177697551,1261.96010935317,0.00510034753498219,0.438401526844186,250.475963633507,24.163672232177497,0.451979860689329,0.514666912780125,
1517702400,8250.52689596727,836.672457334892,149.373604722595,0.824120467604112,1160.74069656599,0.00433340059211935,0.383866526513259,220.46382063745,20.997720632211816,0.391414703687123,0.431130972028639,
1517788800,6849.54255932203,692.76282729398,124.362469159974,0.671327297447622,875.988426184532,0.00343885656920231,0.316664731851826,177.653254921039,16.278370412982635,0.31183775781288,0.339996773520131,
1517875200,7738.64395967271,789.043020748101,143.090896872154,0.765304704580175,969.895360788185,0.00432660106787549,0.365028292258536,210.687210485839,19.181361937990278,0.362459667761075,0.425377590214704,
1517961600,7624.59538953828,754.536574810053,138.550625204593,0.713293782406582,961.997903613031,0.00425933923404976,0.33605494655666,208.149615486873,18.211511230661074,0.330492534228114,0.376545010244937,
1518048000,8218.58085184103,808.450633547633,148.956690546532,0.77260968955792,1273.24763620978,0.00448270574792411,0.35127593370607,246.129076679292,21.60127945766462,0.391877228973368,0.40139159696318,
1518134400,8660.45346785505,873.56737434249,162.326772955935,0.906066364107931,1299.61996744183,0.00495711968781541,0.390183330736247,256.10760163103,25.716507923852625,0.377544826427374,0.431761267129408,
1518220800,8530.29280479252,850.714849503214,155.002861841779,1.03291061084101,1240.78495706033,0.00492916506895735,0.38987649602298,247.749825905079,24.073959471372692,0.382942294299582,0.418423147541017,
1518307200,8096.72848129749,814.783270894214,150.159758018205,0.965454295699271,1214.50416211007,0.00497306190635399,0.362205960058749,229.922739825035,24.06311444263088,0.351882571443588,0.418285169903292,
1518393600,8907.67017913501,867.572440385739,161.880731687213,1.04641697436049,1282.1966052753,0.00547252305295171,0.3868745358337,247.218163596808,29.565542655227425,0.371107897173705,0.495916688113819,
1518480000,8523.96693191116,840.090783752192,158.693864739222,0.985900420557378,1220.20431553486,0.00560583891323569,0.399218479150689,232.558272135671,32.889837142475606,0.35336947829379,0.56385693847414,
1518566400,9467.3010327294,920.463681472823,212.858959858422,1.13171005793961,1357.0060344357,0.00672748214076417,0.449616773116346,272.063904191708,34.90509296152598,0.388663600257718,0.56749273405019,
1518652800,10106.7330835769,929.869215663355,222.407887508017,1.11298261218618,1364.14272688214,0.00728700653411873,0.445049778931818,298.463558945963,34.01394072987887,0.389586746316099,0.566203573911283,
1518739200,10189.3164833431,939.339457334892,229.013808083283,1.11420058445031,1519.20648549967,0.00707351699909491,0.450307871534672,295.007859308814,34.637340455554366,0.392443518385592,0.643468989486744,
1518825600,11085.5984143776,975.231806253653,229.433352286562,1.17974773348852,1544.52354415562,0.00710246993959351,0.474913776959835,321.849977194313,34.83591176361607,0.41259012835993,0.676564120344919,
1518912000,10452.0919772063,915.310905610754,214.821633670439,1.07557526702079,1459.81430362555,0.00641728862034983,0.435224980382118,295.34453440634,33.903678322842275,0.364939775657242,0.740907187889064,
1518998400,11139.3557305669,937.840183226184,221.642902044735,1.10771148758851,1521.44555570576,0.00658354214029716,0.444512795692816,313.098713698518,38.49697273948545,0.374325336563394,0.778918831749769,
1519084800,11245.9323179427,885.553141145529,229.484258284412,1.02578567260761,1397.2515917415,0.00704841502844273,0.391467069627755,298.55645390517,36.499896547719544,0.348160845810985,0.695604284131776,
1519171200,10458.8650888369,840.667042957335,210.711725105495,0.951413066662774,1286.63282727201,0.00647185984444582,0.37760256986301,298.507909940294,34.78769312496751,0.33106823779092,0.65037991352616,
1519257600,9878.15894272355,807.076898889538,194.128871678134,0.895772588440491,1209.22072400792,0.00616045323320452,0.349854678809888,274.587869607375,31.54959746709738,0.31316865818042,0.598556037927577,
1519344000,10159.0656125073,855.767194038574,207.27976845307,0.943102238027874,1258.53546235381,0.00660946623828737,0.366943686160636,277.330980072788,36.023723881839715,0.321042174526679,0.674725807488179,
1519430400,9686.60177995325,834.00284628872,206.092393256097,0.902875271158462,1176.99295567352,0.00617371109319555,0.342692817562258,267.695828027951,36.72737465140753,0.301019576017809,0.647281449146349,
1519516800,9603.22747749854,842.311720046756,217.572965717028,0.904565829672247,1176.18091922572,0.00609138706429597,0.349856685677211,277.587747155528,35.32335060105721,0.326956828149886,0.679369065511681,
1519603200,10312.3657130333,865.863039158387,218.842562901511,0.927405677785346,1245.23286374871,0.00634046961844486,0.356152482362836,290.985424031947,35.24284345031187,0.324866378317382,0.691620972546545,
1519689600,10654.1072948568,875.052981881941,215.625596098695,0.931317195440005,1239.05663292467,0.00622827046241304,0.35741767136956,300.620898158728,35.66856748302987,0.329431865414349,0.715415830261819,
1519776000,10307.0249663939,851.323646405611,202.408565780345,0.883394268070772,1199.27258799109,0.00592298658606961,0.330602710107211,283.329655118449,33.063675197159334,0.302282240305768,0.662323958481374,
1519862400,10923.6308617767,869.302266803039,209.268883483766,0.915277915922474,1285.40873486681,0.00619730809354717,0.337107437324396,312.756359172729,33.50473721959575,0.300379752716559,0.661764601861949,
1519948800,11014.0584672706,855.352857685564,210.513789218557,0.898498065346538,1273.96086428503,0.00538848042380694,0.318209525425076,341.805190913962,30.505803674771528,0.289251062285423,0.650200519268453,
1520035200,11425.6805654588,854.387569549971,210.141015986598,0.895876844017498,1268.06287271343,0.00523428986454848,0.343801363624147,350.691662827274,28.758749886603713,0.290399900670707,0.627934723653448,
1520121600,11462.5831975453,861.13072238457,212.266749460853,0.998516848443325,1282.29159775392,0.00543424714633138,0.360600359589058,366.772021646193,29.49647968391957,0.298856620196058,0.587003969231263,
1520208000,11540.6623205728,851.608753068381,210.767825089176,0.944510627512005,1267.11012807918,0.00518623214418931,0.351133353589073,372.471428221983,26.634065857231068,0.294417082383874,0.585683167716733,
1520294400,10677.0352308591,812.346192869667,195.944181117965,0.89826616726278,1201.07963856412,0.00453688608565108,0.331550155946045,342.077097645256,24.679660001977535,0.277093016891993,0.531007398049115,
1520380800,9903.0850490941,751.754232028054,185.887516768859,0.853065152680856,1091.73720855922,0.00395478353389956,0.324268724095072,335.484632855342,21.87499097791111,0.242167611125577,0.523408037360263,
1520467200,9330.47545295149,699.337428988895,176.321183689984,0.808905852031913,1032.17635560663,0.00397020336517755,0.308009937204575,275.110497976236,22.33610034528131,0.213290792499093,0.484410227181277,
1520553600,9278.13918439509,725.310906779661,186.752871447147,0.827671672469527,1063.52174949938,0.00411617088490726,0.306050459278358,281.03454451069,22.082574225947106,0.214320478193401,0.481289063081463,
1520640000,8786.56042314436,684.880582115722,177.667481665012,0.776240496658649,999.965235762661,0.00393251791508811,0.288362654461897,253.770116935649,20.664484015706467,0.201805047428783,0.466742952587717,
1520726400,9513.53539976622,718.054689655172,187.846217233864,0.81440871869202,1130.72558774203,0.00416353271943997,0.301404556764842,278.923035417511,21.32882804741142,0.219138695212196,0.510326518636767,
1520812800,9147.89018059615,696.739231151374,178.648995420504,0.783477435239145,1051.45299801628,0.00399016746820205,0.288194739441291,257.865929595319,20.305989734196185,0.217543603801395,0.508553739043343,
1520899200,9160.54293278784,689.902102571596,175.721378805392,0.778446267601694,1057.76142792282,0.00390302289814537,0.284070948163673,246.904199017784,19.81902301956131,0.21752078996643,0.563292172018773,
1520985600,8222.12723904149,612.332631502046,160.902820981768,0.688274142240728,948.365961124816,0.00350358344973817,0.244977197457965,213.85807553863,17.076972306895136,0.193997140578478,0.441168194265976,
1521072000,8268.58912244302,611.166275862069,164.701304578563,0.685540009405908,940.518915370091,0.00353878532264494,0.239006267575418,213.219272061084,18.114213388843798,0.181853846742507,0.420760187973859,
1521158400,8376.90449824664,604.484301870251,166.161816907622,0.683820974841733,984.788013603633,0.00349273913996662,0.231349286215955,216.85776107408,17.859492698711186,0.177149279639217,0.426593943135902,
1521244800,7881.66192051432,550.865004091175,152.891359898531,0.629263259870452,948.7221859149,0.00322699129809743,0.205615821161496,196.819749019022,16.241774130700865,0.151992326367201,0.372294763217935,
1521331200,8189.01671917008,538.26132817066,153.69999515973,0.65036021978874,931.329993261159,0.00314195433701075,0.219252092376668,207.377612455719,16.692962195925606,0.155562053669981,0.372511409816821,
1521417600,8537.0156233197,550.138212741087,159.938320137947,0.710679386702891,987.074591124265,0.00344664471969385,0.245621143104986,214.280180225472,19.256859235636938,0.186134608796284,0.382153448086691,
1521504000,8895.54717913501,555.636667153711,168.42747353792,0.698126371881746,1056.98770498862,0.0036414531630481,0.264911362474578,222.963745805295,19.89661301517381,0.201594625604755,0.393241563969796,
1521590400,8879.5942565751,557.397838983051,168.041747454981,0.676698417748558,1024.47281811768,0.00359582018959911,0.249532499655447,216.781775900032,19.401661579929456,0.205851340270544,0.44243639994311,
1521676800,8710.66493512566,539.114045295149,163.695333177961,0.651797737695772,1011.55293425904,0.00352793776281272,0.240556764410711,211.825234201783,19.59249473763153,0.199120173004262,0.421759193398987,
1521763200,8771.74632349503,537.592859731151,166.595142770783,0.631876071955127,1014.99443057342,0.00349360340241107,0.232606468402683,212.119755226954,18.83110213649953,0.183217608598131,0.408365065973213,
1521849600,8610.9885163647,525.082402980713,159.993772938765,0.632444532825007,981.529734645958,0.0034738565544438,0.234663878607523,207.973122192255,18.414594799231956,0.18759266575865,0.419578824923814,
1521936000,8440.61092255991,522.222801870251,159.918001936249,0.633474069245203,969.912256692502,0.00342579857561142,0.238693503016973,210.092107409548,18.028717016332827,0.181112400656988,0.404949090837926,
1522022400,8171.18435447107,489.817600526008,149.184947287124,0.592746778708739,918.110459311229,0.003235211182198,0.227397667973768,196.037170289217,16.487988304806525,0.165260666119296,0.371670180436717,
1522108800,7837.26531940386,450.549594389246,136.319414747976,0.572639663638041,877.602628420485,0.0031045218912661,0.216696503729272,188.355025216346,15.94092106374556,0.153344520839525,0.345109658983058,
1522195200,7933.64272969024,445.458083576856,131.284918869867,0.572213927239368,858.714762966053,0.00314169319040154,0.217761725093192,198.118009676965,16.04636503226569,0.157331350570277,0.351496773415889,
1522281600,7108.5708132671,385.35647019287,115.6617471196,0.506565087501836,715.876549737098,0.00275930043154412,0.190307753269801,176.211040965666,14.708826863083708,0.143008552245136,0.282655095654117,
1522368000,6832.14906633548,392.467127703098,118.263547819808,0.497079360956851,695.33191200015,0.00272021465506797,0.186588708573716,171.054925135556,14.267491995260233,0.141958372390385,0.285921433727208,
1522454400,6922.2812969024,394.512378141438,116.087309016232,0.500415818278695,683.045280521779,0.00275246804477945,0.204630054893596,178.360896879256,14.284939311747383,0.15129384569272,0.279878827164228,
1522540800,6804.52487931035,378.066090298071,114.628859257421,0.478626898379302,641.149179549518,0.00268911721226017,0.20496253288541,174.375742848223,13.540340327577612,0.14712129265775,0.262099608668543,
1522627200,7033.25960958504,383.397693746347,118.626651395473,0.492125195429526,660.570282495336,0.00276740850060169,0.222936056846344,175.887119160287,14.022775737834085,0.151927913735328,0.27300716891853,
1522713600,7420.80051548802,415.214929865576,134.187607567913,0.547541243761318,709.091321734479,0.00299994828701602,0.232177800668943,188.779870369533,15.048713841402703,0.169462417480685,0.29604775346884,
1522800000,6780.54360140269,378.529877264757,118.048879866001,0.490211573912336,646.386905918414,0.00269036641638091,0.200832638481805,168.702832909095,13.531955240352339,0.151719829624405,0.286924518676729,
1522886400,6798.42261659848,382.700794272355,119.190740746955,0.491251478903564,643.356932021216,0.00274792652754188,0.196391583973746,172.77620096417,13.711566198885215,0.147662197564594,0.2860042516199,
1522972800,6610.49234979544,369.936752776154,112.991340812058,0.469963153184527,608.902985534487,0.0026746977113861,0.191778510692435,161.560000018663,13.130848694136061,0.142718322490327,0.275124967159781,
1523059200,6886.46947194623,384.50724956166,115.790999882989,0.483558077128615,639.588111285759,0.00278781882450396,0.201067168733921,169.216557491424,13.421285378774735,0.147011107462615,0.302755422895501,
1523145600,7009.99610432496,399.415550847458,117.525173297459,0.49841070436267,651.394619189361,0.0028241164340565,0.205958647683697,173.458411056178,14.116367734981873,0.155543287061561,0.325773614495009,
1523232000,6736.89282378726,396.165397136178,114.51546477159,0.484668703750037,633.481205704695,0.00273977948694028,0.195549207229976,165.712081067669,13.511298981252372,0.150712776976614,0.309329906035189,
1523318400,6816.71861542957,413.452699298656,113.993565130512,0.489038728709343,649.287514269056,0.00304082123369056,0.198379684987844,164.855970946167,13.644632158083462,0.154979479750415,0.355644326499079,
1523404800,6944.78585710111,429.797426651081,117.279986372662,0.539131243376364,661.79195727806,0.00338543678182414,0.212390220133634,168.195559812589,14.4602767802888,0.166188967380387,0.358475338975872,
1523491200,7904.33027527762,493.565206604325,129.349939260336,0.637240062405948,733.569507089449,0.00380313884485787,0.244071543739707,191.451219258868,16.180359750357425,0.216933664159066,0.387382732761787,
1523577600,7919.06469462303,496.317744301578,126.101532735581,0.648560451780365,742.08579330116,0.00401569383575334,0.249076487013577,189.76115991571,15.76426372509474,0.202790622784439,0.383038898694414,
1523664000,8006.41794330801,503.221350964348,126.468912184743,0.641764962888294,739.306890127692,0.00413692657043338,0.253949985995521,190.902924591995,16.08542497635478,0.204583936537135,0.395133093970962,
1523750400,8342.27110140269,531.263950029223,132.253878376368,0.69109152220678,778.704627501925,0.00460938441087965,0.295083328755608,201.044907157762,16.78122850751037,0.225892228926347,0.423042360841001,
1523836800,8046.98213354763,510.983758328463,128.507759631739,0.660704379111071,765.151755546156,0.00460620159559856,0.283704256978611,193.508435971149,16.082770790370734,0.254200884292808,0.4084505503812,
1523923200,7887.73795791935,502.126641437756,132.904505958305,0.655013868611098,757.342022367633,0.00474204605558134,0.300322203009945,195.217626230534,16.06380082452646,0.243194896754147,0.417884758325148,
1524009600,8162.83486177674,524.994593804793,140.447703268296,0.712415761087538,894.581036107003,0.00546915883699925,0.353974541817649,229.428472308464,17.65542013265471,0.262312248487123,0.446066710114382,
1524096000,8272.96731589714,566.582526300409,146.127476268894,0.77417497323578,964.951801147875,0.00579751538508444,0.365144335393517,237.018020974105,18.340138020749382,0.269539840516443,0.48182560841809,
1524182400,8839.5011320865,616.317340736412,155.620276695215,0.921068712737321,1128.59161575868,0.00578931539826155,0.391775456518199,268.123157433648,19.575368732993756,0.300440995815211,0.483950513252374,
1524268800,8863.54082904734,605.396331092928,148.143904436457,0.86076423169796,1150.89677899461,0.00549611734595714,0.370100725122823,255.058674429467,18.556633215342455,0.285776630872928,0.490130506946965,
1524355200,8800.95908708358,621.139101402688,146.841616806718,0.862756463192329,1205.0226370241,0.00557348568314976,0.366017583864644,269.403427926226,18.72858615318778,0.282630128720755,0.498113502063872,
1524441600,8930.78463354763,642.581729398013,152.070805939488,0.875093511851143,1427.86621398361,0.00562721189701947,0.371183634380519,281.620960712207,20.4818752649362,0.28727233824035,0.493322907868269,
1524528000,9652.21378872005,705.007020455874,165.305886721445,0.930464268638418,1413.68601603219,0.00581809801201533,0.399073814967,293.815108005222,22.295360496034597,0.311671641621693,0.536378868163587,
1524614400,8855.50893658679,614.546471654004,144.931746390304,0.791885096315503,1279.64050012981,0.00512087235172877,0.337034937177294,256.245439868886,18.549426165265274,0.268871024071783,0.437523625162963,
1524700800,9264.72742694331,661.796761835184,153.803663531753,0.84680147437501,1413.98867058329,0.0055910519299339,0.385926750748599,267.943663887044,21.16759964907376,0.292073613656313,0.488625001069794,
1524787200,8981.33079018118,648.91000087668,146.36842751086,0.812587997225628,1340.98552968447,0.00544242792677033,0.390252345603342,251.133894368959,20.744183683234706,0.286899060743094,0.454197129130417,
1524873600,9341.82468468732,682.535550555231,151.923743928437,0.863099674417557,1391.31515117773,0.00554763194226975,0.427883983682968,260.725088034784,21.694030261572124,0.357936757747687,0.484036168560995,
1524960000,9396.99762974869,688.306110169492,153.347491399849,0.865753462938615,1439.92885361402,0.00549136042621512,0.457286515252427,255.475381047741,21.763740888339438,0.362693114445199,0.516208335391523,
1525046400,9228.7264836353,667.063407656341,148.04890718879,0.826351325431972,1344.12197132676,0.00528122368200905,0.419759926118558,240.689970212189,21.44197808984787,0.336566161881449,0.542428447653946,
1525132800,9072.16875745178,671.531682349503,147.990156165236,0.834820220449863,1336.44572958854,0.00511197515297193,0.437518957920008,239.26711446415,21.459255962139025,0.35453851397843,0.545128985314829,
1525219200,9204.12764056108,686.611843366452,151.169924465226,0.857569917379962,1451.4956101166,0.00532747219113302,0.437340558195834,248.838635116801,21.59671736211123,0.371304345295199,0.563489416400543,
1525305600,9750.70014640561,778.377544126242,161.247604953236,0.878975243718271,1500.27370907274,0.00555944975510658,0.4347253613234,244.636280181257,22.75037929346899,0.365694662040409,0.567176769915406,
1525392000,9696.64290999416,783.391213617767,169.151074345046,0.888938431607206,1511.27543756864,0.00527118863369164,0.427684427805017,241.521010304688,22.346614623327568,0.358429471627827,0.582006482165378,
1525478400,9795.92577206312,811.356392168323,177.339112859731,0.897898692870463,1728.50571522482,0.00517194774226066,0.427287776618415,240.802483847388,22.638117980908245,0.363060985077218,0.569312028539733,
1525564800,9595.08681940386,784.875179719462,171.317601264695,0.858129758606978,1743.21760733492,0.00496428227086952,0.407508575634928,234.753344925033,25.308765910021606,0.343015380628048,0.536789016890913,
1525651200,9339.5108471654,747.835312098188,164.124189199841,0.82331232875995,1641.58233837437,0.00492136705544759,0.392895951412021,233.10515164613,23.424742945260803,0.329493370432018,0.571183655865998,
1525737600,9212.36963471654,751.6712314436,159.463222982928,0.807628278457998,1603.25790303769,0.00528286351855944,0.380743000909918,223.170895051166,22.411246441048437,0.324000216919943,0.553803597089886,
1525824000,9293.04227352425,748.334789596727,156.541277966004,0.79358689654938,1622.72597631329,0.00499806902131849,0.371580652906869,226.453861591396,21.346171099759154,0.317666222635614,0.53849170893375,
1525910400,9037.53050905903,725.943168907072,149.147775979038,0.755921404038355,1526.04216467774,0.00475734397290744,0.349316759541758,217.744371624805,19.817398853220766,0.294634330295722,0.529053106129977,
1525996800,8419.75858737581,679.532485680888,136.849904486082,0.678869625373654,1368.52657730368,0.00427156049317802,0.312180017663634,198.472093008529,17.76102264975344,0.258261534473965,0.469075406537555,
1526083200,8485.77526680304,685.777640268849,142.144207897643,0.686051700437085,1461.25658111099,0.00432515608166763,0.356165929713651,202.10465513284,18.141332543788533,0.26541329392231,0.463737576888774,
1526169600,8695.83309380479,731.426734365868,144.685616010495,0.73456336793341,1479.71188733121,0.00449142996219737,0.370290576202319,208.63816445386,18.793251584890193,0.278579849499805,0.503624443310162,
1526256000,8671.07417475161,726.421808883694,147.397849009702,0.729064505979726,1420.02629326487,0.00445600669145876,0.361449207309808,212.40668738679,18.634495463073485,0.266081689519885,0.515952665602319,
1526342400,8488.463421391,706.471170660433,139.515979924371,0.692088924618943,1336.06796423948,0.00451971000683112,0.342485813520181,203.470569729319,18.211437198520027,0.255576350444704,0.504530777298744,
1526428800,8327.75620134424,705.390606954997,138.958376167905,0.701596173021277,1274.53644043953,0.00437623315754617,0.33005647489047,198.882941013481,17.554644629213648,0.250875013482304,0.479384253557503,
1526515200,8050.51623933372,668.044736995909,132.317757093371,0.657470720834192,1196.51365363511,0.00414399918748897,0.305878172377055,191.147504241563,16.879549674941998,0.239609443451748,0.440029327870567,
1526601600,8233.08645528931,693.651683810637,135.88750469823,0.676467521047416,1201.91313506516,0.00422936009018046,0.316239221365863,204.5132150887,17.96372874424596,0.242997799296892,0.459775362465852,
1526688000,8229.48293571011,693.809580654588,134.674392791222,0.673805421666535,1177.32616220485,0.00425157081299661,0.312998322075701,197.632769599567,17.623091021281304,0.241225181289371,0.450250055762257,
1526774400,8511.44883021625,713.591691408533,139.123795088676,0.697826179203801,1286.06393547714,0.00436924897805458,0.328289536815783,203.575683398721,18.15133739072228,0.254578643203985,0.453133919070895,
1526860800,8398.62312653419,697.845526008182,134.617103435411,0.676965617107922,1229.04448060752,0.00423415292515219,0.313125503162404,198.353160379915,17.605793903527044,0.246476375573736,0.423796188804577,
1526947200,8007.52653214495,643.667876680304,128.343848135077,0.640551271048514,1138.82541815406,0.00381084201501415,0.293056964294726,176.133526579212,16.3703827701409,0.221187816791232,0.375212603030142,
1527033600,7520.86767913501,578.229988603156,118.820941473555,0.59279230547006,1001.6808851935,0.00344105858457184,0.272861519986067,170.078863477543,14.81799106914838,0.199672160119022,0.345064121097986,
1527120000,7575.62448597312,600.610572764465,122.860123134549,0.628663517069813,1069.95833662166,0.00353784894139768,0.292731696685313,171.61432405428,15.673654199666016,0.207047576163404,0.364285216026476,
1527206400,7425.37567445938,578.594272939801,118.255793377571,0.602163513650178,1004.07823730894,0.00345111608635785,0.284552751055883,163.627531009329,14.983680219586768,0.196463902383803,0.344678382431742,
1527292800,7326.30318644068,584.287411455289,118.133975506004,0.607458652782143,1005.52870302624,0.00341209500563049,0.282423906743756,163.856950321862,15.276666307744733,0.194909243259734,0.364095880767853,
1527379200,7338.19304441847,570.388842781999,117.673325482063,0.603584567444593,994.224333533323,0.00336101386565872,0.273583838496844,165.485511565474,15.118915280694752,0.191747720510601,0.346091285335875,
1527465600,7110.82388164816,513.597075102279,111.022463516678,0.55015632144118,884.202473925965,0.00316633204921003,0.249460017861964,149.537899205569,14.302966162946795,0.173289196591606,0.314332884097178,
1527552000,7453.63372501461,563.903260958504,119.38791457248,0.59829019994625,986.757704158709,0.00342442836631248,0.282069231112891,157.31932949615,15.1517133393622,0.201327908919596,0.351150225250036,
1527638400,7374.6690490941,556.762384570427,117.238682900548,0.601474605516674,981.409463703262,0.00334122554171055,0.274358441032017,154.306100299806,15.155178528775425,0.209707928035639,0.335519175895138,
1527724800,7478.74186703682,575.469864699006,118.026844467697,0.610638273473476,992.933151212948,0.00340190537260365,0.294369468696581,155.652818115416,15.249473751094703,0.222011722954296,0.344620117753412,
1527811200,7519.83573728814,578.827563997662,119.946189754747,0.620257246345806,1000.06963254774,0.00341789823384634,0.288525395588405,157.535822365237,15.466990790322308,0.220139391341818,0.351049384006963,
1527897600,7637.44825306838,591.811959088253,123.317369406537,0.64276239684878,1082.08539631641,0.00359511890396011,0.298331994723899,162.477641652233,15.813148200873137,0.22703759194117,0.36752760935039,
1527984000,7702.15793308007,618.232842781999,125.026493630578,0.674551182130477,1165.94595369353,0.00365404574180157,0.302929920655357,168.805744174379,16.1917711606095,0.226109917674884,0.3614898155361,
1528070400,7486.65319959088,589.882670660433,119.506046476253,0.654442112956692,1099.50252845645,0.0035175255981563,0.290192996608882,159.841363776933,15.145780267677704,0.211582668869546,0.338180011657272,
1528156800,7611.14985271771,607.180310344827,121.817438870842,0.673306867791364,1145.54155120726,0.00361883743650929,0.293301013179882,167.022588496711,15.488093976166445,0.218175453282988,0.335076826936298,
1528243200,7650.77580713033,605.429444769141,121.237579755284,0.672098614569527,1127.11376286924,0.00375978021585472,0.29848788583683,164.331904884478,15.19252572274268,0.214137499228688,0.327724184073254,
1528329600,7665.9478962595,602.159334015196,121.340893042694,0.675148262642534,1138.90106995432,0.00372326356558054,0.291568308562536,163.229645342025,15.125883074617168,0.209066082230616,0.304498534860218,
1528416000,7622.60233021625,600.128180596143,119.956218008314,0.673591053911641,1116.745280963,0.00364401074589231,0.287468918110438,158.46502343241,15.383504572755015,0.205215227535982,0.297038098414375,
1528502400,7556.17169783752,595.953623319696,117.884742390275,0.660304984600145,1093.16586804263,0.00358153448540092,0.281444687483273,155.570785717339,15.062485673035196,0.201869503945679,0.3004750861546,
1528588800,6744.73580099357,521.276917299825,106.243351623283,0.574900970794974,932.164450268707,0.0030830737849407,0.24262172306496,137.784244650414,12.548787668807444,0.172724795293666,0.240695185884397,
1528675200,6849.45268731736,529.37152893045,106.82226567958,0.595900681846826,956.947140131005,0.00317970171950164,0.249764580609448,137.362919778824,12.86064853696489,0.178230783561585,0.262299683704207,
1528761600,6526.69968001169,489.836085330216,99.3025773387117,0.553835572871787,864.524535641165,0.00304073584247478,0.226316603410791,124.765578602003,14.538983108948418,0.16186302436094,0.225360218094746,
1528848000,6306.51316803039,474.450975160725,93.5163083771874,0.529342683237514,842.306140941523,0.00270648588579734,0.218858698951881,121.205340374156,13.85173550065418,0.158069395860222,0.216759988071034,
1528934400,6629.77012419638,517.722229105786,100.476349239086,0.55659871309399,895.215573621772,0.00292530274777155,0.240367367879245,131.009761182084,14.011289340304419,0.170166425827775,0.23998194258021,
1529020800,6399.67404646406,486.499246347165,95.3661235180864,0.533372764824408,841.737152094516,0.00279588555949744,0.229711638230262,122.520670794096,13.773307008094454,0.161263768738246,0.223138188002984,
1529107200,6495.31530917592,497.322004675628,96.5368886437366,0.533302376699965,850.132175719616,0.00288893381752066,0.230362155344338,126.621023270459,14.47587263548088,0.162102062359657,0.220914298099003,
1529193600,6450.69397282291,495.830741087084,94.9656598486225,0.526263515729452,846.358436408036,0.00286580845297004,0.22865056527022,123.204752831376,14.223084432416606,0.160527711853938,0.212981973526827,
1529280000,6703.81258971362,516.850604032729,98.582476279477,0.537684328611507,883.724756334475,0.00299223656882166,0.232729869038423,126.615991186488,15.031463938947612,0.163668999211301,0.207344597129605,
1529366400,6732.50880917592,537.07477936879,98.5222920955673,0.548014442374115,901.59567355509,0.00299664350557014,0.233798369691252,125.847975530789,15.570554997714849,0.166143858874324,0.21884297298621,
1529452800,6753.20682583285,535.268937755699,97.7864539699273,0.539731276491992,890.6064330213,0.00299766631662494,0.230784434599934,122.61597784202,16.942157449148727,0.161779779508093,0.22435483806323,
1529539200,6720.37323436587,525.611178258329,96.6845504287697,0.534506024648011,871.755840254617,0.00292248214909303,0.22669208678055,123.043987949073,17.652403743539818,0.158078203349042,0.211728422435798,
1529625600,6059.5758591467,462.967082700175,85.0369148253909,0.483273454242369,752.875228501136,0.00257116206544028,0.200849194482286,110.520679845629,14.543442462516634,0.138421980108327,0.184373659153673,
1529712000,6174.22577936879,475.24524050263,83.0378906328051,0.488836856938574,762.944788913154,0.00261212061497487,0.202324470392063,115.383868335442,14.840943246381894,0.137813724728516,0.192003143357279,
1529798400,6146.48719491526,454.388768264173,80.7332657079108,0.475292465829824,746.146408160379,0.00247874199434965,0.193439932193635,120.817561275729,14.80410418689121,0.130807952054234,0.185431733713393,
1529884800,6243.53544097019,459.194290181181,81.6371550011033,0.480842693587997,755.27319575038,0.00251457386394574,0.197660411970221,126.575950078005,15.858919884927207,0.135031620136311,0.179512701060913,0.0420704911070361
1529971200,6096.12876621859,432.493081531268,76.2311700168447,0.45665003824362,704.264926815712,0.00241651431775263,0.184150806697002,121.108031153216,15.022854666784763,0.126349583155131,0.169095120625714,0.0377883972083784
1530057600,6139.18968322618,441.675166861485,80.7431876723357,0.471249829874008,713.969515722866,0.00242808379795925,0.191074878727549,128.94069091019,15.479697242445782,0.127434793687943,0.171356717788216,0.0389794450806054
1530144000,5858.63577819988,419.791454120397,74.5329645994328,0.445834016741942,654.896626300867,0.00225629989850759,0.176880561347908,116.677150278006,14.505317795863352,0.118262806215633,0.164072449334179,0.036076057638324
1530230400,6220.9137150789,436.736421098773,79.5473635618612,0.455613536523825,719.618682004007,0.00239096741960276,0.187404103362547,126.927054332608,15.355432978228313,0.125876533322481,0.182360961350335,0.0367014622822335
1530316800,6375.5412314436,451.723416715371,80.7568393352382,0.465709902667374,741.462833610866,0.00250967128998787,0.192358010732494,130.299126051046,16.10989268829415,0.13661825948501,0.224832405644941,0.0374827285379302
1530403200,6361.40253886616,451.798441554646,79.8942987280615,0.462216609223616,738.035825482854,0.00250667739081159,0.198814624450297,129.25797691629,16.066170858997182,0.143596870959972,0.225820352961657,0.0366334326009528
1530489600,6608.367157218,475.989448568089,85.4421537368367,0.488879700599471,781.157152078618,0.00273203725254508,0.214787720518739,140.366026233192,16.680664347612623,0.15467837063173,0.253381954585639,0.0395767395537541
1530576000,6498.3078591467,461.751690239626,84.8165594731547,0.483515880551404,755.366187389078,0.00262374155139346,0.204306819980347,137.817714658737,16.116598841235078,0.149318531501898,0.235175721732619,0.0381053751297038
1530662400,6579.33337638808,465.729150204559,85.3319573302771,0.490573225594705,762.710075654555,0.00265728147311118,0.209979833062475,138.375968913822,16.80825307624109,0.151353541122569,0.233187091419608,0.0388245893215253
1530748800,6535.29840268849,467.058666277031,83.1560969614995,0.476618107235295,734.630191863892,0.00257969782994353,0.20060124320557,137.825259148426,17.250343797716987,0.147222572295009,0.216391873242946,0.0369706543825777
1530835200,6598.45909585038,468.512964640561,82.9609530960151,0.476333932290838,730.220662049253,0.00259264722518357,0.206348249248703,132.431966080289,18.231663193914176,0.144904898833419,0.230290166317649,0.0358734168988908
1530921600,6737.85608036236,480.533474868498,84.0935203513766,0.482153247758056,761.827767048332,0.00260629043755406,0.206640934761305,133.62259266104,18.537082267672982,0.14615090909147,0.246416617890213,0.0365835919860375
1531008000,6704.91998012858,486.132053769725,82.3045223542629,0.478302764416815,748.731355127979,0.00264448274771834,0.210029062049832,137.457903112284,18.279080045621402,0.145034657941721,0.247682576363146,0.0366898347944384
1531094400,6664.02409351257,471.721562536528,80.4489478278314,0.473452422441502,730.821516087051,0.00261267927996515,0.206631680885541,135.37328796027,18.267993027288433,0.139607947865487,0.23411326933573,0.035545088946783
1531180800,6309.08400409118,433.128439216832,75.7209804827316,0.443094287275589,688.119354561028,0.00237817401191924,0.191441215343198,120.867357300795,16.164209096845404,0.128421641428198,0.211745556238198,0.0334715444278421
1531267200,6377.97651139684,446.347075394506,78.0722846916155,0.449404061420281,705.429471186435,0.00239209951809753,0.189635535836138,124.522534670067,16.388688450065054,0.131167858759488,0.204377620534979,0.0334619661677168
1531353600,6159.46667621274,423.881741963764,75.6785246938767,0.431117252225185,673.592524666756,0.00224241630427654,0.181994606152247,118.648502844732,16.014314242074555,0.124287612512066,0.200188394930126,0.0317006258289861
1531440000,6208.98557188779,431.35368264173,76.4411561585408,0.436528815657106,692.558356960052,0.00230748511671404,0.204561704501348,121.697422839854,16.232004844852206,0.137087465230306,0.198833399042082,0.0330568867933912
1531526400,6255.11247866744,433.919185856225,76.2321622444649,0.438731937081827,700.678796552894,0.00234303068258038,0.208790544771056,122.973753921838,16.41415782438576,0.136911585435716,0.193619710062764,0.0333411972170494
1531612800,6347.60427381648,448.72806779661,78.3083871571588,0.446090499560475,723.075675867797,0.00238926527089039,0.220694507059587,123.613720288643,16.630004538374237,0.142486688882426,0.198499255607224,0.0343630675884045
1531699200,6710.80743746347,477.365285797779,83.4380087413971,0.479972585674642,801.622913106678,0.00284277425694718,0.238317341509563,134.340469878415,17.34016768879159,0.157454937357367,0.221396363665439,0.0373296099033579
1531785600,7320.59482787843,499.438759789597,88.980402730847,0.50871488502668,851.776140199178,0.00324476658901483,0.253859037695487,143.844128509174,17.920549115329223,0.171560876871427,0.248972868911242,0.0398602108378464
1531872000,7376.03833927528,479.001641145529,86.3878933213263,0.486011317577769,826.458206778435,0.00367731786785336,0.298990457735491,139.073569350215,17.330528445328454,0.180721069767129,0.241489940567261,0.0397310263708948
1531958400,7467.0342980713,468.405446814728,86.0879331737222,0.476135378304191,823.215119547907,0.00381185161942528,0.304966625704652,139.668296598443,17.370154730447517,0.182036510110959,0.231153614110668,0.0379545237897216
1532044800,7327.25668293396,447.55797194623,81.7015357578887,0.444186257204371,763.545750494089,0.00341641887399383,0.26882814256104,129.658667872837,16.081079121913756,0.161189596462556,0.2121956502697,0.0348603194377864
1532131200,7410.56562039743,461.986799532437,83.6488123382284,0.454912037699667,790.909432024421,0.00353436458397234,0.293300270749553,132.120709451917,16.381428716060658,0.164038296824545,0.219814932889384,0.0356550458042681
1532217600,7399.48374693162,457.135277907656,82.2446074227504,0.449032956348532,786.978741083555,0.0034988162658537,0.284317671742863,128.029882621121,16.171389710127592,0.169202337684642,0.202177220055537,0.0351340999045158
1532304000,7716.15862741087,448.955673290473,81.4164735082705,0.445620870498706,782.776443283358,0.00344193619085439,0.284750862863239,133.930133610706,16.02450454357495,0.165490563455489,0.196509724152384,0.0340505205599906
1532390400,8397.61652162478,478.036987726476,89.0793022009744,0.458524525942191,865.768318868342,0.00364003645260248,0.300860929662077,147.728256674873,16.62736801705505,0.173170266166733,0.203775399559394,0.0381603498000242
1532476800,8202.72039538282,472.696508474576,86.5818104840288,0.461119450720576,833.964550275058,0.00359300207310098,0.339472213131671,142.721868676971,16.571399253393718,0.172914932211339,0.244823865706822,0.0372751407016766
1532563200,7913.93077819989,463.433338690824,83.3201040843146,0.44861434059338,801.747208827103,0.00337548666560993,0.304998182477179,136.235812214505,16.672746203075228,0.163789973589288,0.252703307138727,0.0358188907861036
1532649600,8173.7746113384,469.311792811221,84.4349384940137,0.454675511009687,819.75599405315,0.00346367497022686,0.318239921129643,140.502328724532,16.988114804294053,0.165884411305187,0.264740734737379,0.0365408994942888
1532736000,8190.36005669199,467.32178842782,83.8444231993277,0.454268923044554,817.948507062674,0.00342286803336964,0.313072506461115,139.465181565267,16.959376711053398,0.163180408660357,0.279667364441443,0.0368247989390267
1532822400,8229.60583869083,466.918763588545,84.0014989224588,0.454201775302191,831.933138547025,0.00328932893854062,0.307941538224946,135.399700853628,16.914251408185972,0.163223368881342,0.329756746231998,0.0393811241528921
1532908800,8171.83951928697,455.8956735827,82.1667197439979,0.446021856776597,814.276052347141,0.00328788589990446,0.294410936415677,131.746540647517,17.156801966851795,0.153395031042234,0.315742437248475,0.0364347183734708
1532995200,7725.13303594389,431.798523670368,78.6732701099962,0.433726537402802,772.405968839889,0.00298487279673965,0.276079601273924,121.896747175662,16.14908941108195,0.141770557409555,0.293487767880552,0.0337030357372322
1533081600,7596.6980119813,419.019926651081,77.5656731330169,0.446825085986251,765.796234394574,0.0030626667227728,0.277531206937847,128.2205402761,15.444885548890031,0.139604305692188,0.28893926529776,0.0325031088934724
1533168000,7542.69466189363,410.974208357686,76.2060484146174,0.430585066774009,731.959121404756,0.00299686788189988,0.260325438136906,122.324465670565,14.962330314062056,0.130580497951913,0.309016881616677,0.0313546566723784
1533254400,7411.34425014611,417.253495616598,77.5946806465515,0.440329345425617,725.094881189111,0.00293050426045414,0.255814982778213,120.073982101932,16.541497918849238,0.129634775656051,0.283991304276698,0.0303564042486356
1533340800,7002.2086528346,406.419219462303,73.0418796824918,0.429049142930399,696.080154988602,0.00284371209577777,0.238889077959374,113.783837860392,16.426246395654974,0.12627641229973,0.256494072067861,0.0287698445673952
1533427200,7031.58775102279,408.949922852133,74.5859382372326,0.434405637587125,709.49984293644,0.00291537724140964,0.243047012887549,117.165341505879,17.618583222525157,0.130515298927388,0.252852519213158,0.0302915681980407
1533513600,6929.99089421391,405.378087375804,73.6415425086449,0.413048912665365,691.35065315234,0.0027642507450156,0.232718655942019,113.506513912593,18.67203678974708,0.129403015952419,0.235790229073057,0.0290816725063141
1533600000,6722.57843278784,378.559632086499,67.7550512732558,0.378083809315965,657.770187000039,0.0026490443990479,0.227848561504497,107.803717101449,17.19804146801316,0.123826330224977,0.233131207607177,0.0277054747577254
1533686400,6267.3886735827,354.369194330801,62.0471875760026,0.328851843566496,583.784340665933,0.00240760728571375,0.196504930474798,94.2473276714101,15.000041569268827,0.112441846109246,0.227008279079702,0.0241895102847402
1533772800,6558.09690794857,365.001145821157,63.5799424151142,0.345418974787666,612.024052064279,0.00259813586004989,0.22270501940347,100.525079021151,15.084164130887196,0.122974547185451,0.275776270179741,0.0257879261454497
1533859200,6135.75185856224,330.642003798948,58.927880217966,0.318401752904335,569.202221628315,0.00242348789481837,0.221446665391852,91.1459178493657,14.21450010841111,0.114374624276526,0.273237225823837,0.0235932821375235
1533945600,6313.74931180596,322.902082700175,58.5254479997816,0.302907497737063,569.00823584572,0.00238801930032349,0.219308742738963,94.3052900186604,13.413062575737928,0.111241984974796,0.274584965632732,0.0226467821025342
1534032000,6314.69165575687,317.954640561075,59.3201886390667,0.295565691258619,571.440094747414,0.00242651505620987,0.222790226252043,92.9764268075573,13.176591482622417,0.111691241917442,0.284494497082191,0.0224456582782461
1534118400,6265.84804383402,284.391617767387,56.5979239434606,0.276230749433994,531.513677105868,0.00233417630412684,0.222131796649227,87.8762644904486,12.008036901094789,0.101750218770433,0.25946018515753,0.0191449214232329
1534204800,6184.82908562244,276.242141729982,53.9794902843111,0.269633652126115,503.870369661905,0.00224813333493674,0.216387840321759,84.033800707524,11.454153299986622,0.0929042724397218,0.270796253079656,0.0184939371250603
1534291200,6270.21479865576,281.149638515488,54.3750807123335,0.280179062873344,509.066387589105,0.00228500400624198,0.215410038326716,89.4223840397021,12.62612372039002,0.0939966768799958,0.257408200116828,0.019220154273165
1534377600,6290.7504552893,285.766308007013,55.0368322916056,0.290396323946965,515.747048064396,0.00225706957085308,0.213798497102583,90.7542268926926,13.779416815884662,0.0941106913785347,0.266514660658966,0.0193060722307566
1534464000,6563.07828872005,314.950714786674,61.2634980623618,0.360631941701034,593.048647087228,0.002525430751962,0.237495803275499,99.3153422026902,14.706631236756492,0.108531596841305,0.292862454774753,0.0231152480728072
1534550400,6399.28744681473,295.433896551724,57.2415582417945,0.325923319774697,557.071268615853,0.00241418231312478,0.222985421663407,98.2692471465128,13.312775837830253,0.0988436735308882,0.272570378477158,0.0214396340364245
1534636800,6490.71612711865,300.065017241379,57.9061778289499,0.342631649721386,572.568651538827,0.00246932661737272,0.228479111139933,98.3561491090641,13.342478063858211,0.101637831252013,0.300781764631788,0.022102133855422
1534723200,6272.95272881356,271.61710578609,53.6060371550627,0.315904202347578,514.610939563004,0.00237028279040859,0.212872436283965,93.6450117371034,12.406303316177874,0.0924767610223499,0.28650267672709,0.0203514415031283
1534809600,6473.07603945061,280.940823787259,56.4880545035921,0.334267838766374,535.868210898715,0.00242214017565241,0.219366066334517,94.6823164519758,12.768416811223505,0.0944853631560297,0.309072500359313,0.0209244812307706
1534896000,6365.00983167738,270.081112799532,55.1794755020279,0.318943532949473,518.593735390256,0.00232830468403534,0.208272886483582,90.0775266574198,12.229781580107856,0.0897102501244189,0.312383244245125,0.0195431921039009
1534982400,6516.40902542373,275.208127703098,57.148438923055,0.325992717966817,529.660839079316,0.00237850559188638,0.215606906949969,89.7337125786421,12.486320627517049,0.0920138013717445,0.32069535559031,0.0206259442209992
1535068800,6697.73187872589,281.684925482174,57.9073034737804,0.32665645034671,533.556651194488,0.00244400789385271,0.21863405101619,93.6437968779283,12.557284167366136,0.0939466589633694,0.334516790900527,0.0215529813651613
1535155200,6745.43893921683,278.42391320865,57.889339967451,0.327888123029478,537.186560792801,0.0024095094546598,0.217597436621518,92.4595333832131,12.530046852984874,0.0944595558026551,0.319527145115047,0.0224192725343954
1535241600,6689.86933313852,273.289948860316,56.8674544856384,0.322314980103489,522.307718569107,0.0024370088386788,0.212007784056786,94.4691374312793,12.415089302672074,0.0926419900470386,0.328639316390319,0.0226738048313662
1535328000,6839.15895236704,284.203754821742,60.2718635289647,0.337693756518557,545.255839293504,0.00248018468977001,0.224383908826316,104.026960143455,12.568645688734861,0.100367778056864,0.332871859664541,0.0244529057258958
1535414400,7092.97380829924,296.625988895383,63.3297580368089,0.352742947375707,568.013834436848,0.00266823709966354,0.236649506405711,107.842189378206,13.282153132355448,0.106169027642509,0.335886968376616,0.02704187895656
1535500800,7033.42806808884,288.599854763296,61.4966083502088,0.344613065133884,554.822593224548,0.00258811239374304,0.226207314172644,103.394124112344,13.0181253690341,0.105774697729834,0.309649324628685,0.0254321108354104
1535587200,6966.96374371713,283.884303331385,60.0253272053564,0.334262318178439,537.527619818267,0.00317348399683186,0.221152510828374,102.63074900445,12.798954217983244,0.100341280873235,0.301788353388714,0.0247284402592955
1535673600,7025.14078024547,282.215765341905,62.1095630725427,0.335427223147796,543.393207554411,0.00479914414568294,0.22235449584643,116.44282523201,12.75732934387871,0.102092038679637,0.328400079944413,0.0253724702904786
1535760000,7192.35254734074,294.940272063121,66.2803406279616,0.346471598217745,614.487485389512,0.00618950676546258,0.229606181223182,121.773091877118,13.170292747679806,0.106946653298954,0.329427342271836,0.0266785619833762
1535846400,7286.66779105786,293.788012565751,66.1308481356612,0.341398630691559,648.175312870695,0.00500713234825886,0.225038506792284,122.046108374902,13.327919562643206,0.104549050584617,0.310981895607075,0.0255770990675826
1535932800,7257.47021391,288.642138223261,65.3529086999781,0.335325081507026,627.378830558138,0.00527066542264924,0.220662428909911,135.487674504674,14.029108418154324,0.103534902633601,0.303117103245568,0.0250133518590979
1536019200,7358.81147895967,285.306009643483,67.7224751378735,0.330982475967644,625.368832125898,0.00535682122585253,0.231259796701822,137.789871501799,13.952836256009668,0.105323703045242,0.296202066694196,0.0252528667643044
1536105600,6790.89732846289,234.201679135009,58.7046083802418,0.28181793973165,530.550613685846,0.00491444436151551,0.206964515437933,116.504635484458,11.96956417649571,0.0876254131396369,0.271949907542152,0.0216673185490035
1536192000,6488.07593687902,229.094761250731,57.3157376729554,0.301367105411212,517.477539443364,0.00498529790820217,0.206792262052275,117.014479191693,11.923770575773197,0.0878452094236383,0.271571537712561,0.0215497290171024
1536278400,6408.65362244301,215.279640853302,55.8450652765132,0.287530591785839,497.61327894493,0.00526255849117681,0.20592342671479,111.710436032888,11.612927201697314,0.0828794730187103,0.259353627804955,0.0204132216500791
1536364800,6187.79050233781,196.648755990649,53.0754678606272,0.276079296335436,473.651872155409,0.00565886247435301,0.193305790478343,103.828360605886,10.961057568691782,0.0773910979563361,0.240810544919925,0.0192015229784703
1536451200,6249.24631034483,195.588831677382,54.7950945820333,0.276037898194685,479.407559897247,0.00581712958450437,0.189997510145552,105.495350980142,11.178281804181983,0.0760010990996968,0.239266476022795,0.0193176261107438
1536537600,6295.3886025716,196.122111922852,54.068087993437,0.266838076821098,464.761442330381,0.00685078324756267,0.189546286535129,105.023971240203,11.296786998669337,0.0730802839656747,0.246632330580615,0.0191741664004232
1536624000,6278.42463968439,184.303709818819,51.7455420135678,0.26289970808555,439.545128828724,0.00626267922408914,0.200080157356063,105.160455064387,11.21146049605016,0.0698004963397751,0.259980977654411,0.0184378795377307
1536710400,6327.53636323787,182.668748392753,51.6851514056047,0.2694884151357,430.994307456355,0.0064168565934526,0.197143603792669,104.048896014032,10.67952785783794,0.0659397459175751,0.253601475072648,0.0181666149313793
1536796800,6490.91231648159,212.601965517241,54.69009421429,0.280588931179845,466.986640779297,0.00652070759540786,0.207063338873938,112.049550024818,11.136531894426305,0.0697998593699388,0.272042203930326,0.0200071351498646
1536883200,6494.69547895967,211.697804208065,56.8167317058163,0.277247949542015,449.623682993352,0.00616037052365094,0.201565315635702,116.250801679355,11.019662660787057,0.0681829377973265,0.269799562694097,0.0198021556618298
1536969600,6524.16566744594,222.813010520164,56.6153766438249,0.281713299784482,450.948526281677,0.00623584446378392,0.202847257918601,119.35022404143,11.364867176251247,0.0692874842262012,0.269728567148275,0.0198951456686072
1537056000,6497.40470134424,220.022490356517,56.8384665992689,0.281007008319378,450.112207825815,0.00653139071175948,0.207063929685875,116.844137860737,11.212915989530936,0.0697330580293574,0.275027798392137,0.0199231419650614
1537142400,6258.59487492694,196.811666861485,52.2442917267553,0.271760283536613,418.804333007984,0.00622610413508982,0.196003014606128,107.417755341727,10.284529382715371,0.063416527671991,0.271248889741654,0.0184224047665623
1537228800,6340.34779018118,209.519992986558,54.1232611557572,0.320854692013113,435.197071202962,0.00593297951825237,0.207839355704501,111.876248813402,10.5825844033997,0.0689444448511492,0.290403138151098,0.01929129636931
1537315200,6383.95187580362,209.085130625365,54.105018866014,0.32544968826722,427.834549869349,0.00560115531477509,0.205809324237327,109.386423283704,10.766918345430476,0.0718680828659848,0.328128163403911,0.0196904854317954
1537401600,6498.60711104617,223.652088544711,56.5542400542217,0.456864433935662,456.974368535798,0.00570471367682595,0.233208740873374,115.865111837845,11.124879210610107,0.0810177422983941,0.35870260406297,0.0213987233394866
1537488000,6741.14289888954,246.733348918761,60.7824111255352,0.563130011674999,498.945513217178,0.00570627921849796,0.248513142367893,123.817869901726,11.669976794523846,0.0876093433609736,0.354705056695826,0.0248554547330353
1537574400,6705.47605113969,240.176264465225,60.4930970363573,0.569993506969506,484.852927697607,0.00579641394283302,0.23998436229875,122.148124599182,11.424429949104672,0.0829953559110952,0.337754301585135,0.0231490181677298
1537660800,6703.13684950321,244.650700467563,61.5298562367324,0.572309739469455,492.23838187465,0.00599028382054547,0.282062377919822,122.69262244943,11.59368186268793,0.0900421408556657,0.343480730725489,0.0237932782323612
1537747200,6576.5450032145,227.800091466978,57.8868560369727,0.491712165604986,460.706299624523,0.00565329350815046,0.257629627860293,114.798975464826,11.028911441935893,0.0823483235313027,0.335482307817987,0.0219974656952403
1537833600,6416.44402162478,217.622940093513,57.3402143663939,0.530266910506403,444.322401381306,0.00571399668677232,0.253189585659941,115.632438580567,11.038915939101395,0.0809256486499708,0.324588042424875,0.0212135038910209
1537920000,6463.25040356517,215.031261835184,57.2937069311568,0.517606145310654,514.85362527035,0.00571682317557312,0.244073195698095,114.587016023285,10.99024327907704,0.0792563131465809,0.347318388293047,0.0210133185754353
1538006400,6677.90048860316,228.436735242548,63.148056537894,0.542057780458331,565.111330776289,0.00590570207903873,0.259257763428099,119.095838025802,11.40778765592426,0.0859712663571739,0.347379061782235,0.0224974146375419
1538092800,6623.12615984804,221.042023962595,61.7965899603029,0.539831291005295,538.559869081075,0.0058616118480066,0.252792235786039,116.423867837751,11.213041477902626,0.0837749679817461,0.335072487892839,0.0219158259338945
1538179200,6584.49914757452,231.326054646406,61.4648185789793,0.570051906225079,537.663429877019,0.00588319006430122,0.254210665207813,114.243841045234,11.324600394097718,0.0843982791972115,0.330491871049851,0.0219949354698173
1538265600,6604.485028346,232.215880479252,61.0281947826419,0.580981011530273,529.085069413975,0.00588496554464235,0.259290912002601,115.423351343104,11.303994501259822,0.0849049772880258,0.331256440941408,0.0221483820830871
1538352000,6561.81383226184,229.918147282291,60.0140053279579,0.572776258157581,530.487054442616,0.00592244963771821,0.257107902315371,114.08470320866,11.1752963130319,0.0838262458485187,0.32479206078902,0.0219337270885864
1538438400,6508.72093863238,225.34053798948,59.3874909713069,0.5192325786906,532.117396246774,0.00579968766005434,0.246413661498829,116.736898128246,11.100197514612042,0.0821045332701598,0.320194986988151,0.0219284165664749
1538524800,6464.45684365868,218.985656049094,57.17542294938,0.525117213111211,513.960832125735,0.00566351890142675,0.240091241382499,113.917770160954,11.061839107032593,0.0803045696401373,0.310027526905314,0.0214828558854283
1538611200,6545.28566773816,220.934906487434,58.0038518460271,0.52522018453407,512.181203083156,0.00561791126367119,0.242687299035533,113.96874015771,11.007863540274586,0.0811147847160169,0.320623258377394,0.022706438005815
1538697600,6585.14957977791,226.533247516073,58.5163373180585,0.517738050517783,517.819112420843,0.00564552317247956,0.245515647629579,114.079971980306,11.038243261549765,0.0827018167089721,0.350500534806803,0.0231908002178158
1538784000,6550.47831589714,223.670021040327,57.5832903716843,0.484766514229904,507.173887351526,0.00554976201156905,0.239594451328559,114.077973194433,10.902121773245826,0.0809141249955124,0.3364314410824,0.0236217342414255
1538870400,6564.56826008182,224.381154003507,57.9082288598552,0.478180115093531,516.415287683027,0.00561000005722834,0.242705172710065,113.006947336843,10.87299360958192,0.0841524672151317,0.337753499257815,0.0268701203649836
1538956800,6604.68527410871,227.629361484512,59.1458433721133,0.487484237831916,525.991323040876,0.005561317934698,0.247513302825257,113.41939957255,10.894927112261161,0.0862081543201033,0.341684585556011,0.0264019103291169
1539043200,6590.42862215079,226.366257451783,58.4179388177846,0.476860187260748,516.170436430012,0.0055854464194424,0.244984673294139,112.5993630108,10.844328420219922,0.0857906198360785,0.338705840423435,0.0259052369107434
1539129600,6529.10243600234,223.637414962011,57.4280777431805,0.458279482961147,509.434504211447,0.00551334461282045,0.239295075695326,113.40314615919,10.75664487352222,0.0841273083259296,0.347425774201525,0.0251670279939068
1539216000,6159.25164260666,190.503173290473,50.7574061958862,0.37926813422755,430.283621848236,0.00493522330112552,0.205407621872667,99.8071272596259,9.267094689278242,0.0702842216248331,0.303222373440613,0.0207593640198999
1539302400,6191.67722326125,194.233684102864,52.9852085801042,0.415393860354579,438.752313615979,0.00517480472648421,0.212051105934089,99.6990761615105,9.403564618660141,0.0723661108602791,0.307233742994635,0.0226167025774917
1539388800,6197.68569637639,196.640900350672,52.8527067810508,0.413673175077445,444.236822766953,0.00513251683962717,0.211821675755762,101.374112882766,9.421033136543201,0.0721391579339211,0.317470305267723,0.0233115674361968
1539475200,6182.87934424313,192.082561659848,51.3759689953656,0.402302856327349,433.791113678086,0.00511593370082485,0.206433446460697,99.1166828124339,9.280491616355258,0.0702294413238222,0.322270309931457,0.0233504620172499
1539561600,6442.71541408533,204.845595265926,53.5943308728589,0.440524835336798,448.027669322226,0.00512587484071487,0.218278393766437,105.00604333007,9.56424085513421,0.0731890248851454,0.331212493352303,0.024497961336668
1539648000,6461.93715926359,205.678965517241,53.0856450162613,0.463394973480218,449.782823625693,0.00495037080619757,0.226457766210664,106.235101168319,9.545327139057292,0.0747582411712151,0.353157018308071,0.023834063900307
1539734400,6442.73070017534,203.589184395091,52.8026700928216,0.463679712638424,441.077987712983,0.00451964360815396,0.239072300786388,104.859319789102,9.664828059329363,0.0764901115880915,0.372470772524372,0.023851179427385
1539820800,6396.47981209819,199.104167738165,51.7163545453888,0.45378903564743,431.667846167464,0.00432302379282738,0.238626141525128,101.82549282689,9.473118922636266,0.0741742249461936,0.371493596437629,0.0238707817807177
1539907200,6383.07784015196,200.18542226768,52.4370873191954,0.45032327971975,436.797999082978,0.00449901187562655,0.244495080737396,103.042339635892,9.51082010550289,0.0752249113006663,0.358376446299492,0.0237877101643903
1539993600,6408.25274634717,202.620590298071,52.8389836080736,0.455595231650569,443.613986194595,0.00453187963802214,0.245352882672776,102.94874666479,9.549723870630524,0.0756174155747757,0.366174651828351,0.023853687132672
1540080000,6415.34050292227,202.197792518995,52.2037288646838,0.452395332048652,444.016822870863,0.00448019111213737,0.240967932961806,104.151355358178,9.507766396108222,0.0751225884461404,0.368444107087947,0.0238937313565035
1540166400,6408.03363559322,200.986967855056,51.734075044345,0.449203347454969,444.488725345059,0.00432756970157623,0.241410550771287,104.950536855007,9.910062972072359,0.0752265787968467,0.387766046824981,0.0235455458003657
1540252800,6395.98766686149,201.106208649912,52.0892006446675,0.458746126702749,438.468664829617,0.00413173999832406,0.239977900157622,107.667370448686,9.684299203099366,0.0740190692427347,0.43325904786134,0.0231681771450363
1540339200,6413.80364114553,200.548608123904,51.8477327376298,0.45287356258134,437.813659820054,0.00387284100200151,0.235776646003061,105.783109495586,9.619958161075584,0.0737281595617396,0.40770389123903,0.0231804854330944
1540425600,6402.3248591467,199.862744593805,51.7844951529331,0.455366430584546,437.050303964693,0.00369485918559618,0.233656529618572,105.421468839332,9.569309642888237,0.0734208871794438,0.430672482889442,0.02293752249543
1540512000,6404.10855230859,200.622661601403,51.5936570185655,0.457139495636018,434.857270307064,0.00398332101123705,0.232202735155007,103.839971977611,9.54186961959325,0.0732363357450081,0.429669223508028,0.0234132392441012
1540598400,6409.40532758621,201.418418468732,51.4947588183618,0.453291143536463,434.455897159964,0.00418945813421611,0.227528362930781,103.177089085817,9.543634233344887,0.0723764786198047,0.442557199644504,0.0230704992621427
1540684800,6406.63325306838,202.451103156049,51.3622392987575,0.458697141301169,436.699219498206,0.00400564690489255,0.23128430569116,103.769934058192,9.512622735173222,0.0726306880262906,0.436712175080981,0.0232777461614933
1540771200,6263.0417346581,194.321351256575,48.6648692871507,0.439287382015205,413.487135467496,0.00380332049340496,0.219946731501014,100.396047807307,8.989202565062802,0.0692953312284409,0.415606551336094,0.0219241667767761
1540857600,6272.16772822911,195.65895295149,48.9092491653263,0.44332674637663,419.597137896448,0.00385914346551029,0.221397700014905,102.309284062623,8.945487880478721,0.0693856470042909,0.448284571446364,0.0219858310550762
1540944000,6306.31693132671,196.897931911163,49.4558908709903,0.44944993069705,423.198182739283,0.00376341607420632,0.224334188607158,103.661137656156,8.990634012467028,0.0698561756895381,0.510377255552091,0.0221831327955486
1541030400,6342.97750058445,197.8192106955,50.1080857054919,0.455463968760248,422.700225524482,0.00377027846731256,0.223841501241699,103.533374056668,9.019507272078298,0.0705522346282337,0.515801598597675,0.0223011660769345
1541116800,6348.16858270018,199.850372589129,51.0868335134108,0.456596834612512,460.501487474318,0.00377645626131509,0.234685071890718,105.246595566113,9.077310310500732,0.0723157038247246,0.50056977256546,0.0227107757890998
1541203200,6332.43413296318,198.354677381648,50.6243121698395,0.453267378882032,476.193127687333,0.00375545823755922,0.235224384577479,106.257505648195,9.067107768825142,0.0711714059463224,0.538864684298401,0.0225209397830663
1541289600,6420.42200029223,209.989572764465,53.8970711988914,0.466739502030048,568.43155416579,0.00371259884082595,0.242934419764531,112.074569718656,9.45220557353003,0.0766278297009659,0.504441531700978,0.023463274648861
1541376000,6402.94683898305,208.075581531268,53.2824207980315,0.493347946201163,553.301659779977,0.00361142495905419,0.246310323247578,111.238559905831,9.389982540576494,0.0760634682250348,0.479757912406921,0.0236779659927436
1541462400,6441.14521887785,218.089755698422,55.5231066581782,0.546572448665618,624.01733208837,0.00369403903946031,0.265530601871919,112.523626888074,9.90429458155019,0.0805128696487352,0.481787644319269,0.0244733540246793
1541548800,6500.86980508475,216.783056399766,53.7593983893996,0.533487658944516,613.097501486151,0.00361746599488457,0.255563736356767,111.054183632229,9.59164515802102,0.0782824067184512,0.48075652766343,0.0238736300949698
1541635200,6406.75293746347,210.643103448276,52.0629881618329,0.490897744221286,571.997346478088,0.00335558009938716,0.255568380983563,107.883994452114,9.419301135019241,0.0761478125677625,0.49529364461462,0.0229380730529393
1541721600,6331.37876709527,208.102855932203,51.513118173873,0.497540277909607,539.384762784611,0.00311985388472488,0.254776052255332,105.87227664844,9.422498195973667,0.073619627307045,0.487783691373402,0.0228259311907012
1541808000,6353.11273407364,210.56486528346,51.801726198649,0.503095885370199,552.249541569919,0.00328391320425498,0.261426396744935,104.17066775355,9.397397378144758,0.0745795786807274,0.516305191554569,0.0227769444090097
1541894400,6335.41420397428,209.064253652835,50.5409713191001,0.50091018249408,524.056815696877,0.00313033041041841,0.272181841988886,105.344546383467,9.092263612726857,0.0756037441207081,0.50611238365201,0.0225689733622823
1541980800,6320.65605376972,208.28941233197,50.1688431634088,0.513783511907431,511.103472161186,0.00304394406763541,0.266121998901913,104.134257164708,9.069369806642484,0.0753459140845966,0.558684588109565,0.0222443294244167
1542067200,6267.9379912332,203.619797194623,48.9126060937849,0.502704220757037,504.15602343959,0.00288175134703249,0.254142616113582,103.489789098673,8.901289336087011,0.0724429619976746,0.573976870429658,0.0215774048145485
1542153600,5574.25834891876,176.673708649912,42.5640083825196,0.457181864634528,427.027258711845,0.00262970931689621,0.226238565666262,88.3366480217588,7.7248480263689885,0.0626897182101222,0.528549819731208,0.0188120079657629
1542240000,5538.56060783168,177.585899766219,43.2106314684563,0.472380649966877,388.113308653746,0.00277073696801492,0.236468356425244,86.864297677256,7.578056807535178,0.0620193297784212,0.534262923552326,0.0186851755590766
1542326400,5496.01623115137,172.027222969024,41.6484799624689,0.465306205363662,349.380805129887,0.00271962100051045,0.23512687948775,86.063640908105,7.37504284798298,0.0599044576361545,0.508913310816479,0.0185700295789794
1542412800,5501.09234044418,172.325834307423,41.4839201905027,0.485464446773775,367.786789572013,0.00256146484916829,0.24261323660666,87.3399834964458,7.285864610202316,0.0598940567065472,0.479901691464328,0.0186046364234797
1542499200,5555.3763383986,174.887517533606,41.7247979286353,0.505267528367202,330.7361435974,0.00258760403573629,0.247440442202518,88.2703593871292,7.365718091905151,0.0610668350153906,0.519579900575932,0.0186103372000813
1542585600,4792.20002367037,146.837374634717,36.1089883145887,0.469252454169151,285.353751790206,0.00237108002233697,0.221081808064938,72.0749475539144,6.091837708028929,0.0514034750833052,0.412644590296519,0.0154498800408139
1542672000,4317.53067007598,126.699694038574,32.135401754473,0.420398467122745,224.608235199393,0.00221552736318053,0.186353434610049,64.3529776198957,5.377941986044091,0.0434214246860188,0.331745543414905,0.0134214833148148
1542758400,4549.32200993571,134.894838690824,34.1472030683881,0.442796089719205,244.837625978015,0.0024252952139188,0.200706978505742,68.203124444249,5.68112804696457,0.047185601624469,0.361406681569677,0.014497317833187
1542844800,4303.61554850964,124.98310666277,31.8237826963713,0.420068026092055,209.476199258012,0.00234181163276584,0.184138006466328,64.9441524628115,5.281883636960452,0.0437127681931449,0.341828684909629,0.013694433920839
1542931200,4289.89285330216,121.464526884863,31.7783079176252,0.401423244580852,203.666693013673,0.00233118827340712,0.178457107986531,65.8592332256549,5.118237349337253,0.0425915810150321,0.325715520367656,0.0134474127408618
1543017600,3806.31692489772,111.207919345412,28.7105859701656,0.367261942834324,175.109122283534,0.00217449991765558,0.147051991672144,57.8552684691381,4.678916585271603,0.0377192067523934,0.276269716083162,0.0121930468628975
1543104000,3946.85087434249,114.328124196376,30.4537332507175,0.368075557948513,180.044760697834,0.00217821164287643,0.156477011960571,57.0372366034596,4.680718321637846,0.0369931823892295,0.256112501532014,0.0120957104445912
1543190400,3700.28599269433,105.976193161894,28.911148708649,0.349266345306863,175.553857360108,0.00204678953805847,0.141084320975434,52.1749856390582,4.21557061802711,0.0349348916714004,0.275957640526611,0.0114158314025122
1543276800,3776.55590531853,108.939132963179,30.8380572929407,0.356692002471758,177.436789444731,0.00202831055523489,0.143290939207933,56.8874116614744,4.484433934917051,0.0360510227257088,0.285675687435276,0.0117372652858077
1543363200,4208.47526914085,120.843035651666,34.159751925243,0.387345286188937,188.342884700095,0.00223343022131024,0.158771302700892,62.6216734764945,4.93468755878388,0.0414678800909624,0.326648305052719,0.0143635459325703
1543449600,4239.03948831093,116.45006779661,33.4913459309177,0.375998297578866,178.653969279571,0.00221378122736889,0.163011926664501,60.4674073004004,4.868375129572595,0.0415359076696307,0.340389367597418,0.0155422107732073
1543536000,3973.33405230859,111.631448568089,31.6219369833635,0.358598160784571,170.631976341979,0.00216175029125436,0.15683922486525,57.2629464494275,4.552724662737577,0.0384071473776521,0.319140945463494,0.0141998678071913
1543622400,4148.07372559906,116.974022793688,33.762602108851,0.368014736940822,171.009909584711,0.0022165366840767,0.162662270766016,59.0051520261594,4.781892803198285,0.0409663463224324,0.328105510148089,0.0149578990904574
1543708800,4098.74676388077,114.873848918761,33.2709482777548,0.363673087667376,169.861335227531,0.002185454403128,0.158279711996109,58.5586959841167,5.1065737991755205,0.0412347782830579,0.313026262654907,0.0147607474828845
1543795200,3843.9766659848,107.436093804792,30.6282260025414,0.345193623083834,157.321025462704,0.00212643664864855,0.147607839650247,54.4031916652598,4.463183066753144,0.0382424284393855,0.286475826758318,0.0136229166744411
1543881600,3892.95164699006,108.393074225599,30.6671650908347,0.346674686335487,146.820335899773,0.00216719639028073,0.1452789788174,56.1174845427125,4.326720511879113,0.0369947147785001,0.282889560961295,0.0141399978281343
1543968000,3709.52085827002,101.132688778492,28.849609912454,0.334688650514102,128.176329487144,0.00214354543552791,0.132283608668635,51.1325869314505,3.97457863052821,0.0339779173323742,0.2538719018079,0.0137697482509406
1544054400,3511.96898158971,90.8128144360023,26.4989939027311,0.306809449478531,106.362332391887,0.00208119076590737,0.118648427115144,46.2637138234975,3.4977476454605005,0.0306142977984397,0.223979521276403,0.0127549239256173
1544140800,3372.99569257744,92.1289161309176,24.7874493175822,0.29936490525924,105.123866297163,0.00210048605063427,0.114040978279421,45.7760378907951,3.8591287977643325,0.0293741819421731,0.212710784042347,0.0130611667329268
1544227200,3407.95119462303,90.5991420222092,24.2497213803298,0.302589388671154,99.3053377628464,0.00208918699677842,0.116089924372531,44.5640831785584,3.7897600971446552,0.0301431778884138,0.224879129641343,0.0132528089486161
1544313600,3540.43957597896,92.9939959088252,25.343089069893,0.30812585920489,106.2268203807,0.0020740412390902,0.120940116435003,46.8387724644776,3.9040191580731642,0.0311139946348221,0.2341049056295,0.0133765904356483
1544400000,3413.59258416131,89.3385888369375,24.0466751023891,0.297335798579046,101.658343856633,0.0020433807105601,0.115087376806718,43.4795420175951,3.805728518272438,0.0296045702134726,0.214003134168135,0.0130261943840228
1544486400,3352.56420017534,87.1420371127995,23.2571445775333,0.296620301895541,95.9205286438943,0.00202325510129422,0.11036662488788,41.7818339094035,3.66439581008698,0.0290933813194774,0.218353058088407,0.0130511083877194
1544572800,3423.01291788428,88.8542311513735,23.9915556918707,0.302532863709241,96.4458740297227,0.00203688614338788,0.111710137931216,43.1030015266005,3.8310691028566235,0.0301267860311981,0.22223673239621,0.0131669861336048
1544659200,3260.34158240795,85.0300748100526,22.8561172882366,0.295105686938074,86.7661032449115,0.00203124816634231,0.103394425540759,40.1480676619359,3.8182643805793837,0.0287323694212737,0.202494914095868,0.0128771440419977
1544745600,3198.94747369959,83.0865353594389,23.1585522971493,0.286147042453079,79.6058617188867,0.00202957325298859,0.0954532605118726,38.4310430364964,3.671281101913312,0.0280504505318137,0.200263318784632,0.0126136119533886
1544832000,3185.07404383402,82.8301902396259,23.4264407148814,0.281508131121063,76.0659791424516,0.00202889779973886,0.0936940837205817,38.0954211696787,3.5680771291340507,0.0279254104937342,0.200267992410936,0.0125739084710746
1544918400,3195.41455523086,83.7853918760959,25.2443170851702,0.283512081162443,78.967964206054,0.00206846164927329,0.0950064638686824,38.49103925947,3.576562189913185,0.0287249800279712,0.202931170570137,0.0127850962105351
1545004800,3499.15648188194,93.8437010520164,28.8854726049359,0.325454044716882,88.0537118735022,0.00252412491309249,0.108361393474007,43.1038804677109,3.934715545287179,0.0322279542035351,0.230125790571327,0.0140617508075415
1545091200,3659.52737931035,100.277705143191,29.8850788576405,0.346678411845239,104.074311899596,0.00253578240122252,0.113350162453004,46.3344083775022,4.162644361180211,0.0343614481309643,0.266193995852311,0.0147015574714944
1545177600,3697.72530333139,99.9495049678551,29.1737867604209,0.350200947668963,129.024925173766,0.00266608090684363,0.113133598295354,45.6339776174758,4.402219987086182,0.0344294903845877,0.294214819866138,0.015576361435894
1545264000,4067.73770777323,114.083974868498,32.2171646182046,0.373898808876928,188.599999291581,0.00265295642315542,0.124297177523175,54.2923070594502,4.715674807608617,0.0389216305556172,0.331775648465682,0.0171089508465077
1545350400,3839.08510841613,107.811862068966,30.1870116848298,0.354352411923707,191.03591074539,0.00244464772392545,0.118192165931939,51.2137722887213,4.479984414134311,0.0403592078256352,0.294285584837034,0.0197563552282373
1545436800,3964.94611630625,115.230315897136,31.4087908657103,0.359180407755375,194.566033482967,0.00246414379628298,0.120552928556925,51.0887099739345,4.6172144454446995,0.0416963982920738,0.307410659662351,0.0207909779496751
1545523200,3942.66699590883,129.693795441262,33.1538135161328,0.367426189172303,195.530460958665,0.00250672417208103,0.124796288768234,52.2820451201048,4.854650734282914,0.0439013118153231,0.309276778643041,0.020646558256943
1545609600,4040.04578959673,140.372449444769,33.5983041826901,0.407792329859788,182.297929983379,0.00250563782832034,0.132518720295519,55.7884618206936,5.165752912300255,0.045724614113896,0.307005829191036,0.020963089220905
1545696000,3761.58401081239,127.919814436002,30.5942016975256,0.377348034549568,168.315348233171,0.00239828950173681,0.119229080472777,49.9820122474777,4.659789479764547,0.041044849719059,0.310921670157662,0.0195706572982211
1545782400,3807.65745353594,130.30945119813,30.4816758116174,0.375352173481378,173.471145225838,0.00238232653465799,0.119344330681936,48.7465414095236,5.433259259723132,0.0408403233009852,0.302925332464727,0.0201286588578093
1545868800,3585.46053594389,114.117396551724,27.6971220880183,0.334127702614006,146.809170971412,0.00230952961840366,0.107845846401568,43.3425420555138,4.716623191037315,0.0362029227213296,0.268600528400613,0.0180865220856048
1545955200,3881.05488486265,135.222091759205,31.9284068752424,0.372163333780156,169.954499245042,0.00238836428621933,0.119783091078271,49.1998236542591,5.182831650312095,0.0413820191451105,0.291990778336378,0.0204582853670384
1546041600,3823.13832612507,140.09879836353,31.6623828081416,0.366791843021992,166.087645231661,0.00234967551969338,0.118185404177625,47.9807240365533,5.222243380319056,0.0421488988172252,0.30262276764394,0.0200060308569724
1546128000,3825.4074628872,138.401716247808,31.5311927643651,0.365720683218736,161.439755221865,0.00234703257707109,0.115971270957573,47.7511764201957,5.2372999254920245,0.0429102962495507,0.295419256776318,0.0197094709599478
1546214400,3687.19994009351,130.790460549386,29.8134807549924,0.347623564724175,148.443845654791,0.00231174280839299,0.109661805634126,45.4975586211274,4.958184484881727,0.0405049574078278,0.284602097715742,0.0185781921622471
1546300800,3808.11783167738,139.154644360023,31.6459548832744,0.361322280070156,162.912782498655,0.00236759562083666,0.113944503008533,47.7668527346507,5.152290273502764,0.0420688000066255,0.296566024568419,0.0193503767573852
1546387200,3898.1974880187,154.426368790181,33.2462260611798,0.373486541689337,170.641057629193,0.00236291297640186,0.118140705633788,51.8422207598391,5.3884779789265425,0.0450243820547228,0.314406921922646,0.0200602565755541
1546473600,3784.38863471654,147.06208679135,31.5623087321775,0.354332622662953,159.496018300089,0.00229297431139368,0.111916083631596,49.1884676025409,5.029450250446986,0.0422350683442008,0.360979591522116,0.0198055576172297
1546560000,3827.52459438925,153.442376972531,32.0715969792328,0.356292907082103,159.500709240263,0.00227824149308278,0.113782152974541,49.9856491310038,5.234015310115687,0.0435059620956769,0.430591667057445,0.0213373849995999
1546646400,3798.61395499708,154.301756867329,34.4364017907667,0.350902338056595,158.251947140954,0.00226063526144711,0.112230608460259,49.3436007124259,5.094794676886685,0.0443297224241316,0.392423425169563,0.0220274546396087
1546732800,4045.99377498539,155.940283167738,38.9921864893942,0.365484443363795,164.729316194742,0.00227719545589551,0.120529753237208,54.6852504695013,5.389454240125914,0.0489668423188247,0.394955321911924,0.0228262361135143
1546819200,4001.01827819988,150.346131794272,37.5538488171956,0.362403169804646,159.385400008613,0.00224265470679496,0.123073787393892,52.5865967640423,4.848892741987525,0.0477953433914124,0.374635592012221,0.0232880069565988
1546905600,3992.6227893045,149.052762711864,39.1472020060687,0.363734872854717,159.722805094224,0.00223153379812432,0.122901963325753,52.6624229795346,4.938751474071428,0.0482919757775066,0.418315622087349,0.0260976793068981
1546992000,4004.25903565167,149.62985622443,38.720590677336,0.369416349627367,158.765452311131,0.00223260186738055,0.12339383149649,52.1164688943051,4.9591040305464835,0.0519897683076433,0.399047879103143,0.0282127577333839
1547078400,3627.90345002922,126.929803915839,33.337615625765,0.327923986142095,132.900918585901,0.00211196564827202,0.106979742954276,44.7163300793682,4.372147487754684,0.0438438006391174,0.350807830059435,0.0255617515111053
1547164800,3624.16142109877,124.970574225599,31.6291992785401,0.327179160609779,128.764693903781,0.00209470969811569,0.104648271872534,45.0823399074117,4.392381137008745,0.0434662079764337,0.432902146740488,0.0247434712745898
1547251200,3617.02207831677,124.329310637054,31.9866931211879,0.327980630476324,132.895605993735,0.00211040269201584,0.105333566135937,44.5108214720321,4.499879821191524,0.043260196770247,0.40724082126799,0.023192173591174
1547337600,3508.6701081239,115.339895382817,29.7821677692433,0.314443952978437,123.781357548016,0.00208052848239215,0.101999729273428,42.5219812405958,4.218016177922454,0.0397591241607366,0.442198358138963,0.0210143967941759
1547424000,3666.94519374635,128.323583869082,32.0247087781171,0.332465496683215,132.475479445871,0.00210217147001508,0.108409679328599,45.45962461278,4.371543795790789,0.0437789215388342,0.482819059066823,0.0254557222591622
1547510400,3581.29301548802,120.32987609585,30.9806328287327,0.324128590882721,126.364184763801,0.00204907409444442,0.104671097545699,44.3799528860407,4.181715200466538,0.0424010215240217,0.508008369201783,0.024368510111897
1547596800,3606.98657568673,122.420913793103,31.4121211856784,0.327294516218837,127.389631232148,0.00208447808434773,0.106089421980074,45.6880685582595,4.276121109884127,0.0442674069149034,0.491725118943625,0.0249694774522404
1547683200,3640.12913062536,122.647751607247,31.5897884057628,0.327354014356562,129.618043793926,0.00208984066467273,0.107931861908123,45.1745320726428,4.449318945281831,0.0449927132998817,0.478029908355746,0.0251617705424694
1547769600,3609.42673611923,119.485191408533,30.9035440794436,0.321018451762915,126.670774378306,0.0020528816422271,0.105816515576333,44.5285760614449,4.356863243060253,0.0439201611715493,0.495484056255538,0.0245497053284472
1547856000,3687.30196113384,123.487991233197,32.222637078172,0.328141128741626,128.666893794486,0.00212305594761652,0.106879899257551,45.6779730502705,4.382550371966582,0.0454321275047775,0.484702218690146,0.0243369525235904
1547942400,3538.31372296903,117.515231735827,30.6286604658545,0.316939220091869,122.067205101765,0.00204621325630889,0.103067878736133,43.4058682044787,4.267764973836603,0.0429678584387648,0.484654223782296,0.0235833616729773
1548028800,3535.623393045,115.918843074226,30.8862020436416,0.31836463087665,121.504305089661,0.0020429410303701,0.101837784739782,43.9712524373299,4.2610656753016904,0.0426659621590592,0.499928121866593,0.0253321953459093
1548115200,3577.30834979544,117.97571975453,31.4971473304471,0.318073191374813,127.110731227122,0.00203131601181557,0.102294375617944,45.7428410758737,4.293585311871112,0.0433792470210194,0.535835563507661,0.0263025614948172
1548201600,3551.89382115722,116.313436586791,31.6255046738088,0.31430992036186,131.081166171587,0.00200512291273054,0.100737422016456,44.6089749109676,4.2506356013053095,0.0427088208992377,0.506084753957363,0.0262824519115637
1548288000,3567.58893366452,116.326357977791,32.5091321820515,0.315671000372144,128.17754608643,0.00201418917540787,0.101010271427426,45.5353017579918,4.30515178900921,0.0428447986217221,0.498552077497419,0.0266820592499362
1548374400,3561.35049795441,114.967366452367,32.6693607494506,0.313558217013686,126.509591938397,0.00200499574242039,0.099386607507357,46.4452764615579,4.32077219572844,0.0423563842211659,0.472389252740669,0.0264732880344479
1548460800,3557.03991525424,115.040040035067,32.7611034035873,0.311729981265851,125.239547728062,0.00200424083440835,0.0980361619842357,45.2675922226094,4.284282449303209,0.0423052085061798,0.465377939209039,0.0284029739327542
1548547200,3537.61413062536,111.82207685564,32.1768072778563,0.305317736912018,120.878726175734,0.00198276663161076,0.0938255738150998,46.0198857954646,4.229676505102481,0.0407134920083802,0.428847308264869,0.0289705477503573
1548633600,3435.05251402689,105.667155756867,30.9841910034323,0.29285459901987,111.110663437842,0.00189307564528839,0.0863227512772386,43.1540671924216,3.918845837389343,0.0384918610556472,0.408613562253205,0.0267254874495391
1548720000,3395.82376329632,104.227875803624,30.679393669252,0.286000094383169,109.131289269763,0.00187823533520279,0.081985816512256,42.7515419059861,3.873602286016337,0.0379433448996832,0.447001662041644,0.0269775379923321
1548806400,3437.89586616014,107.66988603156,31.5699884824974,0.318169517951966,116.880655815399,0.00191083611908469,0.0846037458214129,43.5665316123058,3.952339378506621,0.0392584503811282,0.420983721643534,0.027036008413854
1548892800,3410.13161601403,105.739236119229,31.1843187645176,0.307163335062226,112.933407456682,0.00187855396510081,0.0808045613451878,43.1328042610941,3.9017214766390405,0.0379781810526311,0.382128718720355,0.0252478430073095
1548979200,3445.04989129164,106.634947691409,32.53457137152,0.305512049429079,114.838950492512,0.00190619313979016,0.0806107116552126,43.1757000337946,3.8925999706159273,0.0384885854054424,0.414134131773824,0.0260147622749066
1549065600,3461.93511747516,108.571131794272,34.0292471559838,0.306847698047957,119.787085673686,0.00190779521103115,0.0819983145251728,42.5431115450951,3.923852790965458,0.0387052432593754,0.410091311165359,0.0257168597027892
1549152000,3413.02161630625,106.021722676797,33.0921482137596,0.298177845815033,116.925080062383,0.00186138958575605,0.079016641644674,42.2578691467972,3.8495660536715386,0.0377232647109887,0.392014827345672,0.02512661370501
1549238400,3411.38796171829,106.026675628288,33.6915764568819,0.294600196130407,117.009113500598,0.00183939930486507,0.0775783497118627,42.1079204407695,3.8211555520139453,0.0374245502675345,0.388394119173294,0.0265632369293629
1549324800,3426.46501139684,106.135586499123,33.9084738269314,0.295773549797078,116.060317074963,0.0018347799947426,0.0761802512784697,42.8195790648111,3.8215258107892276,0.0376021552571884,0.416969513127783,0.0259167393967608
1549411200,3367.50636499123,103.394712156634,32.494771023825,0.28619518512002,113.508047170314,0.00178072115696068,0.0731779707051609,42.5806216737408,3.7073735318031873,0.0363387101106949,0.393971438487323,0.0252571165546334
1549497600,3358.87359906487,103.299053769725,32.7655217289336,0.288250020349215,113.945892592306,0.00180405743365471,0.0734430563304672,42.672975644388,3.8001184702392337,0.0360761010095573,0.397159011862108,0.0254204389483801
1549584000,3612.47961922852,117.501485096435,42.2037650762442,0.308054288217976,127.768593634223,0.00192252524378547,0.0799822971893023,47.4986822589729,4.073668401180785,0.0402489383086136,0.430288698371273,0.0264783322768306
1549670400,3621.26812098188,118.103963471654,44.1134846860007,0.308792640657672,126.39456235425,0.0018942272609053,0.0796358316915761,47.7988080864684,4.033831525649331,0.0407391943681419,0.458357869083724,0.0260128676362316
1549756800,3642.0223591467,123.577868205728,46.4170292628414,0.306387171630938,125.939341419662,0.00188321862900866,0.0795650212522756,49.0652522550797,4.110906381894942,0.0423904663863306,0.44545550924324,0.0256082007179635
1549843200,3590.6184836353,119.726615429573,42.5130883799226,0.299148814289482,120.738780869791,0.0018434259970141,0.0762880914062729,47.3715280102159,4.015590830841525,0.0413148398249752,0.422282562697596,0.0243568874058578
1549929600,3587.90246580947,120.828701928697,43.4861057012327,0.300996537866464,121.089533396078,0.00185750367679189,0.0761644496837768,48.0677505516121,4.018654489479398,0.0412167077577943,0.420840598367569,0.0240799527435836
1550016000,3576.08537258913,120.690225891292,41.2701916787495,0.300924263510066,120.850884044998,0.00186948016930754,0.0756334178658446,48.4088325282253,4.06665509318948,0.0407415932667187,0.436496375507092,0.0238524925545373
1550102400,3561.91638340152,119.68091320865,41.0549605287628,0.29829411148358,120.040448856997,0.00187048271272793,0.075432726070802,46.0910841026289,4.084755926880167,0.0400732349534266,0.421384146970738,0.023130072441869
1550188800,3565.00692372881,120.360025423729,42.0306597570396,0.298512939923862,119.957955516316,0.00187353583254013,0.0787735287266896,46.5084953726079,4.053439083185712,0.0401375159092433,0.430957942124397,0.0234298399352411
1550275200,3584.73600263004,121.804881063705,43.1570861152128,0.297802434339958,120.378099250442,0.00191616635436886,0.0772931995313878,45.993264226974,4.053677429189877,0.0406936545021868,0.433169378309322,0.0233126037128001
1550361600,3622.7574289889,132.80649006429,43.3850079707347,0.299771528897149,123.027764659914,0.00199957803597685,0.0789388347224694,47.2176521724882,4.128850891451851,0.0412186300048132,0.453501200224295,0.0235107884338419
1550448000,3866.12921712449,144.415395967271,47.2558017774879,0.319033953925759,142.351652467591,0.00204505285324269,0.0826321008328618,50.7422482616534,4.349085927240106,0.0451768405388374,0.469486568112299,0.0246170798731646
1550534400,3895.43521098773,143.137295733489,47.1161456482382,0.322211486913795,141.155106973264,0.00204993609761288,0.0897195211973577,51.6201689276078,4.570098194205437,0.0459108526836315,0.455104834969412,0.0247851291169703
1550620800,3931.61382904734,147.192143483343,50.9410596109151,0.327827923471547,145.018092826755,0.00203484895170028,0.0910681344589558,50.9742099749413,4.600557573788509,0.046963508511691,0.458549923572603,0.0247864225101336
1550707200,3892.26179427236,143.601283459965,48.2198271602653,0.316343958910446,139.852306986792,0.0019982145262711,0.087486951847902,48.984451751079,4.408543091869717,0.0444797072979325,0.438520017082421,0.0243932881472796
1550793600,3948.30051052016,147.063304208065,49.1436690342554,0.319876411323685,142.872069555427,0.00203962890041684,0.0901373490318093,51.2066159762188,4.685333206131462,0.0456710980919432,0.446337593103216,0.0248120582725127
1550880000,4110.15112127411,157.5305,51.2720777760612,0.331609163759549,150.290426432973,0.0020697545463126,0.0937854375449604,53.3829218575864,4.8193781751741,0.0483839741257179,0.457168597205985,0.0252126751655203
1550966400,3754.18378988895,135.383128872005,44.0633190114949,0.298354717062447,128.134014375862,0.00192765803935613,0.0826605535029484,47.5402143051567,4.2711884021103,0.0421985634811441,0.407102420727493,0.023622302618172
1551052800,3822.01869666861,137.924874926943,45.3936280269299,0.326069028879229,133.619347259632,0.00198290386115103,0.0856178866643572,48.3198410275851,4.272793652890738,0.0434662456352711,0.459114277301484,0.0240140815640425
1551139200,3796.17506838106,135.725916130918,44.5705988114815,0.315186761901543,131.405641173505,0.00194423251745094,0.0841407765319685,47.7655673941273,4.300232511319752,0.0427269541290432,0.43132359153162,0.0239825107695424
1551225600,3799.3819924021,133.996758912916,44.8803135941252,0.309173015673414,130.390659622385,0.00194314673865309,0.0835634732677521,48.4882109520692,4.3556751245894025,0.0428766917881058,0.425324520779266,0.0238059209983639
1551312000,3792.94772296902,134.754724137931,45.5048397999987,0.312256365869617,129.376482322795,0.00191460287932921,0.0839848011814879,47.5027818886797,4.329061247810386,0.0426238273186,0.421275152527098,0.0235224982928813
1551398400,3810.63269257744,134.864564582116,46.9952179872841,0.315224493490289,130.755334083768,0.001950931775696,0.0847754363230359,48.1226728036461,4.299077112992368,0.0429677067975229,0.428614009640609,0.0234354234883431
1551484800,3809.64339099942,132.19729748685,48.314646998938,0.313196571373124,130.048351063381,0.00197035298368054,0.0832099786244808,48.348253803742,4.278843334866902,0.0423477749241577,0.42195534929711,0.022603424442145
1551571200,3782.38187025132,129.645783752192,47.4218987724592,0.308792190757866,128.865111376456,0.00194730032454709,0.0873178054879772,48.4815384051442,4.258445019255381,0.0417646748842158,0.417693551126962,0.0223162133072998
1551657600,3698.16185505552,125.120439509059,45.5196905160834,0.300905708455594,122.774208546034,0.00189607044718571,0.0815664097848502,46.9981745553859,4.111868314812653,0.040098988352192,0.400867118439555,0.022529593595371
1551744000,3840.1280490941,135.707658971362,52.2836275974324,0.313250089434376,130.834863754211,0.00194144467653889,0.0852162915501412,48.9181501133363,4.290761892088212,0.0426880907417332,0.426232025959617,0.0236923688027859
1551830400,3851.99842548218,137.182303915839,55.3516512063597,0.315546209052471,130.993559651194,0.00193321232197412,0.0844582012312311,49.4427019847096,4.3281809715071216,0.0424704224853026,0.427869303598026,0.0231423966728233
1551916800,3855.92316832262,136.142440677966,56.4447385587237,0.311513910711214,129.963719653131,0.00194515537313971,0.0848056701376936,49.7745725015223,4.372718668137134,0.0425406360589517,0.450854104107376,0.0228902644890667
1552003200,3839.23355289304,132.441421098773,55.3088162319878,0.305974199432604,126.904846166389,0.00193918919408406,0.0857647648717999,48.4933011431429,4.239873919975001,0.0421694378135302,0.461321003811948,0.0222212757315983
1552089600,3910.36116656926,136.296960841613,57.2078477740438,0.3115772072491,132.350702582144,0.00196641807255596,0.089602422621581,49.3496081161299,4.247721976236371,0.0465101429197075,0.474487285022275,0.022687527155075
1552176000,3903.9119509059,135.225663062537,56.560630744404,0.311788306222528,130.782722612417,0.00195260477621353,0.101152180816575,49.4336415602022,4.328863748143899,0.0452827269251083,0.497652911100839,0.0227935001566193
1552262400,3851.56892168323,132.080107539451,54.6734175634937,0.308886586069348,127.890774010531,0.00192545993251598,0.101743373239236,48.9650936360764,4.219821941581626,0.0474198781881331,0.462701848344018,0.0219717068646152
1552348800,3858.91482378726,132.696165108124,56.2492690092713,0.30854376557044,127.592277928815,0.00198432128768625,0.105401420672242,49.7663237241977,4.249616414042579,0.0470349675100653,0.484963427959876,0.0221491843462764
1552435200,3851.95746639392,131.13371244886,55.1359932744021,0.312569977668632,127.348081323345,0.00199233316364754,0.108053387800583,50.259370754139,4.198369715134183,0.0461377360017232,0.478103640186047,0.0221413672119754
1552521600,3853.78326504968,131.309282583285,55.532213836474,0.30938694589812,131.210202371723,0.00201081969870455,0.105997947629822,50.5231767116146,4.2589733972906325,0.0473658405906663,0.484135680616936,0.022306647276981
1552608000,3901.91420689655,135.602942723553,58.0737677961345,0.313049335284114,143.019110230183,0.00202302402329123,0.105557174097508,51.7548864425566,4.374567033521659,0.0496486053723489,0.483617430898435,0.0228244292013792
1552694400,3989.79607685564,140.628877556984,60.9147546894066,0.317420259059661,155.02022522301,0.00205023778536675,0.107959870579764,53.2033797673036,4.473786087657225,0.0510898085475881,0.478697009811896,0.0230812943823267
1552780800,3967.14349444769,138.143052308591,60.2640566192164,0.314186479437047,153.409523690766,0.0020495843638262,0.10839854401759,52.2024701352138,4.399923098101109,0.0495909391026804,0.476474938238795,0.0227839909473407
1552867200,3969.44014582116,137.063216247808,59.0148093839631,0.313200719100301,159.845582481264,0.00204584931939521,0.115402810810035,51.6003985781801,4.3698086130832685,0.049769036727499,0.47356755187896,0.02265122965425
1552953600,3996.16790356517,137.928077147867,59.1782889651692,0.314561222972002,159.334902365596,0.00204291273533561,0.111197216076866,52.6324533925581,4.569169917502091,0.0517636194620315,0.476040431682685,0.0226435493549465
1553040000,4030.65527586207,138.685892460549,60.1164238432064,0.316510452128982,157.904887944016,0.00203448898997998,0.108617054033778,54.2248147398032,4.636219416978696,0.0532747865368512,0.480858958006561,0.0227450313970375
1553126400,3976.27385008767,134.586574225599,58.5202436712331,0.309382381436152,152.356541085593,0.00201595463943379,0.105276602003727,52.0576898162612,4.764097299329019,0.0526081989751918,0.455570853356816,0.0221250858778229
1553212800,3983.88764582116,135.893367913501,59.2112886302092,0.309859167658914,156.355613192824,0.00201720223522141,0.10816364799661,52.7066817780786,4.846624052746939,0.0577995177644478,0.462257238231767,0.0225126470272375
1553299200,3981.77603302163,136.475040619521,60.4975019390258,0.309827443168601,165.105854148287,0.00201083938601947,0.106301559026432,52.2892631118045,4.846046693918706,0.0632112965621799,0.45757157260495,0.0241111283423978
1553385600,3970.6669880187,135.419440385739,59.469909310439,0.306078258917014,163.517276813031,0.00200711303408332,0.103860700599814,52.4325715135246,4.788428144726295,0.0612322286079499,0.45107927379441,0.0231259069483861
1553472000,3908.23883869082,133.093157802455,58.7302934582854,0.301029467035346,159.306805101345,0.00200819852761542,0.0999147830627056,50.8888064206401,4.653137303869503,0.0582644566823276,0.470696612467271,0.0224478949493705
1553558400,3917.76340210403,133.164339859731,58.2144221655204,0.299389831773585,158.417822860759,0.00202148605012707,0.101661463846337,51.5111912848178,4.6174613606026575,0.0612550089898394,0.455602622746418,0.02222855824452
1553644800,4027.00791788428,139.21530742256,61.3408159303422,0.308906018198606,171.121379382008,0.00206514650618341,0.107418783546039,53.1795622159886,4.7861640341819705,0.0668215785815275,0.492877190359518,0.0232943019887055
1553731200,4010.93746201052,137.336611922852,60.2287331308053,0.304765568764055,167.308595694832,0.00205676589717633,0.105957659740074,52.6091972161692,4.691320453626562,0.0651931244639156,0.496735223736519,0.0230465049960173
1553817600,4089.46104003507,142.368977498539,61.1904447870744,0.306751437163691,169.91308122276,0.00208142250770491,0.107167372560161,53.3336771733999,4.855591855939186,0.0719162901449372,0.496704357539276,0.0232534141159017
1553904000,4091.89103834015,142.107745178258,60.2320808152208,0.310007092759538,166.492482461295,0.00208206468441287,0.106779200257704,53.305520143115,4.772355102547737,0.0717519936993555,0.494224403493451,0.0231720837107957
1553990400,4094.31781472823,141.27678515488,60.3509547792998,0.308098727012062,168.42365336725,0.00206712410398376,0.107747551383569,55.730455449764,4.811781393459252,0.069670317451648,0.507418888728613,0.0233863294498539
1554076800,4138.41780771479,141.295688778492,60.383903838126,0.312174061668765,167.283182866527,0.00244623267736758,0.110289594149487,59.8853524694329,4.805903793167399,0.072171453517419,0.553758564275534,0.0242000581996802
1554163200,4903.71946206897,165.466880479252,77.7314093296294,0.355325198770025,239.114602653744,0.00289010918614619,0.122466501934444,69.9163019828661,5.465557743293617,0.0852615722892446,0.585762191883937,0.0270435253532094
1554249600,4960.22760274693,160.239572764465,84.3089178972293,0.341348262263496,296.447158181724,0.00312309548172381,0.121045778898387,65.6597474555117,5.4363697276719405,0.0905753224403551,0.560866793819951,0.0259808531379022
1554336000,4911.26970245471,157.865736879018,84.9869726186357,0.331234683403127,287.820247551218,0.0036916790898948,0.117714718527064,63.8287545062184,5.342935547156915,0.087625759360664,0.540241864346035,0.0258737810402219
1554422400,5033.22548369375,165.938985388662,88.5971179888961,0.363378415580286,293.505483022269,0.00359387296841497,0.127992298032816,69.1047627368261,5.751940848670815,0.0907768128047474,0.579174250698653,0.0271846579916293
1554508800,5044.35684593805,165.408794856809,92.545495571968,0.352967810059499,305.814373142479,0.00338611261892232,0.12474334328537,67.8915529308292,5.9847347772939745,0.0899787950577598,0.569396954707277,0.0266765117754265
1554595200,5189.11195558153,174.463659555815,91.813148074341,0.361907749330464,321.267402331478,0.00341033173733226,0.132179518999944,69.7171171682732,7.933999088107643,0.0900491883140816,0.57742750399268,0.0287803709805365
1554681600,5283.42302483928,180.779501168907,89.3129899203439,0.358323496335951,309.260988282249,0.0029915300357216,0.131115035380604,71.1460845671778,7.276812368196405,0.0868872580314469,0.570762368158106,0.030690853990618
1554768000,5195.57790882525,175.957886616014,86.5739466059408,0.349982086009588,295.500232344726,0.00288278123485681,0.125295438849693,68.3051605458976,6.998681011010721,0.0835652538952014,0.535366815650778,0.029990687111402
1554854400,5311.74160327294,177.474878959673,88.4232238281299,0.35407743503145,304.609961646456,0.00298359002183849,0.12606791937376,70.855887680832,7.058865699985947,0.0896294430652556,0.520852026763035,0.0300258735880362
1554940800,5050.66600859147,165.550361192285,79.3841897867154,0.328655258992117,272.677373853273,0.00275613263209712,0.115400819394875,66.4847564004487,6.307832597276841,0.0830885642329111,0.484403535355263,0.0265922786409876
1555027200,5082.86143202805,164.89181735827,79.090495916675,0.325503573572885,283.240301988068,0.00281833859903892,0.114012937253429,66.0475048763968,6.388456583785852,0.0829750400879304,0.496472356104007,0.0264246846207516
1555113600,5074.79069257744,164.128659263589,78.1109369318177,0.326618927914107,278.835622861703,0.00286470873665178,0.115819777304838,65.2494748122691,6.31594317976206,0.0833057054367279,0.538445441575623,0.026165532550343
1555200000,5156.80404061952,168.013099064874,83.0601316420432,0.329165275107431,288.496667115136,0.00286566741938075,0.117979319306677,66.662854681982,6.439069098815143,0.0844178683734989,0.526855324399967,0.0269244425900782
1555286400,5042.89773845704,160.557473115137,78.5345072518662,0.318752698982603,313.578230365321,0.0027573805790827,0.112543809128175,64.0502206133824,6.16090346721905,0.0818994549631704,0.491505448140796,0.0262455991090211
1555372800,5205.96295745178,166.662340151958,80.8822894544533,0.325543887513967,317.660598017578,0.00279251324237503,0.11490205913158,68.7843795128915,6.283390910632198,0.0833067665125939,0.502984547456099,0.0268100883523049
1555459200,5226.35221519579,166.364139684395,79.1925482607641,0.335391452315729,309.381288982552,0.00278719691875686,0.116757450976896,67.3218767782436,6.203894558958397,0.0828556678104077,0.500938462548487,0.0266522009557665
1555545600,5278.5023395675,173.54595207481,82.055408963175,0.336151616108768,306.050643326004,0.00295101050995384,0.117929209572753,69.0780779598881,6.330882137583833,0.0815418580484315,0.523441864799068,0.0268003960824532
1555632000,5289.95121911163,173.652783459965,82.4804279496409,0.331853032627586,306.301476749949,0.00287675568172232,0.11562309106333,68.6043241958059,6.289343936785274,0.0794427577124648,0.514476856196465,0.0263986954651559
1555718400,5313.97326212741,173.215369374635,81.575876423019,0.327691945081619,299.936768954403,0.00283634110800017,0.115579319855585,69.5718511840167,6.2270446928725995,0.0761962908216849,0.513887225147349,0.026011668003065
1555804800,5295.73382817066,169.945601110462,77.0860676287968,0.32194688561041,289.88563249591,0.00274748338926343,0.111452514945056,68.6457174302901,5.920179357032372,0.0739558652348924,0.49653128079378,0.024943277571496
1555891200,5383.79997533606,171.565414669784,76.9986291966895,0.324162485023409,293.035038667951,0.00276817316138799,0.112879776093527,68.6123153280844,5.943451914488859,0.0781919637516112,0.497177736615805,0.0250933203859673
1555977600,5544.86271186441,170.937409643483,74.882896522582,0.320969303527878,290.493516370982,0.00273268014927191,0.109727551907477,69.3731478213563,5.9438268070620754,0.0742727802313498,0.481349685994887,0.0243280669808036
1556064000,5431.94791963764,165.142114202221,72.9610068091495,0.300092837398406,277.38538587863,0.00254890041849098,0.102493887997887,67.5409488140323,5.566541198293928,0.0717389359912946,0.475443642093803,0.0232416364538685
1556150400,5127.67316738749,152.045494447691,70.5062089693671,0.286106415162267,263.222499109254,0.00241826894170054,0.096967162242688,60.7151358933405,5.343747013315175,0.0684403948805321,0.439374314874845,0.022707608544461
1556236800,5150.16466066628,152.960927527762,71.5141477546451,0.293399566734379,258.379609537848,0.0024851298147377,0.0969523914100691,61.259788042063,5.325108571140245,0.0674503890313889,0.427522971338746,0.023088622216125
1556323200,5181.80776364699,155.726733489188,70.6272935456184,0.292159859362464,259.388940717296,0.0025032264845665,0.098245414054553,61.6349662350816,5.497893640045361,0.0691009921798556,0.4346300798085,0.0229628990809856
1556409600,5148.66961542957,153.2518471654,67.6936033755726,0.290600840872132,248.915910347339,0.00243621193091154,0.0955291005922023,60.025977547398,5.457280547005258,0.0668230474440834,0.438201414361649,0.0226750524614267
1556496000,5148.80049327878,152.545208766803,66.364782641168,0.288100617964414,231.52565648514,0.00238625557760223,0.0938409594871123,60.7458170895137,5.491628778380653,0.0637282459380718,0.424689597045927,0.0220455812078107
1556582400,5266.61820251315,159.938501461134,73.2848268136065,0.305453454469357,263.22046372419,0.0024734788863166,0.0997113879495783,61.9791523497702,5.81539096196956,0.0689180320774049,0.465729807312044,0.0232308676291138
1556668800,5315.17532904734,158.222859731151,72.4984031130236,0.299293836541641,267.282323912787,0.00248787328994537,0.0997215800608242,64.6588545989981,5.739260561800939,0.0680553684104764,0.46883103606539,0.0231777520606755
1556755200,5393.12937638808,159.191619520748,72.3201569473222,0.296848551848395,265.164403085196,0.00255544708464904,0.0978128705148469,63.8849389787924,5.674109501459688,0.0672493354019302,0.454054592612843,0.0229753920580225
1556841600,5658.43038836938,164.69545207481,77.7543033827538,0.301920543569913,287.659966150682,0.00263971691189786,0.100236958601359,66.061679071647,5.949505221666102,0.0685960334198942,0.502339370719179,0.0233515276720245
1556928000,5774.71242869667,162.037265751023,77.0576272671097,0.300058124076958,287.82426298603,0.00264608970615468,0.0974472932465396,67.6918317412161,5.79265015551179,0.0662151751256453,0.489709909426142,0.0227967878172876
1557014400,5728.35170222092,161.485596434833,75.0616441825111,0.297219406673498,291.456978608358,0.00259733008186404,0.0962835966856319,66.0613911122916,5.692454304681081,0.065440714109721,0.501450464403179,0.0230125977392485
1557100800,5691.68837405026,172.068616014027,74.3746734913709,0.300192328131055,286.214521938775,0.00254284966463422,0.0962400917867477,66.8472615933912,5.64442928752653,0.0663504942288249,0.570947940668249,0.0235545892354492
1557187200,5825.744893045,170.05011484512,74.0897669297459,0.295868475881444,286.453838546114,0.00249151175612179,0.0931941901291823,65.7939228381229,5.618921100259898,0.0639481963481912,0.549290931601045,0.0237705362929838
1557273600,5931.8005949737,169.558764172998,73.8289009773284,0.297276037739993,283.573697096585,0.00249524380847082,0.0914627833246135,67.3585928929912,5.670386330940932,0.064065776607154,0.586548070076788,0.0243071766945216
1557360000,6150.14044476914,170.250314728229,73.6652881672836,0.293192150598164,282.492231810941,0.00247655605937501,0.08850823235543,65.147646327969,5.5446818752410625,0.0613952442956567,0.633626883603568,0.0230598259000368
1557446400,6357.46349357101,172.221821975453,76.8654466474798,0.296976009250518,285.869720813997,0.00249051712488413,0.0919518964871831,68.6782523378892,5.613324979363456,0.0625485994065558,0.667380912328555,0.0234698961670698
1557532800,7325.08286031561,199.606514552893,92.5835927119041,0.332920272052209,368.586448180962,0.00279363708304191,0.106334038441336,81.1572263092272,6.286881219652865,0.0776100461827671,0.699367860874538,0.0260371887325837
1557619200,6942.62317451783,187.184103740503,84.4552940801089,0.309426900230398,353.475035532424,0.00260149567983362,0.0985443234157692,75.4674410052846,5.83444190957172,0.0700321611159213,0.654920149756204,0.0237585977591836
1557705600,7798.90573600234,195.825203097604,87.5913020160657,0.324656478461214,383.101732003719,0.00270462990845446,0.0998233690379292,79.2157190557191,6.070216089925183,0.0728337155172641,0.649441031798115,0.0243968531652794
1557792000,7955.5576823495,218.214805669199,91.608165834985,0.406766271931993,389.219094042006,0.0030282407199366,0.112977223044099,83.2148704438691,6.542764115646089,0.0834910022720039,0.830264948096412,0.0273487336651212
1557878400,8215.2068383986,249.061431034483,103.011016779889,0.461552120855175,406.348237193426,0.0033455941978445,0.139760784887189,94.9602330075827,7.6495986054919625,0.0941020830223239,0.850851822374992,0.0313388919951508
1557964800,7862.07160233782,263.38047019287,95.3905197910282,0.41730563788657,397.048863793724,0.00313915706378961,0.137390328071166,86.9571054139765,7.629966280899052,0.0875820441949391,0.925136336994984,0.0284606833895196
1558051200,7326.92068188194,242.263793687902,89.4023860219791,0.387566291874282,365.748019790634,0.00289769632778519,0.13028863801235,82.0648583023332,7.240122591812383,0.082620545961273,0.888466458696544,0.0270514884671488
1558137600,7277.98756341321,234.841279661017,86.9371927828886,0.372366245140796,358.724901258424,0.00293616058997954,0.131620900556926,79.8791457041049,7.193405205768954,0.0790614509773571,0.945546757161288,0.0265219657847327
1558224000,8219.74278696669,261.974045295149,95.8435249759687,0.42152765954287,421.217308721442,0.00314983250202692,0.143555865325758,90.5632551100195,7.825635154322398,0.0872149847028997,0.997641396223972,0.0285506623148495
1558310400,7981.13937895967,252.417419637639,91.7134363500065,0.399427724719909,414.302427941287,0.0029906906705802,0.135725291119536,87.6297785484164,7.4222137737582985,0.0849299890222722,1.11044815056479,0.0279695758613975
1558396800,7983.80847738165,256.818162185856,91.6673618231346,0.399299679394237,418.911961998617,0.00304955486530461,0.134829016799649,89.3591725067276,7.457147926041237,0.0848857931924492,1.19341137142665,0.0285480424788454
1558483200,7667.90211484512,244.550514319112,88.0817215213213,0.373538175899663,391.447622405936,0.00286241307041442,0.122710486275278,83.7945932718017,6.946424331853936,0.0779998154495221,1.23205731331634,0.0267578403007715
1558569600,7897.4712936879,245.840384862654,89.1648770797418,0.381028435686417,404.656074808841,0.0029653550760716,0.125562813564324,84.8820028724977,7.074848047667733,0.0803497946207589,1.34504690954993,0.0270511495774559
1558656000,7987.10036762127,248.839252016365,100.20809073194,0.383394441068283,408.147220969518,0.00298568641708283,0.125410826066309,85.61431757086,7.304623383740618,0.0805312613166874,1.31765105413497,0.0276368309107284
1558742400,8061.59176072472,251.888460958504,102.763327211663,0.387120674935396,406.040786954009,0.00301616610870542,0.125302057421446,87.0242501859987,7.315120792020015,0.0804212820766864,1.12658008036348,0.027754519756133
1558828800,8731.52495587376,268.294339567504,112.41617177269,0.410467102991746,433.676171504661,0.00309704791694644,0.133348240648325,92.5352474514148,7.719266131627948,0.0863410250280459,1.09221037586026,0.0313516406574864
1558915200,8816.78670835769,272.616331092928,118.304847144692,0.436962270611341,441.682311459519,0.00312877409096849,0.139293006306139,98.0726548047999,8.215587881357282,0.0916606956246674,1.20703930497809,0.0354796816158986
1559001600,8719.12584833431,271.223498538866,114.632885475801,0.448330384111016,433.204902501367,0.00317158584927455,0.13908395777011,95.820245535322,8.233337614803014,0.092940889950632,1.28332283737737,0.034577465478294
1559088000,8655.48850613676,269.327810929281,115.133283798715,0.444706250395392,454.417295650718,0.00315777109659714,0.135983095702852,94.1334669854081,8.201616622005588,0.0911000839193015,1.17380660892458,0.033813334392278
1559174400,8271.62196317942,254.294201753361,107.760077277362,0.418969093897815,422.333306199465,0.00316527561603623,0.128609855940679,91.7672448736411,8.120807987292569,0.0839386759883476,1.00146531753111,0.0310291019400831
1559260800,8556.222185564,266.573922559906,114.088975542856,0.438675382000201,443.001547706769,0.00343392550785411,0.133796577989673,93.2535859664719,8.656347643149731,0.0892549791979985,1.01048226842163,0.0329042746246555
1559347200,8554.80732963179,265.140144360023,112.710640705494,0.429236845004533,432.661917911795,0.00336751665718446,0.133190122671762,92.737851926499,8.584545985441823,0.0908958887178157,0.960116588723847,0.0374121024090136
1559433600,8744.35374547049,269.967041496201,114.774304933971,0.445525739801091,443.015986081202,0.00336650464264761,0.136798974609206,95.0657276707389,9.573346225264656,0.0961251593396847,1.01864601444142,0.0386590712611079
1559520000,8173.40127054354,251.05775862069,106.450472407754,0.422813652119654,404.989662392682,0.00311805943373353,0.128607366496452,89.4589875984615,9.44463336349686,0.0884444640052274,0.908844730246701,0.0342212707483553
1559606400,7649.93933196961,239.457040911748,101.251909235276,0.39529508553752,381.510545198389,0.00293317273489539,0.119855443439563,82.9992098239994,8.238637719661686,0.0815174077171149,0.874206134892216,0.0345800682117074
1559692800,7798.54446639392,246.337600233782,103.959934508446,0.40203501829575,397.840616118943,0.00297800934583877,0.121794052998691,85.0531055671773,8.15299530272695,0.0827003965472031,1.08008908961038,0.0340953758266314
1559779200,7776.71332612507,247.488754237288,111.590119927848,0.419910590356161,395.07418765753,0.00308438040445649,0.124940944097874,86.4761935999144,7.973573200683027,0.0832964305555999,1.12139562345399,0.0327193821542827
1559865600,8023.950093045,250.225909585038,118.050306827904,0.421510759650989,401.146658535512,0.00309991782273772,0.127632287148167,88.2934903368243,8.299728869233888,0.0855825784153923,1.18097405146549,0.0337235684298237
1559952000,7939.80515488019,244.62647019287,118.645342275775,0.4098976896751,394.656793393492,0.00302940458213899,0.124504357351095,87.6669230486599,8.472263251192013,0.0840335561179022,1.15021488045278,0.032201382262817
1560038400,7634.06575073057,231.039578024547,114.721207647335,0.384387823445181,379.569629292782,0.00294411694331623,0.118583332959236,83.4123331703063,8.106780058350072,0.0788123373965701,1.0575845685846,0.0296484190239412
1560124800,7993.30253857393,246.746325248393,129.122536140298,0.400065644077122,393.562926991369,0.00307395506561302,0.123335041683901,86.8184259888045,8.303607439000498,0.085202364018038,1.19383271153941,0.031563283785784
1560211200,7922.48362711864,245.800910870836,136.360991421797,0.393711301114471,389.058790922984,0.00303521414228246,0.123002505474507,86.8815601618818,8.258735913652092,0.0879483717400785,1.12973430427621,0.0312529721588339
1560297600,8146.75612507306,259.656640093513,134.805535856395,0.401030007962883,394.695511329205,0.00304669633476037,0.126715211141982,90.082477243393,8.58801022341168,0.0959765529974518,1.14266656611932,0.0333134691489545
1560384000,8232.77734137931,255.336300409117,131.259305314756,0.399955819066111,412.750219779608,0.00302096736340674,0.124528473483899,89.6302780965411,8.55050298040839,0.0898125283910173,1.83734475769141,0.0325212662406699
1560470400,8698.00481502046,264.76342314436,132.353987689083,0.404319090129969,420.463691199875,0.00307285106868273,0.125319367120313,90.80213879766,8.562831738862261,0.0903576410936185,1.64154057233086,0.0320578519862155
1560556800,8850.58481601403,269.057187405026,138.159955733459,0.411087452283112,422.851637705747,0.00313061892942975,0.127092889607945,95.1815119240959,8.606891738667368,0.0917289215697481,1.73009511014829,0.0327480717260594
1560643200,9019.51700672121,269.848518702513,136.86740800461,0.431302934335759,428.842620822397,0.00312632484778323,0.130254692816334,96.1156458831879,8.74661568333125,0.0924133171947969,1.67101259251477,0.0329467323539108
1560729600,9340.57218877849,273.7140949737,134.235130047805,0.446997356596613,432.093197298799,0.00314661003283389,0.130704696801228,98.8008638004566,8.815581558651536,0.0933403165134887,1.96269739655753,0.0337981019608849
1560816000,9047.13274447691,263.702251899474,135.351429407211,0.425370371832646,412.08374777939,0.00301953210784922,0.123316661037323,96.1939897028031,8.424186912213589,0.0887299287338624,1.81037736153576,0.0328648684951242
1560902400,9285.05567656341,268.93683810637,136.539091604741,0.434899378226131,415.848372794501,0.00310758494922756,0.12421242851535,100.490889914152,8.553354160305076,0.0897843130081387,1.8389880263095,0.0333260393284578
1560988800,9546.71977819988,272.137500292227,135.499664547406,0.430329404602198,413.738289772887,0.00308865119837541,0.121173037372681,105.236117564841,8.50717238487266,0.0874976112364288,1.76109920174156,0.0326607301337958
1561075200,10083.4863136762,294.852892752776,138.474241537362,0.443364690980793,438.994810293659,0.00323928609162541,0.123100441308675,109.187816928244,8.7664337420886,0.0892041586752314,1.70275441670108,0.0331974268500607
1561161600,10685.2952327878,308.009769725307,141.113309221371,0.472279101937869,479.81327669392,0.00327084630948277,0.128586302345054,114.454469339463,9.102606566006182,0.0936835339301043,1.82767630228935,0.0369316542060877
1561248000,10794.4276963764,306.55350742256,136.32397784076,0.465609866501313,472.876558594956,0.00326433650773133,0.127525760100279,114.822952896085,9.194482578547005,0.0960609350288588,1.80482653468389,0.0371394374582144
1561334400,11004.2069094681,309.798750263004,135.285292878115,0.46863789716254,474.100161137278,0.00335393562899973,0.127527542631604,117.322697778351,9.292508850486891,0.0969176412285293,1.86210024742563,0.0382281689737587
1561420800,11726.2638308007,316.171920046756,135.609790651859,0.464794198035298,477.055516991067,0.00332116439135858,0.1233266392987,112.158311596715,9.218561861311944,0.0955747351630758,2.18247655376066,0.0381860104462948
1561507200,12863.4606849795,334.035053477499,130.911335247207,0.461336873612042,481.135154629401,0.00336276874914348,0.121062244238182,103.402888054535,8.996447131862144,0.0964343626489554,2.25573134275554,0.0363601388720085
1561593600,11109.7978418469,293.215036236119,114.285064726175,0.404836422356887,411.722622800515,0.00329296745570169,0.10733776481867,94.2781051074899,7.622786511629181,0.084772111370228,2.2416349359362,0.0320555535328985
1561680000,12358.2079582116,309.446182933957,119.371730804069,0.41995315948693,434.276235952823,0.00338299984047412,0.110864256405262,101.33352466073,7.998683194729358,0.0881112771018927,3.00003445002653,0.0335104748041579
1561766400,11944.3515473407,318.529788135593,133.853577299896,0.426287826622381,440.191811508401,0.00338808407845039,0.115042693294005,100.044418816436,8.262970188204815,0.0900247524233905,3.83390696155983,0.0350865611859915
1561852800,10842.6167109877,291.660696317943,121.964818448198,0.394969507274984,403.243862886353,0.00323949631239454,0.104443153357319,88.0698692016326,7.759488929072194,0.0818005734842006,3.42266966590206,0.0320690796221943
1561939200,10569.5517282291,293.862392752776,122.677113941165,0.406365901551403,416.278793671836,0.00322696568446517,0.105600817423927,88.6434050679517,7.766258722336484,0.0833000885900177,3.64112989646447,0.0324731142214699
1562025600,10766.0833162186,290.571834307423,117.962397212861,0.397262247558661,404.979786635893,0.00314402352665987,0.102521520118068,86.0371985257459,7.685787556203228,0.0804100668840501,3.72842788426701,0.0318921188343588
1562112000,11952.0248935126,302.057210403273,121.3690659435,0.405854961232267,421.595284070448,0.00327747434702646,0.105723068186175,90.1376549212246,7.860736424126971,0.0823874255172198,3.53058737275967,0.0328159409704988
1562198400,11177.0103787551,283.489202805377,119.75661821306,0.387436181366531,401.107280295037,0.00317524428160879,0.0995046827006971,87.9088025989021,7.738778413126344,0.0775929996620374,3.42233394392216,0.0312479857459881
1562284800,10998.3991004676,287.858582992402,118.482107171317,0.379271365232302,400.327822636728,0.00381970351085695,0.100022292518745,89.6374817629951,7.83874200623945,0.0764202703269162,3.64350987720942,0.0318690061670255
1562371200,11208.225600526,287.274129982466,118.142206152218,0.388610199414578,406.076920849714,0.00346346617361713,0.103295269704462,94.234731398991,7.884199477326361,0.0772703978735037,3.46599016645193,0.0320293818905087
1562457600,11456.1836039158,306.198590590298,119.989465868365,0.397226533156978,412.566933671907,0.0036045733413118,0.105903914494375,107.186178925379,8.062181666080848,0.079937795714122,3.29198069888137,0.0350664425772724
1562544000,12319.6228758036,313.326290473407,123.740935544343,0.402526190113184,419.070319161439,0.00349031980657265,0.104361924520844,101.943949976928,8.147376969671697,0.0804190271614242,3.31615197516693,0.0340040813343937
1562630400,12579.107616014,308.343054061952,119.318133938,0.394087929937127,415.649860863983,0.00349098541174501,0.101486631376025,99.6253756433961,7.933279225897426,0.0780092118422136,3.0773005450275,0.0343180755384274
1562716800,12106.7829313267,288.731157802455,107.979346662483,0.360632317531509,389.600864242815,0.00331793072913236,0.0947330471135143,95.0016105444006,7.607576181994046,0.0715488637152023,3.12908669348819,0.0320259393901494
1562803200,11294.678028346,267.536604617183,102.209922477663,0.327601232414108,340.695550948323,0.00317540201987689,0.0866041551653507,89.2938081738474,6.626695470588076,0.0648496370365429,2.75410796562866,0.0277632526310729
1562889600,11813.3237158971,275.872600233781,105.039315570262,0.344821942773967,354.099237481936,0.00326112635343641,0.0980533883060427,98.327967686343,6.8524161606654035,0.0695085703484682,3.1624639834884,0.0295536645810917
1562976000,11346.837148159,268.688629339568,100.907572831508,0.331825260364298,343.667539325038,0.00323686601031263,0.0956540005452877,93.3390668151872,6.776445232736154,0.0665451068997207,3.17605583972774,0.0283745076432146
1563062400,10283.0757891292,230.335976329632,90.0164166135137,0.30685726106083,293.739378376775,0.00292794205899939,0.0864250285324592,86.9831991428082,5.728649659375131,0.059802146083448,2.8175496514692,0.0255051723796299
1563148800,10926.3802741087,230.578357977791,90.8685426094293,0.314682223536212,316.454204071851,0.00307932983478436,0.0860584990207626,89.6724534349582,5.83498248998909,0.0594466454957372,2.7049670284753,0.0252852713230862
1563235200,9471.14086475745,199.001611046172,79.8826572443882,0.296561417905021,281.55799615914,0.00278674066182936,0.0788225028227005,74.394192769643,5.359233075909911,0.0519756590692625,2.20526855717726,0.0212970528348829
1563321600,9674.88246113384,210.931314728229,89.9001548598564,0.310105360244431,291.176467122292,0.00289208304097099,0.0805551033075599,76.6773134994518,5.686561076765036,0.0550356562190782,2.39839780975864,0.0227912438770181
1563408000,10679.8906896552,227.241794272355,101.971603642953,0.322859355240433,316.402764127463,0.00312463890135896,0.0888814169848849,84.5787820240474,6.062617430694329,0.0588976374627883,2.67473107867278,0.0257771813376357
1563494400,10532.2027291058,221.03139333723,98.472805063724,0.320317093050224,306.838619531415,0.00300763638226141,0.0934889039819849,82.3740616992357,5.898667146636568,0.0599754225103632,2.59706913521573,0.0279652637228574
1563580800,10862.6485479252,230.67205371128,101.462175932373,0.335801796807962,328.149235236183,0.00313234089180153,0.0954687190534753,86.1780436211227,6.210000059367052,0.0632501599378344,2.65659341834597,0.0295370701762317
1563667200,10589.7064907656,225.672067124489,99.7405399658697,0.330491927373567,321.29002001091,0.00298595063567733,0.0910521973403478,83.9097359950043,6.265497906857485,0.0610405751905341,2.5359993678058,0.0291303014887089
1563753600,10318.5609251899,217.013625365284,94.9502856539046,0.320586390076809,310.003749317506,0.00292116590269108,0.0882771787965995,83.4067502117782,6.347025591590612,0.05927224776258,2.40725057587809,0.0267525079382408
1563840000,9866.64894038574,212.361456750438,90.290778362585,0.308311093285196,298.277450596131,0.00282577711689802,0.0842260818645312,81.1848062489541,6.031245593529718,0.0556917646832386,2.35482487268479,0.0240046100197354
1563926400,9792.78753652835,216.848442548217,94.5638136974991,0.316297898740864,302.620082362738,0.00291357464414533,0.0857191591242957,80.6740374938752,6.094785496481476,0.0588116769838165,2.40404422423884,0.0237967643102512
1564012800,9897.18678603156,219.638668264173,93.3590345133107,0.313290355761257,301.747322685344,0.00292516532540165,0.0855994572667206,81.0840855164809,6.030113172943787,0.0586760268384944,2.38194087531287,0.0230042639922466
1564099200,9836.69678813559,219.365355873758,94.3336384154398,0.323510432770179,318.975459417204,0.00291277182408656,0.0880417674623331,80.3132858144967,6.233787415968964,0.0625010627286015,2.39917690760088,0.0231976227367845
1564185600,9446.67205207481,206.645765049679,88.5458760319932,0.309236548172118,304.472310761653,0.00274470268296887,0.0842441766211942,78.5512868519313,5.909291619937684,0.0597204686079023,2.23350911140861,0.0218963690057801
1564272000,9529.78879193454,210.927540561075,89.6622954646329,0.311160544464717,309.192668946932,0.00284690604506687,0.0838721936362677,80.381948649689,5.897488341170424,0.0592739899693425,2.21339303849252,0.0223295685611479
1564358400,9504.15891595558,210.840748977206,90.4366138661593,0.309736557777064,305.723978318313,0.00277665308093374,0.0832219331703976,78.2145161291693,5.927567481981998,0.0602484667390354,2.12975418185049,0.0219816687498533
1564444800,9589.10920601987,210.029560841613,90.3574989697386,0.318742423403626,318.763196794592,0.00279047561406204,0.083518317101904,78.4975754346007,5.937938091579685,0.0598339653306318,2.08599749957101,0.0220984876447699
1564531200,10059.0040189947,218.08824050263,98.8587560634597,0.31950657134645,328.5469020422,0.00289250746485418,0.0837274149172378,80.4872880816553,6.049678821039636,0.0600608222180562,2.19655931213165,0.022385496222616
1564617600,10400.3070143776,217.353194915254,98.8407426921756,0.3161648170601,329.547540185209,0.0029029499842229,0.0829003616452506,82.1630887129308,5.988328500549233,0.0587868994693122,2.17311827109089,0.0221316639510324
1564704000,10529.6944544126,217.667191992987,94.8202144506537,0.3122139819709,327.763597048276,0.0028965767843026,0.0819962748548801,83.989110404153,5.880064760529171,0.0575255049409566,2.41560115478259,0.0218107576681788
1564790400,10810.4216686148,221.83531648159,94.0892772749896,0.316040052321959,335.14194645786,0.00287474448107038,0.0823340199059832,87.8560349360735,5.8878161316937305,0.057655409209852,2.42337698755135,0.0218368505533543
1564876800,10986.5089291058,222.788521917008,93.0830530777898,0.319999818183534,336.50858818291,0.00293116333988227,0.0822718258410943,88.2376999507735,6.129484743314748,0.0563643785628925,2.51332822395243,0.0223644979095911
1564963200,11790.0239375804,232.299908825248,95.9850618735298,0.32128861275652,346.670371003592,0.00301486278392159,0.0822423999448183,93.5497623518216,6.177130120794088,0.0564830415673675,2.46576217462607,0.0228151023371406
1565049600,11423.4970017534,225.729268264173,92.8802528691282,0.311128297528472,334.743574819209,0.00292329357990865,0.0780449987437687,89.3343477331128,5.856936103754871,0.0533477718391382,2.45515380560596,0.0216667507031054
1565136000,11967.2735473407,226.042916773817,90.8426730308481,0.31127803183559,338.786956669961,0.00294397726990718,0.0785416948623529,97.3160415180952,5.918216402830745,0.0519489207543958,2.3792901140052,0.0216234886521655
1565222400,11938.2346108708,220.550041320865,89.9422170027894,0.30725706942028,333.314114186522,0.00295046037536918,0.0767235616401302,95.1298713827863,6.000829690922487,0.052188312849185,2.2848556474778,0.0219116841436861
1565308800,11858.3410984804,209.817827878434,84.1755187772004,0.295604285013768,314.03036140547,0.0029118153101994,0.0717271256601241,93.2855493355845,5.808649448314434,0.0475823343213204,2.16586239562473,0.0197530473357922
1565395200,11303.7305618936,206.324379310345,85.3816280895588,0.29863782053494,316.062160001472,0.00285708891945055,0.0736564478242273,90.5454871347357,5.662741541005031,0.0520323823246515,2.33109953021177,0.0204035984977974
1565481600,11530.195242256,215.789734658095,89.7906962128273,0.30261865602559,338.11180140809,0.0029162094331444,0.0780347683923512,92.2777271295219,5.829984326269426,0.0550515259993005,2.39739278872502,0.0207254981141154
1565568000,11384.6962465809,210.972497662186,85.6664522997801,0.300392975919601,329.884382538121,0.00288468640639989,0.0753449833503787,91.1048473162327,5.786652157147436,0.0529726821713792,2.37512798233409,0.0206692186683058
1565654400,10867.05475827,208.597628345996,84.4395454189456,0.296120056912423,347.784159515308,0.00279165173319974,0.0741328228716843,85.5179309634153,5.934672506086649,0.0525160378727713,2.4130578378156,0.0203382425495261
1565740800,10024.3795917008,186.381814143776,75.9189431294112,0.262105681274753,309.544409312568,0.00272667518982334,0.0691123511629228,78.5812707536534,5.5846307830904065,0.04702787059432,2.2771473373804,0.0177603689002761
1565827200,10310.0858696669,188.016636469901,76.4232102891451,0.264910924279932,314.932374500102,0.00259362834031538,0.0702235205853342,82.5249733014955,5.6479246906694405,0.0474210048486961,2.42491164567022,0.0175401605016995
1565913600,10373.3219028054,185.577936879018,74.8911735739713,0.261571761306658,310.126349579032,0.00266328825561746,0.0687914686137207,82.3224627436277,5.538869818237451,0.0467109634062188,2.31526509010791,0.016952149949436
1566000000,10207.1555616598,185.547666510812,72.7084218412894,0.265468854777704,306.361337372882,0.002588566864721,0.0676698463578169,81.6960149150886,5.467976631167617,0.0473477999494429,2.39535749551986,0.0169276107563108
1566086400,10331.3099760374,194.706162068966,76.4211642279823,0.283237343571498,317.212943102086,0.00275727628215529,0.0707765644771051,87.8957693966679,5.582865643368219,0.050682236852564,2.49909177708207,0.017762481322844
1566172800,10884.6297744009,202.767035067212,77.0321972303136,0.282230614117192,324.7905584201,0.00274910059747753,0.0716034156720383,89.9918429190071,5.547325967425454,0.0502521327437306,2.51070676685114,0.0179825746436489
1566259200,10771.3923793688,196.717822033898,75.1538586857733,0.274476717061659,315.737335621918,0.00275591519528435,0.0689357293909673,85.8744535864868,6.04436065881228,0.0492392875568929,2.3677714137397,0.0175339213370342
1566345600,10096.8302238457,186.497284628872,72.9170734614208,0.265023940022725,301.65775395178,0.0026143944971134,0.0667587484134274,80.5719425019182,6.086609873713568,0.0470430411070967,2.20010414708499,0.0167602767061327
1566432000,10119.7145248393,191.596093220339,73.5891163926668,0.271238568471838,311.866457063145,0.00269856885344637,0.0683501857661353,82.2193872812786,7.234876438489896,0.0494286801192143,2.2306523374084,0.017548028430169
1566518400,10414.1441725891,194.624304792519,75.5337622831028,0.277400579545896,316.857519602553,0.00267250920607176,0.0691867598576946,82.2707444299477,7.1607192706287535,0.049823849162159,2.23459102599782,0.0180616533978522
1566604800,10147.0871548802,191.114351256575,73.3707505612611,0.271987434636516,306.297019975634,0.00259281502286009,0.0704813278134169,80.6050843642159,6.873593405347041,0.0503021365044233,2.17088647141011,0.017783677898759
1566691200,10100.3567783752,186.324488895383,72.2755486042272,0.26942615091285,305.45059171799,0.00255643512942324,0.0692831560283153,80.2532785438773,7.141335605353005,0.0494711584696834,2.07646724515632,0.0175663058463594
1566777600,10362.6434723553,188.569805376973,73.6117536046244,0.269861027977699,311.098434361824,0.00265673104789008,0.0694812674181608,79.6375473479234,7.332701767397262,0.0496111324477313,2.06947554234437,0.017687719249596
1566864000,10168.221571654,186.883293103448,72.5978803060927,0.269316924289469,307.887857973216,0.00261421351466863,0.0681172161088234,78.3108453406604,7.191626712625924,0.0497041271840081,2.11198920389273,0.0176272396642692
1566950400,9724.79997808299,173.17579748685,66.9178369821848,0.256080714659745,292.277405492237,0.00247115067777379,0.0640809236258737,72.0706646717001,6.465775572458117,0.0459233848216936,1.90921628384273,0.0160116921383225
1567036800,9482.31173495032,168.735882349503,63.5869828234098,0.256537621912941,279.452888111119,0.00239477140648973,0.0614479323037908,66.9403165235469,5.945873794178278,0.044564253022685,1.78022135311918,0.0154347316763298
1567123200,9577.67882349503,168.372436002338,64.3561159110721,0.255203048598405,279.070631264612,0.00243059769432276,0.0620000298098363,67.8300481285933,6.32819387731596,0.0447774811300466,1.8019685262993,0.0155662441686733
1567209600,9605.02446142607,172.177609877265,64.3769474515234,0.257875467072348,279.086619107708,0.00244137154773603,0.0620723150235576,67.207548018712,6.279735301942394,0.0449130426740551,1.7803113895174,0.0155072251307199
1567296000,9762.93655689655,171.211480479252,66.297114000002,0.256850459144175,281.654573682644,0.00245100490824951,0.0623688126345219,71.7098932228318,6.253715068310309,0.0445545894107888,1.77531299584302,0.0155661269988791
1567382400,10377.3383845704,178.580194623027,67.0181890206854,0.261800577946745,294.304696021547,0.00255841117401998,0.0632036942305877,73.3446548010731,6.762360021078104,0.0454342908989124,1.83445727110391,0.015908322360988
1567468800,10618.7815058445,179.233673874927,69.2335547229001,0.262974605256728,300.945133916755,0.00258029563789184,0.0630137661125044,74.8749935125535,6.8284831920565985,0.0466482461677427,1.85564155740228,0.0159155502752701
1567555200,10577.2410839275,174.729775277615,67.1046498514197,0.258774280010732,294.061438803663,0.00248105849860061,0.0617663719697112,73.7180772992668,6.7652109197166945,0.0454255494852549,1.77720848482853,0.0155262553797474
1567641600,10580.1846995909,174.54153974284,65.3856398526485,0.256367174110306,292.389133851536,0.00247112549993531,0.060409059183208,75.9045912465094,7.0808478955140055,0.0444674283779706,1.79568791711365,0.0149610431685708
1567728000,10330.8497312098,169.23070338983,65.0694842613158,0.251729021565173,286.848452040465,0.00244381050523584,0.0581964505260501,75.2275549703566,6.755060889446028,0.0443552506373898,1.72260085570831,0.0142195098594597
1567814400,10494.5069649328,178.287494389246,68.8442089075805,0.260575926650837,300.527428470069,0.00248037150764292,0.0607265268440219,78.1329223646632,6.699988422248439,0.0460343551584703,1.77275916912032,0.015436281062904
1567900800,10407.2656573933,181.604640268849,70.6676067842883,0.262321261905236,307.284560858572,0.00248044494799671,0.0611754869200772,77.0794546901954,6.656165660719214,0.0466133451360128,1.83462588216983,0.0157561285128684
1567987200,10332.4644424313,181.388241671537,70.1867013740217,0.258908387315388,305.959563598726,0.00242500102206535,0.0602400444520077,74.8850847991656,6.629685156907334,0.0469308271922865,1.79605311315008,0.0157457461362641
1568073600,10085.9519243133,179.595805669199,70.5569052611728,0.258313514401288,303.221836116441,0.00240641027595474,0.0595303819994091,71.9604941343381,6.5040597782481315,0.0463345647530206,1.79861536440981,0.0155613253680349
1568160000,10142.1480603741,178.058855639977,69.6153263198233,0.254513270985592,297.972611585443,0.00238689912281537,0.058677452851877,73.8252613312264,6.321455868194163,0.0447638634633989,1.728190655574,0.0148398830962541
1568246400,10403.3599707773,180.84650818235,69.0837634799381,0.2542111738301,300.419889477671,0.00244892418388669,0.0584376880089944,74.9968787981404,6.2334219677967315,0.0454656131202584,1.70376915219661,0.0148431865506274
1568332800,10345.3387469316,181.51325949737,68.7499377112114,0.25545417816622,298.39904900586,0.00243891209799668,0.0578511655567314,76.1969610148793,6.18302261714228,0.04579838775976,1.57856820843976,0.0155305947228045
1568419200,10363.4528963179,188.595950496786,70.6927717327601,0.262351215530485,304.66657864933,0.002464933037541,0.0589230093979557,76.1015161175239,6.27598216928112,0.0465388369621147,1.57237879759893,0.0158228086668615
1568505600,10306.1696674459,189.443608416131,70.1373992794203,0.260336584961741,303.090031227422,0.00238028547933681,0.0583096373366162,75.5388690259709,6.244495250241658,0.0466162063407138,1.61266563277099,0.0154954334824336
1568592000,10257.822761543,197.430535651666,72.5357012677948,0.261029238423973,307.20197202255,0.00237354387973783,0.0586455711226977,75.5117082948786,6.22227948696952,0.0470503309564603,1.57622894435821,0.0156840890477805
1568678400,10195.6111811806,209.287582700175,74.4574719879821,0.287028186833996,320.611259910352,0.00259995831639413,0.0639627893339285,74.1433950854835,6.321734814263298,0.0491876046244007,1.63112093896512,0.0167959727399655
1568764800,10161.3188664524,210.7212235827,77.9623275489186,0.314282307783483,324.236430655238,0.00272169530215523,0.0836616477763828,80.0040662756722,6.398596349728898,0.0532097208952919,1.80263836027979,0.0179582030974751
1568851200,10268.3926291642,221.562201052016,76.9839603138456,0.301480622110423,322.97270988705,0.00271348426659005,0.0809807873363626,75.9048809084749,6.229990244602771,0.052462132959013,1.87239555424657,0.017604925121977
1568937600,10170.1251161309,217.195570134424,75.036947583314,0.29278760330046,314.955445236924,0.00265503865962778,0.0721606023412069,73.874568274018,6.166317963858558,0.0520479810204585,1.82487301512455,0.0173621532833478
1569024000,9986.4061081239,215.50002980713,73.1805848372367,0.289543171136861,311.660240948681,0.00252312883022292,0.0697296533052566,72.3723488809474,6.128828303766076,0.0517737217702858,1.87532611982198,0.0181909221305013
1569110400,10047.0134748685,211.051801870251,72.4202554196713,0.277227923222258,307.556028752412,0.002561589139238,0.0682477671753459,73.0976473512777,6.017769932682758,0.0489920916113406,1.81374736692121,0.0168890123111131
1569196800,9692.74104792519,201.226725014611,66.5858467165307,0.267973687650021,292.941696540643,0.00249803633589494,0.0637456443337673,68.4661445448781,5.8271061151693715,0.0463722555054568,1.80814469441897,0.0160078149682431
1569283200,8613.67124850965,168.43832817066,56.3864383374322,0.235999695298572,221.862973537917,0.0021835933500956,0.0541121144040134,59.2920425196169,4.724089022789299,0.0380938600541928,1.74624438127576,0.012756636346624
1569369600,8424.15764640561,169.84662478083,57.2923149735694,0.245604618011211,226.989914459678,0.00217951323074653,0.0571869103341853,59.0263867825879,4.825287493095038,0.039048849771183,1.7430024967969,0.0131600590732718
1569456000,8091.69529924021,166.334617884278,55.2107919328212,0.243330323254922,215.345495664443,0.00213942342855142,0.0589422849168564,57.4384060582857,4.70346818155666,0.0380619886049006,1.65886588775988,0.0128507450749823
1569542400,8186.77963927528,174.083654120397,55.8560285315725,0.242064854218953,220.163788222568,0.00220242076028045,0.0587649571799566,57.5376151061634,4.678488198262178,0.0392113197491471,1.65571188878918,0.0136500749256879
1569628800,8201.97901344243,173.798880362361,55.339815389207,0.242192552082593,227.506226403298,0.00221574233988977,0.0583619367656788,57.6422717753381,4.686145642329193,0.0386169903332469,1.68038339010992,0.0135899449995017
1569715200,8064.50806236119,169.853334891876,54.0011443311329,0.240530579737306,218.24779169604,0.00224419092652745,0.0580495340095956,55.9631975662203,4.558698723866876,0.0373793994576646,1.71080270419063,0.0133521845612825
1569801600,8282.3654541204,179.508727936879,55.9272084156358,0.256201356757745,226.998378669319,0.00236458871353361,0.0615566560962896,56.6977487769964,4.70950126967306,0.0388554304703753,1.76529889457278,0.0144811119399186
1569888000,8314.55139012273,176.635159555815,55.7659061908359,0.248965284669462,223.770456232589,0.00239044567333268,0.0588827861765905,55.7487660243492,4.63607593536591,0.0383913274117968,1.83808006191998,0.0140105899424473
1569974400,8362.53073232028,180.731424605494,56.4482176241814,0.253305601446886,225.352112604544,0.00232096639776275,0.0597590309513441,55.9587454692048,4.685224986689287,0.0394043089309615,2.00909643348672,0.0144105249910745
1570060800,8254.33991028638,175.467113267095,56.6144791338529,0.247569867416439,222.978162279049,0.00226470913353877,0.0586889679264016,56.3683395821561,4.633491111992072,0.0383444463371625,1.95626135226319,0.0143308437143251
1570147200,8165.68615125658,176.204069316189,56.5731411377068,0.252901156983716,222.461045868567,0.00234528432989509,0.0588678309177561,57.3217752866236,4.603459612601621,0.0394956387596944,1.97691689334709,0.0145882480364081
1570233600,8141.63371379311,176.184813267095,56.7864836766259,0.253784236857194,223.122350377538,0.00231062039168887,0.059004094231681,56.5098357123654,4.624482610080142,0.0396713149257237,1.96674611632365,0.0150631633955736
1570320000,7854.60981297487,169.854954237288,54.5218394659111,0.254568852508726,220.499459245943,0.00221263578020241,0.0582579338056741,54.6218574040835,4.485764831273973,0.038703340277593,2.17165946519697,0.0145045073482252
1570406400,8226.02342928112,181.001570426651,57.7338231361669,0.276931410701152,233.914815808422,0.00233578199699504,0.0623902160537625,56.3651162903847,4.690108400187102,0.0415867715774949,2.40435887137144,0.0162966008912278
1570492800,8190.1151207481,180.668669783752,57.0367275028369,0.277142111506861,230.800800319167,0.00233816537854264,0.0617854690569438,55.5516746942628,4.628021208267514,0.0412879847015619,2.56231891906026,0.0169801947633667
1570579200,8598.3319207481,194.229131502046,59.4366017937255,0.28219846544606,239.17725466511,0.00240382424759468,0.0631878868520094,57.3308251098725,5.087640682566411,0.0426422541375518,2.8118730764684,0.0169704437884776
1570665600,8578.09037931034,191.574099707773,57.5524463796305,0.271332787665637,230.627978184972,0.0022895529855305,0.061619203250658,55.7994757392257,4.851849806749741,0.0417103171162385,2.63185295863514,0.0162856138682812
1570752000,8289.85402893045,180.902172472238,55.7022428498833,0.268026531167534,220.999450512104,0.00225570271201002,0.0600232458588172,54.2076049438988,4.652336041238482,0.0402820777106146,2.74326095865129,0.0158269465645817
1570838400,8323.7501440678,180.319804997078,55.8226201897946,0.273182101857366,224.827511944659,0.00227652863744433,0.0609571116439847,53.6961661266868,4.720651946802619,0.0404824008238176,2.59424957340328,0.0156882438705427
1570924800,8291.25065143191,181.47459760374,56.5329195985456,0.277975651006155,223.749856665109,0.00247887072734467,0.0614753419839714,53.2595806249246,4.742404433792328,0.041200743889575,2.48274199513788,0.0160728840818996
1571011200,8346.36843658679,186.520615137347,56.7952859081816,0.296535285413,227.824852633846,0.00252050570655831,0.0657761873859355,52.9372424999028,4.781991991194441,0.0416263395840886,2.52313852238392,0.0166717722696555
1571097600,8160.71262752776,180.282949853887,54.5486984110967,0.288117565821577,221.747350574219,0.00248036775913996,0.0634863571878242,52.0503925418472,4.54115438328934,0.0395826650821199,2.37968879146707,0.0156425755069347
1571184000,8003.85592314436,174.995676329632,52.5542835239998,0.284425589552808,217.236403000867,0.00259163311090389,0.061838258446891,54.8661056030787,4.427230876604578,0.0385148670756747,2.38423803590317,0.0151757316760304
1571270400,8072.48938229106,177.070229865576,54.9010288032269,0.301782569383798,219.586947296228,0.00275819175351874,0.0650342750552796,56.1095743814598,4.502053006805534,0.0393125531720335,2.41205373409237,0.01538539508428
1571356800,7959.33199357101,173.130578725891,53.2511893615998,0.295033866015844,212.363692634323,0.00263859531155429,0.0632697634138256,56.386352158114,4.427434865926469,0.03803681773109,2.35714680599928,0.015375612394194
1571443200,7948.47733722969,171.613132729398,53.7431331017573,0.291050308978642,212.864626870998,0.00271820271973652,0.0624444896788393,54.4342929659588,4.413498663200233,0.0390078867109618,2.35395084122434,0.0154582039912307
1571529600,8213.70903927528,175.187846580947,54.861684234117,0.293837620765607,224.401403378957,0.00266934502554477,0.0631786934857311,56.3535442743623,4.515501168509585,0.0394688732109972,2.43416747995419,0.0155026437516977
1571616000,8211.65455873758,174.198366861485,54.7689565475335,0.292647571022728,232.898229752835,0.00264941763351896,0.0640157004073987,57.9300682382268,4.595530902506973,0.0392045119471801,2.62699445739325,0.0155394955915085
1571702400,8029.20537288136,171.261682057276,53.3308746456004,0.290481485552668,226.858651134889,0.00250615854787502,0.0631983065590691,56.59712000367,4.446737404966208,0.0386125568994145,2.59857776006403,0.0151158272948954
1571788800,7458.03585680889,161.323558386908,49.3320346055708,0.27210656253837,209.457249867997,0.0024639785634618,0.0594674892599206,52.7262607453396,4.237211873245008,0.0362257126162996,2.60332070154808,0.0142898224778705
1571875200,7454.37113816482,161.024464640561,49.8246310784745,0.277408345224841,213.456411073416,0.00249334990860868,0.0604522699249786,53.5642139341463,4.28777052103603,0.0375709722908476,2.73647367540316,0.0152311563549704
1571961600,8656.65517755699,181.161944476914,56.9029239631696,0.297712297790661,258.235893041313,0.00259931882370923,0.0642312025102213,58.8732772089576,4.749417874431196,0.0411940855764441,2.83722685847667,0.0175274067854893
1572048000,9249.64676095851,179.720602337814,56.9635966398448,0.294469571382769,252.772785825886,0.00262148287937903,0.062845992193042,56.6809188062031,4.585519905180682,0.0406339125804999,2.75769034826906,0.0166186666017731
1572134400,9558.15604400935,184.572484570427,59.8327520854905,0.298888112152612,261.564528584381,0.0026055388132219,0.0650150330637765,59.8751592750782,4.792284535879306,0.0423040015544758,2.67586569742793,0.019145172801604
1572220800,9319.17814167154,182.81422063121,58.3836536887962,0.297500216801564,267.673511018548,0.00265363461418432,0.0650964509371475,60.1974254426569,4.774956496406598,0.0428332739680656,2.68360565034232,0.0203839510610986
1572307200,9431.20712390415,190.830495441262,59.8597792276144,0.302296978650357,288.747360990427,0.00255649653445083,0.0666325177336533,59.4925056871911,4.929876886696043,0.0433844090635765,2.66585886705119,0.0219588181201294
1572393600,9182.85506516657,183.277003798948,57.9990980272888,0.295330522483733,289.655172974067,0.0026224538109248,0.064073890662431,58.5745652040999,4.798544788746968,0.0417303107437207,2.60977222261221,0.0200262988154155
1572480000,9155.27729877265,182.430567212157,58.3457601058471,0.294503366524885,283.145057533315,0.00257975488126176,0.0649318410792586,58.9957530164693,4.810474888149468,0.0413495860484251,2.73304264687443,0.0197909894185957
1572566400,9251.38129345412,183.362267679719,58.3717089475198,0.292085910484508,278.387393496717,0.00259243060911568,0.0693915049693541,60.8090500001136,4.878874256401512,0.0422546852920317,2.71614792632855,0.0196634471790644
1572652800,9300.19083752192,182.998768848627,58.3443673608924,0.295187405972608,290.042657087563,0.00258105570953036,0.0709782340495595,62.1559331410154,4.927672931140426,0.0424625463026363,2.70154485742791,0.0198892644422085
1572739200,9209.63869608416,181.907013734658,58.4732829627924,0.290583485417126,291.460568385804,0.00256465023350276,0.0686246658753406,63.532419766866,4.885146722973657,0.0418113774955583,2.66263599601854,0.0196723067355812
1572825600,9418.36013062537,186.034432787843,61.4521690373748,0.29946658563748,291.088153007624,0.0026169775091885,0.0746323514211933,63.1695475936005,4.959800647501686,0.0430815618669108,2.68719982076326,0.0198046280402092
1572912000,9330.78722296902,189.217251373466,63.1761298880429,0.301213696731179,293.201404097898,0.00252152118189381,0.0827413399116792,62.8611054074152,5.0219054645226615,0.0442840096220544,2.67870120926571,0.0198358901523046
1572998400,9354.93338229106,191.556660666277,63.9818776208418,0.310143145807605,305.931480084159,0.00255979080412297,0.077046266788451,64.0920985052875,5.077398680295417,0.0448377158759293,2.73988690885226,0.0201261284548088
1573084800,9210.74822238457,186.770622443016,61.5917494477973,0.290253377152142,292.339586566778,0.0027280475910525,0.074342269023777,63.0607795152441,5.2255570941378995,0.0434606296456036,2.67766805925287,0.0195235231034487
1573171200,8791.33393495032,184.038223085915,60.4637875009908,0.276059991320625,277.721781777667,0.00265974075321985,0.0713843124813263,60.7065361652869,4.984973592029677,0.0421996255161029,2.70911987527734,0.0187861006576673
1573257600,8810.78456195208,184.962579777908,62.1663742302716,0.279619691786097,282.70359354511,0.0027142417439946,0.0731326583951647,61.8715004912405,4.956965238742515,0.0423842402820861,2.79529699947344,0.0189930632840381
1573344000,9042.89072320281,189.045104675628,63.6569799443001,0.279238665432458,293.189290761468,0.00278184370254151,0.0790036427567427,63.7915283021043,5.038859610420143,0.0438657835622833,2.76920620439721,0.0193516115994948
1573430400,8713.20792957335,184.418845295149,61.6962673926619,0.273956180136242,285.788633494467,0.00275023165472674,0.0797875092134649,61.6100650232243,4.88417134995011,0.0431491087688245,2.73642032643073,0.0190344499720453
1573516800,8788.95814295734,186.5779264173,61.1282274379016,0.271333751070422,288.546574283002,0.00269901148096347,0.076889531164031,62.0422604169268,4.899531294991388,0.0435958490442773,2.81446779408066,0.0195914789834614
1573603200,8766.72943050848,188.033356107539,60.9040091584027,0.271663756522258,285.133572329156,0.00271123020347958,0.0759260509609898,65.0326174055931,4.840727895603589,0.0433447084307399,3.00172555759774,0.0200390479006133
1573689600,8645.43580362361,184.766463763881,58.9437550001914,0.267820899596529,277.754281095554,0.00262682800188767,0.0740019198473945,64.9802521067994,4.745469279907499,0.0428204013969557,3.05025977714654,0.0193957124197762
1573776000,8465.87788854471,179.989789070719,57.5577646360364,0.260626430049282,263.82329726381,0.00264544087675835,0.0721249060056306,61.8392715611055,4.566217705564912,0.044014147022488,3.01937313669407,0.0185914249253767
1573862400,8477.69024284044,182.287117182934,58.2429124138098,0.261700876438445,265.156996737607,0.00267865778259128,0.0712535549160692,61.4059041307456,4.628609941771765,0.043831756071755,2.98576755021835,0.0186731085454095
1573948800,8505.16122326125,183.829805961426,59.1789314861148,0.263055365098227,265.97111105668,0.00257109880478731,0.0715370580148464,61.7450271980921,4.617490740117578,0.0450621455357944,2.90576318428803,0.0187609801231333
1574035200,8183.53341350088,178.062372004676,55.8642874350489,0.252102787208913,246.712171075533,0.00250396034293959,0.067019635088051,58.3539940570958,4.373210498874358,0.0431780634172423,2.79503197012236,0.0171568417931433
1574121600,8116.82067258913,175.435199883109,55.0010788331077,0.253238545477899,241.661577713072,0.00247198224254634,0.0654486150222002,58.3678415958989,4.371935517563307,0.0420558572404477,2.71425289521241,0.0169042885490988
1574208000,8076.55466008182,174.409720338983,54.8310928797396,0.24968191913538,242.083591627526,0.00252488864713062,0.063877422645167,57.7701178207666,4.327301930756054,0.0407963930267426,2.69440237558194,0.0164885027475398
1574294400,7612.2774880187,160.728296902396,50.5720480122621,0.242473208666137,225.507342405228,0.00237021673392283,0.0606484080738244,53.8748256259889,4.163285093562586,0.0383238268873199,2.5420481512943,0.0153583704747675
1574380800,7277.52427323203,149.776162478083,47.4758989498612,0.230494880942407,208.398886990587,0.00233650212243733,0.0593908458275964,51.0162395836871,3.8731432288875363,0.0369683943672351,2.34688539456246,0.0144347517832403
1574467200,7324.83617855056,152.327056282876,48.2167530183505,0.234572148311691,215.293037025513,0.0023541192958739,0.0611767641011608,51.7646658502049,3.999569727489114,0.0379755223238785,2.42204168511166,0.0150524554785856
1574553600,6943.38065604909,141.576619520748,44.2959708975941,0.221950024380443,203.852138031087,0.00224503723367821,0.056095579870203,47.8303608670031,3.7347297405410336,0.0352471861921824,2.23589970149504,0.0138181007924629
1574640000,7139.04468597312,146.562241846873,45.7696141085294,0.219294534714062,208.965506944054,0.00227108825008064,0.0574586269466991,50.1870082320426,3.7886131590788565,0.0360466123616038,2.27433081235832,0.0142821283462229
1574726400,7165.43773027469,147.942878550555,47.0059228544966,0.220794709946725,212.025375880493,0.00225679041939934,0.0575978724317828,51.3546293873613,3.878746379623866,0.0367374662621022,2.26044552490193,0.0153400875594227
1574812800,7526.86381654004,153.24832226768,47.8634136265575,0.224691219169703,219.973294987719,0.0023082660980527,0.05867417301662,55.8174839350462,3.963182972459985,0.0390276097148537,2.22623396138476,0.0161195562869367
1574899200,7436.3363817066,151.010392460549,46.8851813383496,0.223939627188987,218.198198292747,0.00226298016572962,0.0580357713880822,53.9699360179339,3.949966468798287,0.0391402200305289,2.26852094497174,0.0158621531457442
1574985600,7747.73804208066,154.256289012274,48.6278422260542,0.230274233328735,224.074185517206,0.00238981719464679,0.0591872827144869,55.7951877993948,4.080971751289187,0.0413353854864945,2.34055921184329,0.0161451736849544
1575072000,7556.19372121567,152.016210111046,47.3469763199582,0.225977685902189,217.579652709681,0.00229706522627301,0.0573463753012881,54.8540877459773,3.949763279384189,0.0404590455379839,2.24320943762106,0.0154868878516283
1575158400,7417.72720601987,151.380223378141,47.7391861956304,0.225215972061006,215.372040137859,0.002279869454286,0.0574723896200194,53.5545445925517,3.9481230747220244,0.0396175086923128,2.17040160587163,0.0159716785421765
1575244800,7318.31252180012,149.052715663355,45.6426048002528,0.219572547512797,214.075250293401,0.00221593456048024,0.0558510646309561,54.0392679159185,3.862052081978144,0.0380773091095008,2.09812016983627,0.0152695571486114
1575331200,7306.44623331385,147.465369140853,44.8087979001932,0.219831694462258,211.772842660883,0.00219443198282086,0.055883124412812,53.4904320470792,3.8350753594071785,0.0378269230291396,2.12465917486737,0.0152251714006853
1575417600,7215.02034482759,145.69724465225,44.723517068588,0.214856970047892,208.217966989986,0.00218705356913138,0.0547845310370289,52.7300702012063,3.75260813866866,0.0371858721552767,2.03747310829886,0.0142985869011912
1575504000,7404.0867949737,148.022399883109,44.8349172085376,0.221992050082771,211.664407034038,0.0021800556809425,0.0554419137748193,53.7574933405584,3.7977188652881333,0.0376752705029337,2.01682632587951,0.0145282744241611
1575590400,7534.2083559322,148.700186732905,45.403857296401,0.225743538455847,212.584326252486,0.00219336173088739,0.0554529706512903,54.1783907892603,3.8932090249587445,0.0382463741659944,2.08518590650327,0.0147132940758026
1575676800,7512.06140263004,147.515199298656,45.223408134278,0.227673444519826,211.581034374236,0.00219434294387673,0.0555228634921648,54.3351244244464,3.872277147761297,0.0385220630860911,2.0468384111799,0.0145199101770936
1575763200,7528.94026943308,150.838420806546,45.5710748791024,0.229941660517205,213.021663041107,0.00221562939141079,0.055877486685197,53.79008086017,3.903499155703024,0.0386508113417399,2.05802756887014,0.0146392695865173
1575849600,7340.22745908825,147.375495149036,44.4094342215886,0.223955597232356,208.326116285418,0.0021917979253144,0.0545286795688333,53.949755116439,3.798061055586006,0.0372248321007389,2.07879737798824,0.014357844062648
1575936000,7232.09178375219,145.696360140269,44.1365788871217,0.222560028261496,206.953973593729,0.00215129158295855,0.0531769512733079,52.7404160420659,3.780510031250922,0.0363932809552135,2.25954432714453,0.0140947911049391
1576022400,7200.46444599649,143.130404734074,43.588255215858,0.220712135283027,206.27603740453,0.00210699645535123,0.0527305592386041,52.8729843657603,3.7668859854210175,0.0366003368368738,2.17283276341717,0.0141227377660156
1576108800,7192.84902425482,144.734203682057,43.6223223146382,0.21824974942428,206.276103319612,0.00214260721258856,0.051917240618433,52.8625189678227,3.813566678238204,0.0364779168145148,2.10555957138278,0.0137498689020229
1576195200,7244.90372004676,144.599715078901,44.3212462932268,0.220211329620275,211.348781920525,0.0021081484218649,0.0526895439238122,52.3225684459693,3.854090177315044,0.0371993205245919,2.06781869636592,0.0140774595471768
1576281600,7071.10709029807,141.842442840444,43.3030843343554,0.216064723915695,206.162373911454,0.0020853236197383,0.0508682891222167,51.2647680761616,3.7959258775930222,0.0362193951931147,1.99923784507102,0.0138481001266748
1576368000,7111.28666995909,142.304544126242,43.4865185189382,0.217225672953893,206.924577238823,0.00208898098241272,0.0509956556808085,50.7021462575591,3.8024545938801437,0.036427318032934,2.07247520040407,0.0139354080819979
1576454400,6882.39579532437,132.379981122151,39.9511366169078,0.205356032898844,195.841313130623,0.0020941509361627,0.0470709715243985,49.037807307405,3.6724276911569653,0.0340577518476968,1.96691802584431,0.0133814099913268
1576540800,6608.96197983635,121.505916423144,36.8482891740447,0.182188530269656,176.037559426893,0.00195483902301308,0.0433516683124433,44.8883028625479,3.46204791957896,0.0315574575313732,1.74759412424047,0.0124033998215854
1576627200,7284.6254836353,132.883688018703,40.8563956883073,0.195952031670153,188.601674899799,0.002080812184283,0.0467028308846346,47.9515005234415,3.771552029498987,0.034432107450932,1.87669230559772,0.0133899945817729
1576713600,7146.16763763881,127.844947691409,39.6299609156666,0.188192782398042,186.194940212877,0.00203442329415188,0.0451441467892307,47.3556524627165,3.7267768334605815,0.0329770659551945,1.80218767495737,0.0129831742482179
1576800000,7184.21917206312,128.217562828755,40.1816416568903,0.195967153994195,187.170690744341,0.00202072644670295,0.0463141038535829,46.6886509015042,4.053672131235817,0.0337167348714615,1.91768178450588,0.0134081805802032
1576886400,7140.29801127995,127.097141145529,39.7117431117313,0.191595849584879,186.135092746912,0.00202140543015885,0.0454575336572193,45.0436873231674,4.091650206193589,0.0330661278394263,1.85947727315834,0.0134987708935871
1576972800,7479.40240789012,132.060468731736,41.8682632904171,0.196406756921433,196.274100830212,0.00207314521820943,0.0471571109541201,47.3350704347074,4.198738372617642,0.0343435232448698,1.91898519402167,0.0149160341889675
1577059200,7321.7487238457,127.814310578609,40.6205329473303,0.18951666872596,189.746240038979,0.00201184623627995,0.0449186729617452,47.119530544901,3.987125317096985,0.0330884046313079,1.86691577408577,0.013780113114616
1577145600,7235.62908381064,127.656445938048,40.2851429787083,0.190382001768985,187.890798463032,0.00198471910235555,0.0449793642981122,45.8605048347899,3.927023632311915,0.0339213760807278,1.8450897869285,0.0134856109565224
1577232000,7191.17416569258,124.881023085915,40.0982305882721,0.188458233230521,185.047620513008,0.00202287182903,0.0443466626668596,45.9301513579353,4.029957417802867,0.0334303922264822,1.78195185223924,0.0131917483802697
1577318400,7194.63975832846,125.308429865576,39.9278822194911,0.188902094121827,187.277861727731,0.0020249063406323,0.0446445101361409,45.1959350806774,4.48433494334283,0.0340471042891329,1.85638548742436,0.0133310990819093
1577404800,7237.15044728229,126.181629456458,40.8949027237481,0.189660013114288,202.560616892837,0.00203984013048218,0.045726901928323,44.9829156040685,4.499580108859994,0.0329068651850761,1.87431738399023,0.0132069458033617
1577491200,7306.64330829924,128.037601694915,42.970186809454,0.193055785448418,206.798180600494,0.00200715327948193,0.0458698922124145,45.3963903158161,4.4146947218061126,0.0336609117699665,1.87204034796229,0.0134981494009039
1577577600,7391.578521391,134.639243717125,43.1595785700388,0.196707104389594,212.693294873486,0.0020232534587173,0.0462197898221296,46.6059974434464,4.657612333018183,0.0341767479747356,1.88990837842715,0.0137229585902132
1577664000,7229.3971006429,131.287466744594,42.2791761596581,0.192651930231902,208.007277584233,0.00198532511658286,0.0454782325155561,45.9211259044901,4.6163864694281775,0.0333213143001631,1.81828816271248,0.0132324674221824
1577750400,7167.39505464641,128.511079777908,41.1140178685009,0.192421166018367,203.784699574805,0.00197591383595918,0.0447600943801314,44.4552971445513,4.4815599287636125,0.0326805414884496,1.76150066677179,0.0132361929856141
1577836800,7170.63186879018,129.963875336061,41.4157459364492,0.192124072326654,203.557708324018,0.00201984671857517,0.0450786086991967,45.6640008323814,4.484210561116023,0.033375059986576,1.79848114867717,0.0131604972071005
1577923200,6946.82526914085,126.730876972531,39.3191102263479,0.186872726055669,195.055276060512,0.00195855811527259,0.0434955495367042,45.3463402521668,4.231891024646331,0.0326359954102091,1.72909755855667,0.0127899527932024
1578009600,7315.3093603156,133.800767095266,42.0151987613269,0.192843370288821,221.819381979219,0.00198202129080331,0.0454794542954493,50.9531410067275,4.566392393021103,0.0340512592906804,1.80245452812202,0.013398612200765
1578096000,7343.16419438925,134.050349210988,42.6608893819522,0.192609874886274,224.032814427452,0.00201525437644803,0.0455768192566751,50.195716801333,4.66157953529054,0.0343408530227501,1.82256898312821,0.0134237373222459
1578182400,7345.53069181765,134.982177089421,43.1983141078186,0.194187072918844,222.657244007015,0.00209847988014367,0.0453682364324839,53.5678396728497,4.866610226323051,0.0344652510771188,1.79205603359509,0.0135031066884121
1578268800,7765.7977346581,143.988824079486,45.7653998364582,0.221597371713722,244.314243515439,0.00212368470242213,0.0502222174442659,58.8999351131392,5.030911102328936,0.0372105891192737,1.93420510371948,0.0145637957743031
1578355200,8136.08684190532,143.248955698422,46.3877400364447,0.213838204717545,243.834396898625,0.00216288905206549,0.0485537810935162,58.5841664080386,4.837611836959583,0.0370316875073858,2.11349611945661,0.0143534756615606
1578441600,8059.69952887201,140.872484044418,45.3840951435217,0.207679865734718,240.739783173464,0.00211019043643887,0.0476017622689735,59.3805496346633,4.95338074470365,0.0363778943801538,2.19609541314597,0.0140298748951714
1578528000,7817.13609322034,137.473664114553,44.7269810461213,0.20329166713566,236.834122439906,0.00215495735388517,0.0470754804198569,58.8420403301542,5.14858106344768,0.0360803317687618,2.16849004317266,0.0139819907784576
1578614400,8129.81791992987,143.789400935126,48.7817258659319,0.211373940059786,268.829520597438,0.00221027464704001,0.0478729804558434,58.3188833817602,5.31339337445176,0.0368220551754862,2.22064049058479,0.0146477901678776
1578700800,8032.00549503215,142.846074284044,49.5003146062823,0.211923967550269,262.043055422327,0.00214270059390675,0.0485910697235378,58.4393548157029,5.595302757853257,0.0368468095877313,2.28344427826245,0.0146049705144973
1578787200,8164.54999316189,145.447126008182,50.9904608669888,0.214637563738745,267.765822284363,0.00218523154629954,0.0488847179584513,59.1084364014034,5.54747614929736,0.0376417519329894,2.23661161537999,0.0149804777712813
1578873600,8121.92566762127,143.910222209234,49.6518766197285,0.211561703975784,266.620467807874,0.00214784348014685,0.0482052611748564,57.9335665936376,5.484794886716608,0.0369153536754575,2.19222087977064,0.0146710000180955
1578960000,8830.16787346581,166.047976914085,58.8142901462635,0.235544858181889,351.786571457316,0.00234624424292359,0.0529189773533134,62.7880314092956,6.839571591315012,0.0416414340944484,2.39444362601855,0.0167624623116007
1579046400,8811.44820251315,165.85377936879,58.0942923201247,0.232875178107178,338.728002585351,0.00233960171905209,0.0546191430959221,68.1239868805488,7.913899329741369,0.0425975716917356,2.41259478005906,0.0172859822764562
1579132800,8718.68699801286,164.052933255406,57.692130324635,0.228639596057709,326.92841609886,0.00232625371921966,0.0535680838322092,65.6591089919153,8.384613911819738,0.0414200311886271,2.48533061554846,0.0171755805808897
1579219200,8912.54190414962,171.034402337814,61.6477727053842,0.239171257996728,370.733010555857,0.00245336598415752,0.0611634979475291,69.1502897507463,9.90995187162907,0.045264184632233,2.71704095795331,0.0176934832853142
1579305600,8928.1807565751,175.074978375219,59.6245585730498,0.243778756472506,345.108857699215,0.00256456382767796,0.0615847465017188,67.2533406532592,8.445382690261994,0.0449215166028697,2.76951936611774,0.0176977788651377
1579392000,8687.35483664524,166.791822443016,57.5854432311918,0.235342974561637,337.758516949152,0.00235029251421307,0.0602570202220013,65.0149223073609,8.498820418563726,0.0419967860477753,2.61140926296558,0.0166045433785711
1579478400,8636.2587862069,166.927411046172,57.1658724949152,0.233315005837289,344.48499987922,0.00236681946665124,0.0629193839119037,65.0177913600329,8.76032952048443,0.0439139639266661,2.69873652530831,0.0166101980412476
1579564800,8730.86756019871,169.171668731736,57.5085370504925,0.23717938203517,343.441089834541,0.00240449929610983,0.0626864318802193,65.8554680433369,8.920148370076637,0.0459143302497329,2.67052750598765,0.0172615055235247
1579651200,8647.90047399182,167.545226271186,58.0569315516852,0.23572376618188,345.818098181756,0.00233834477778489,0.060999276083372,64.8687296850706,9.258740063332093,0.0454597618702152,2.63429101744624,0.0172750002902175
1579737600,8366.38461396844,162.156525599065,54.1679016546986,0.224993300756771,322.956498757359,0.00221570322998956,0.057934768291119,62.2215359676395,8.387714425472923,0.0430659428153042,2.45206262428168,0.0161888972444515
1579824000,8423.39095815313,162.247590707189,54.3367572012562,0.221598319302668,318.735830390674,0.00222136536498398,0.0570335929470622,61.5467959788253,8.591077216433197,0.0448200113647082,2.49159892429538,0.0163482270707835
1579910400,8344.77456896552,160.521455172414,53.4273469034311,0.219873276307467,311.354816130611,0.00223083477572578,0.0563425756089662,61.4360492795528,8.424063628259477,0.0432181522087515,2.45025587544061,0.0161294577794599
1579996800,8573.87480958504,167.159112974868,55.9391275537625,0.230009511312074,344.620844266122,0.00226023575722557,0.0581653302235108,63.5496948730947,9.127432692462566,0.0444369958601314,2.56318852781807,0.0167569519262759
1580083200,8901.95928486265,169.934313676213,58.5332743121928,0.230733694416946,361.46292722233,0.0023610587008683,0.059526958104875,65.4651162624858,10.380103565324195,0.0478520136707459,2.60139367604332,0.0170801214111244
1580169600,9297.3883176505,175.276188486265,60.1538323078161,0.238416890268264,376.383678572306,0.00243654063674432,0.0606283680001225,67.5068665264137,11.473252910936479,0.05284264631536,2.64818481725462,0.0185700175007663
1580256000,9311.94754354179,174.676776680304,59.9809067355295,0.235890713857033,382.247805977833,0.00237050836230724,0.060901015117258,70.0687509214299,12.373363765314885,0.0537347267322138,2.77746897997592,0.0187048979672038
1580342400,9508.92096493279,184.256748977206,68.1508583522653,0.24398154442746,392.112973853494,0.00243110486416368,0.0627980781283547,74.5487075826173,12.284899453528428,0.0561688451646213,2.90786154300924,0.0195337799595246
1580428800,9357.28478240795,180.163670368206,67.9639584259378,0.239021657662533,376.27966421584,0.00235659744494601,0.060652157285195,72.0681593853913,11.34854368368468,0.0539469783496549,2.82315715418464,0.0187215578064196
1580515200,9381.88602863822,183.562507656341,70.724743444118,0.241220059192128,380.201963002034,0.00239048098200823,0.0621312361506256,73.1512738046113,11.54518685001358,0.0561389522408602,2.83331089600107,0.0190436803995239
1580601600,9339.38706312098,188.398108533022,70.3138090465103,0.251235619524829,378.208343683969,0.00246902062515989,0.0635298790465997,74.8242420747756,11.367048396986254,0.0558058355004127,2.82319944802767,0.0191185627649631
1580688000,9279.81252051432,189.341644067797,69.4987817854689,0.253731661931662,383.163459473534,0.00241299531819955,0.0640873916730467,76.7066966714459,11.715641126639984,0.0568754002885077,2.76765793405924,0.019170902586618
1580774400,9161.62719772063,188.276665984804,67.7834468578676,0.265161830832928,379.504785390288,0.00249171093414571,0.0657382650843397,74.9364014543935,11.372454890369124,0.0557890659760958,2.72515099491076,0.0191758545692822
1580860800,9628.13677586207,205.125087901812,72.6744397823102,0.27854819365634,439.318414442138,0.00256444944713207,0.0688485202444612,77.7815865394163,12.382027023848988,0.0593870965290492,2.84616399206652,0.0207499873879384
1580947200,9739.2804364699,212.849642723553,73.3274765655137,0.28295737006638,442.815034479037,0.00266310975329343,0.0709155459468391,78.0473903179398,12.011965709581242,0.0598244997179367,2.88491514088887,0.0225638428255426
1581033600,9800.27939982466,222.863079719462,74.1523059164589,0.279455266565356,440.00311300711,0.00279996445410408,0.0719133116868813,79.506627408804,11.695395300320524,0.0598560451041885,3.31793008434916,0.0220907525341045
1581120000,9911.29340841613,223.973379602572,76.7729168191132,0.27814916158571,445.692523644417,0.00316708111039387,0.0709807423639873,80.9230432233164,11.696308457542841,0.0601956525063634,3.4278383773295,0.0218846946413782
1581206400,10151.0832026885,228.467053126826,76.9883792500129,0.282961982093709,450.207218222779,0.00319874217912234,0.0732151224810144,87.4023873578078,11.700864855511561,0.0618362409924336,3.46939081569442,0.0220285233778783
1581292800,9872.36187305669,224.139831618936,74.1861762640623,0.274013462733496,453.995227482741,0.00299187956146944,0.0708756824911148,84.7978702937617,11.848084533599131,0.0602962692013582,3.41537354163351,0.0222949039109877
1581379200,10272.2225558738,237.649539333723,76.9885353141712,0.282046230402845,464.37950686711,0.003027958231996,0.0744186992729401,89.6303073926764,12.013166661716893,0.0635632038806091,3.98978592963859,0.0228822163762257
1581465600,10360.1352229106,266.649455289304,81.4953613126504,0.306004684866625,476.795602557862,0.0030679805700089,0.0806221174367976,94.6278737548407,12.276434023826798,0.0688690777137493,4.04192193454288,0.0240030319184899
1581552000,10235.4973226184,267.940001870251,80.313875152164,0.32740489853397,473.52964162,0.00302412883154334,0.0832455291685686,92.6074276567137,12.045320291792383,0.0688385855581833,3.87631051908673,0.0239008341775811
1581638400,10361.6156901812,284.830649094097,83.4033923860783,0.336339969394182,492.823312140899,0.0031551937320797,0.0866595393996108,95.0438115327386,12.03875491565846,0.070933652888714,4.43420860312131,0.0263614706511383
1581724800,9911.72432700175,265.033846464056,76.5417209210947,0.308330537113954,439.705794899274,0.00288951963431237,0.0789484127264991,89.2260008311898,10.38219349694693,0.0642498514747164,4.35033446708582,0.0236382882526486
1581811200,9952.04661157218,261.128690531853,75.2004658118578,0.294496493481483,415.222940423853,0.00275678670951148,0.0748468263051094,88.6333758554419,9.665047072944406,0.0624570093074933,4.52350688084497,0.0223657060783512
1581897600,9683.0796277031,266.608233372297,73.1804031376759,0.286633627199295,410.271077928341,0.00265578973788969,0.0724454455420347,82.697243150555,9.598038390549526,0.0598901888138723,4.2946494562568,0.0216739980594547
1581984000,10195.3037904734,283.564988310929,77.4926374731786,0.299387581066532,421.980129371267,0.00283966322564828,0.0765657672127562,86.4696100047597,9.93292880542,0.0630786285545799,4.55925917501158,0.0226973038809758
1582070400,9636.00229865576,261.077341028638,71.2911416480183,0.277540139194805,383.691466358854,0.00264926423922575,0.0708626102020255,78.4537224567365,8.95888290959615,0.0580042774798622,4.40528532838279,0.0203134004798226
1582156800,9614.03012244302,258.631871011105,69.836249559514,0.272111936431293,371.355135315791,0.00261596579651356,0.0705398652364776,76.6891233108596,8.91793094107532,0.0582497089649284,4.26874886266326,0.0198733001900234
1582243200,9701.79750268849,265.90940414962,73.5468183968892,0.275403315233725,379.538976725459,0.00263571358081221,0.0712401499389333,80.491588985501,9.460472462126761,0.0588461854033231,4.29934252121703,0.0202366943456867
1582329600,9675.24905756868,261.763375803624,74.9806854100345,0.275078182595783,373.768473293134,0.00258040758427419,0.0702522621034906,79.054371473567,9.492196557579483,0.0582615331161203,4.09898896242507,0.0200455608616999
1582416000,9972.84242308591,274.979647574518,79.8500469095415,0.283737275433278,401.851156680359,0.00266622572445393,0.073297404277491,85.50153869718,9.780428542071315,0.0617259469764151,4.26462121181355,0.0213462218062767
1582502400,9648.00788310929,264.367167504383,75.4322197561505,0.269130664023204,376.606618342141,0.00258187119198052,0.068854745317377,79.0546410879543,9.34669312678102,0.0588724263497975,3.91056612796035,0.0197832977593083
1582588800,9344.28714009351,248.53713220339,71.3170316855785,0.253574432476217,354.396968174099,0.00246628286984961,0.0644714965349553,76.972162690415,9.266567915743567,0.0565312322078837,3.52860093481528,0.0190514550287777
1582675200,8798.88894856809,225.706557159556,60.9999529770882,0.231002320210458,318.805200702294,0.00235191061793917,0.0590879523086948,70.7376823237246,7.690668013444719,0.0495297718442813,3.61405834185396,0.0164748255291746
1582761600,8779.02948188194,226.398922033898,61.5981230146354,0.23749441917811,323.815675200192,0.00229423336934833,0.0599756538109699,69.6800358003386,7.704924011875202,0.0497228394387024,3.93444162919016,0.0169513382928115
1582848000,8750.59344599649,228.673918468732,60.3457490286181,0.237651278629086,317.124669199222,0.00233361603393757,0.0587411888702793,69.0158309808968,7.521621057110148,0.0491624447587035,4.19661358026541,0.0171899477845328
1582934400,8582.09029964933,220.10229421391,58.545402209987,0.23113777125572,308.793981136636,0.0022439833771228,0.0571918904671012,66.452490715614,7.406015240267053,0.0474744344768084,4.12512985409879,0.0166079423762892
1583020800,8541.77389392169,218.6236685564,57.878229684686,0.227721573513626,313.352045526069,0.00225842554770007,0.0560742995301172,64.614059236174,7.7547588099686555,0.0458360333782551,3.8884147311786,0.0164951962712369
1583107200,8906.21475645821,231.194931618936,61.2533651775812,0.239228453936602,337.362255669025,0.00236096674028267,0.0594090584288223,68.693837078494,8.427460288925692,0.0490951295581193,4.22086643618724,0.0175338498106938
1583193600,8768.81061420222,224.283570017534,61.2041813705357,0.234453823049389,330.402195985761,0.0025147729100488,0.0582745397354457,65.9154448410387,8.512831971895999,0.0487607472131188,4.60808858682715,0.0172562361740785
1583280000,8756.36957218001,224.156026826417,60.287670082569,0.234502254999937,319.45479237736,0.00240102621930048,0.058510467696,65.8710441662364,7.959055455169163,0.048934326793904,4.668114012365,0.017711754001
1583366400,9062.61580274693,227.813605844535,61.8909811011906,0.238954871046612,335.175368627864,0.0025135543641385,0.0595795612157909,68.4069217266646,8.155223571506781,0.0508817351468677,4.69288322115851,0.0178386593232442
1583452800,9147.08505897136,244.330236002338,63.1900934926028,0.244292030295203,350.521579693009,0.00252577160644148,0.0612124267454764,69.0806572319534,8.201477344550991,0.0515855156849217,4.68572039799599,0.0183335463317154
1583539200,8898.30695675044,238.059852600818,60.5475343180699,0.23687016871746,331.629005480656,0.00242149923650927,0.0584919226373367,65.7370030529895,7.822849460516997,0.0489907569453018,4.37310989975114,0.0170428819209577
1583625600,8109.61454114553,202.765954997078,51.8970754717457,0.205980429530399,275.685355772584,0.00218332531241091,0.0505657897874217,57.4030632976416,6.5696088915488575,0.0432753739306289,4.0977357025833,0.015013884192806
1583712000,7896.38531987142,200.151101052016,49.9922915587073,0.208510099659805,271.818707052364,0.00220023016064487,0.0519860109149846,55.3137265503695,6.9072025607160334,0.0412333767326741,4.04292067690605,0.0149588237798245
1583798400,7909.92787545295,200.851090531853,50.23698163126,0.211695133064137,271.813931504353,0.00219101766060326,0.0519704658967688,54.9874986538242,6.81210185297701,0.0414456438312752,4.09481666085281,0.0151034199405886
1583884800,7939.34133477499,194.236009351257,48.5369258854653,0.208072258667762,267.672802456694,0.00219962908611148,0.0504298931271148,54.2113177016022,6.588458318459609,0.0396648106788846,3.82464859812424,0.0148832827612247
1583971200,4959.31341437756,110.32820163647,30.6782710098869,0.139909505309668,152.769862597853,0.00153454229222898,0.0333017942426149,33.4000243281577,3.9664325301498904,0.024241046541513,2.0245888180097,0.0087967832817463
1584057600,5627.69238836938,134.759985680888,37.9512926420211,0.160842007833656,180.186350274331,0.00177791991938698,0.0403165304350179,37.4901332222685,5.189711720051371,0.0287117528288915,2.45587758301922,0.0103930352045801
1584144000,5145.17250642899,122.078151256575,34.2254639527349,0.145098791370005,166.087328462887,0.00165806567023222,0.0365742291419792,35.930602181701,4.666226297041108,0.0256354204334858,2.12181716232545,0.00965789696651866
1584230400,5358.61066335476,123.754734073641,36.339473872394,0.152946223537349,179.934063789958,0.00167083735421845,0.0378717432178127,37.9774971583044,5.029162704917733,0.0269675215019324,2.09792530564148,0.0102656921018912
1584316800,5012.92738778492,110.34905873758,32.7284076257352,0.140329692163195,169.976881225221,0.00157660521607071,0.035105781361854,33.8177084732003,4.4496174649617615,0.024105773962286,1.77175538199914,0.00956881639192411
1584403200,5416.7547106955,117.783463763881,34.7086360992647,0.149379196941716,185.694663505456,0.00167301107197546,0.0378696754196684,36.9106574383929,4.680606559020751,0.0261507689665276,1.9108391942831,0.0102185486172211
1584489600,5392.48783594389,117.683343658679,34.596934380108,0.147030661215756,183.116292676981,0.00158946336665707,0.0368345179954408,36.8890128097037,4.593111949870387,0.0259951174180245,1.93870550433603,0.01021228725982
1584576000,6203.5516320865,137.357502980713,39.2095150792378,0.165787603862943,222.907615620453,0.00175151533616979,0.041387221612831,41.0837385667017,5.089738847065432,0.0306745650579878,2.25099601204677,0.0117123178505409
1584662400,6174.14947603741,131.532323261251,37.7806254080167,0.155794641746571,212.897754821742,0.00176318697661099,0.0396102336580235,40.0068622703741,4.874824555441598,0.0292813977979393,2.23424696618945,0.0112031147552943
1584748800,6175.83102220924,132.511633430742,38.3401508561723,0.158069423523068,220.157980790192,0.00178111544198319,0.0395543908262337,41.2636502609688,5.012541534932757,0.0294675690976267,2.27474367436333,0.0112038537888869
1584835200,5830.56097960257,122.442055523086,35.4358460417725,0.148012084025327,203.177688665858,0.00171868308141816,0.0368957489521168,38.304764259991,4.60382053396378,0.0270457301033303,1.9819750497673,0.0102879354487553
1584921600,6486.40865733489,135.589770601987,39.0634611353325,0.158870890126868,220.92769477199,0.00184881222655974,0.0394764292769788,44.3682029283856,4.954514531505841,0.0292639748157959,2.24968902310433,0.0113881884831996
1585008000,6775.05761893629,139.414792226768,40.7599112694955,0.1631489046532,228.291548139724,0.00185346728251721,0.0405256348563973,47.4826759777815,5.091299459896019,0.0303567530923584,2.32264608306329,0.011567350033336
1585094400,6689.96901285798,136.095511981297,39.1813697044086,0.161692532228251,220.761121974473,0.00184063686305023,0.0405042239784076,47.12797709656,5.016249633044182,0.0294349531757509,2.25815234127849,0.0113858810687785
1585180800,6754.46033606078,138.608215488019,40.2414296355744,0.1766881027978,228.080030205049,0.00185948595554416,0.0428453266256089,50.5435256942663,5.1027496184782,0.0307660809216129,2.30329735923884,0.0119598297117467
1585267200,6490.79541502046,133.681614728229,38.9274574869631,0.178004357557897,218.734553885264,0.00179826709291634,0.0414437909150089,48.8781598989837,5.0247503822042185,0.0293899735619267,2.17823176489876,0.011417034710356
1585353600,6231.81989023963,131.027766510812,38.8941941828508,0.175639916907955,214.038877685461,0.0017999506342474,0.039957586720616,47.0266458528892,4.8094871076411465,0.029836551832363,2.1328523547076,0.011418266669034
1585440000,5904.85758679135,125.178745470485,37.2808888077392,0.163491148331808,206.733622640402,0.0017365734066702,0.0379632729664542,44.2624186513755,4.848556742330869,0.0282500687278377,2.01806873392925,0.0107206383409249
1585526400,6436.90570017534,132.902320514319,39.1082076542507,0.171970775203986,221.423631561128,0.00182329210081571,0.0402057360701322,46.8319741456783,4.964687642097527,0.0298011317471786,2.15231952489742,0.0115128549096724
1585612800,6432.3832421391,133.508133372297,39.2997202065394,0.174651617900005,219.903314681138,0.00184180636157068,0.0409238129050733,47.9890325685773,4.95022268731908,0.0305395761528434,2.26032018662648,0.0116593382468905
1585699200,6643.11000870836,135.85480654588,39.3324821147803,0.175452738572212,224.022333057901,0.00187226601490903,0.0408963797412181,48.6259479132352,5.027333105266462,0.0308947699520196,2.28273250516707,0.0115986388641696
1585785600,6792.74222209234,141.151746639392,39.8831041694402,0.178169120260803,232.228324389231,0.00188567476895414,0.0412294388455437,50.6595042974032,5.096320506500693,0.0319471566596875,2.30008213521212,0.0119748148068924
1585872000,6751.90255178258,141.727211279953,40.5504556805359,0.179430599355249,236.362416639487,0.00184371926039521,0.0414286300143449,53.1087947317345,5.129778256074241,0.0323642338423762,2.30452307301295,0.0119303875333773
1585958400,6859.98916867329,144.336282700175,40.77667155192,0.18133541500416,238.184650322556,0.00186843492249277,0.0419050936222677,54.1676402446609,5.158468036422277,0.0324200611078767,2.31424339632656,0.0119682210482433
1586044800,6790.81247264758,142.972632963179,40.3941390986719,0.179385561340638,231.298323130947,0.00187334742323321,0.0433882771666651,53.4769346967894,5.037722055778292,0.0319463626416048,2.26790028427652,0.0125793760289926
1586131200,7298.17374517826,169.609724313267,44.7807026240717,0.196956069451369,256.56857035138,0.00199188957921951,0.0496986232521144,58.5654624740156,5.580861058705631,0.0357077851494274,2.52644125026583,0.0137282546422007
1586217600,7187.59333664524,164.21725949737,44.6878619482697,0.192626266636477,251.741176113008,0.00196272968106804,0.0484262288314569,55.8027473262132,5.454428211145472,0.0352315999066603,2.71448624414412,0.0132555978167677
1586304000,7372.19476399766,173.294784336645,46.6667882716391,0.202193046660903,267.987857793223,0.00203086084621151,0.0513520332477693,57.9272018049486,5.835120888481606,0.036495423175655,3.18850437683514,0.0137668119745125
1586390400,7299.57918790181,170.28360490941,46.4266770350522,0.198913313905197,257.278601787475,0.00201696417443246,0.0521220722564765,58.5926588213892,5.908052236513121,0.0361462054961753,3.3222567551761,0.0134937348892476
1586476800,6859.82267475161,157.550598188194,42.1445210605658,0.187646895867782,232.691339240702,0.00195192625840963,0.0476145927020756,53.7045118931191,5.2443512098861085,0.033159891351596,3.21034904511487,0.0124472730127169
1586563200,6883.18222895967,158.431649327878,42.4901638307941,0.187910962527532,232.003172146947,0.00195198358548881,0.049741402271472,53.8580672970248,5.27309149269072,0.0334836940941435,3.29792471203195,0.0125192980296302
1586649600,6978.66628661601,160.649303331385,42.4064767408576,0.190866420069445,235.61453262304,0.00198588941298834,0.0494351260089937,54.200544854283,5.347483219028081,0.0338162591551633,3.46733703642162,0.0128543628817447
1586736000,6863.57553319696,157.198628579778,41.3739759285498,0.188398741166245,224.520068087577,0.0019436795484524,0.0483487495404478,53.2643355962938,5.201762849195777,0.0332700191148599,3.38167701753819,0.0126350142857179
1586822400,6875.53850344828,159.006158445354,41.2334469981116,0.186311644626537,223.14742120688,0.00197784850857172,0.0481840529411155,54.2706954149634,5.25763547167107,0.0330983935382979,3.25572200240443,0.0124802684378105
1586908800,6625.47577510228,152.951140736411,39.2929709937184,0.180760083524585,215.002241244501,0.0018962607320534,0.0461157867124527,53.2346587509822,5.102455662331237,0.0318782446381357,3.12959216809667,0.0121863347000093
1586995200,7127.79228223261,172.970440327294,42.7217743282838,0.191187408753579,235.851247538555,0.00203387657691226,0.049340024576538,57.1290652752401,5.491041592365,0.0345111956829131,3.49111266707304,0.0130893638375536
1587081600,7081.39519842197,172.23222063121,42.6125156252764,0.190312295503785,234.018270514428,0.00200972147879376,0.0490229262856731,56.638955854564,5.422368453100281,0.0345465187351902,3.48222993337573,0.0130017849224578
1587168000,7262.79234360023,188.109414903565,44.1747364351964,0.19552944024185,244.459244364515,0.00207725199509232,0.0506806788149474,58.1888211083265,5.668383628820298,0.0367155465037128,3.79326077343684,0.0134208352280031
1587254400,7150.2442154588,181.230814377557,42.5093180913508,0.190315205656953,233.244665393909,0.00204713038113226,0.0491153556132035,57.3488661536441,5.517472605533872,0.0357625077463044,3.63108008185454,0.0129934570540009
1587340800,6853.27341478667,171.013763296318,40.42811734682,0.181926413846167,220.027874251791,0.00194854865241297,0.0498539992830432,54.916255992863,5.256854603006765,0.0341069137686809,3.44768082009205,0.0124433709530275
1587427200,6870.42369865576,171.489232904734,40.7485280325747,0.183990009599538,220.543723669561,0.00198140048041098,0.0511934653341004,55.3448035705558,5.22009517112635,0.0347001560692521,3.46939526898695,0.0125522184223866
1587513600,7123.65691992987,182.581804178843,41.8445352150765,0.188298130520356,232.984491320687,0.002038469192416,0.0548960087194199,57.0044241397431,5.384679163811574,0.0366570652962534,3.67964134677648,0.0129906851679546
1587600000,7488.60516528346,185.6463264173,43.0101211438053,0.192587156434187,237.517917150376,0.00207159503695313,0.0619619675020612,59.3328674205048,5.601233663841146,0.0409074822572007,3.75786390623319,0.0136250741261658
1587686400,7506.44331648159,187.621841320865,44.5107522206752,0.193164580866027,237.973217260186,0.00206784306624612,0.0611875789254828,60.7845019409694,5.596290470196734,0.0416691623362064,3.78546031200454,0.013944978750922
1587772800,7537.73820911748,193.785201928697,44.327326761136,0.19410065965015,238.241740326533,0.00212864669715618,0.0616393173691666,60.4733214654122,5.741711267604444,0.0421663639032323,3.77737888114566,0.0139478336541466
1587859200,7684.06852168322,197.062440268849,44.5778331920518,0.197031924172725,245.525374330747,0.00242340970395391,0.0621691847044199,61.3923250165794,6.229340534380514,0.0459908093553124,3.71466092816373,0.0142572431928963
1587945600,7777.49151858562,196.565708679135,44.5079105711762,0.197530968698083,242.878027223146,0.00237133943624532,0.0674876560789511,62.3478769349927,6.109990755460254,0.0466518059024639,3.64118982098923,0.014525284073855
1588032000,7769.89969842197,197.466412565751,45.8252159334582,0.216033998144279,242.367526125816,0.00229672059127674,0.0686286040636513,62.3611782956776,6.172288293870088,0.0470339265886995,3.65720785872003,0.0153398987868408
1588118400,8761.83716954997,215.38395207481,48.6883334831118,0.226545790508031,257.226671935509,0.00251489050977981,0.0722056379444649,66.1760570669241,6.737995939531592,0.0514511247342234,3.89126570309879,0.0162209955765023
1588204800,8652.4109912332,206.88486528346,46.4636456434803,0.212122660292835,250.361704267839,0.00244502418939553,0.0682113654854018,62.4085342411504,6.479053838842568,0.0479635774572968,3.7189827211501,0.0152776003444164
1588291200,8855.53525827002,212.713617767387,47.1433193743382,0.218154249570071,255.192153498154,0.00251075903514867,0.0724551482056439,63.3987851793716,6.661093216887661,0.0509583344381624,3.77450226185457,0.0158412857445297
1588377600,8977.28170537697,214.133870601987,49.2451953022412,0.223667750705422,261.04353923826,0.00252959965538268,0.0753736186081668,64.5535323772876,7.464280672965289,0.0509584001918831,3.82203243733019,0.0163402724897715
1588464000,8896.7956383986,210.090575306838,48.061163075846,0.219605604102399,251.780202633502,0.00253743527292808,0.0728975998521253,62.4926287377024,7.204529868397893,0.0490246157874993,3.71353210115966,0.0160106818212028
1588550400,8881.95430450029,206.961926592636,46.997696936486,0.21815150726447,246.224066894726,0.0024230293190232,0.0732925231729504,61.029855417477,7.2214564957674146,0.0495031000818837,3.74595793650976,0.0162640765186518
1588636800,8985.8795993571,204.885417007598,46.4560651409582,0.216418550548895,246.463916508701,0.00247624267503008,0.0721378906491511,60.3154063841128,7.1780576500799445,0.0494087084967379,3.67973177372532,0.0158558723448783
1588723200,9266.8130730567,202.736075569842,45.8589337477324,0.215067060184226,244.285373175623,0.002534457127416,0.0708782272915222,58.8185130540695,7.036832313376233,0.0499278674457737,3.62093384718267,0.0157642220960373
1588809600,9993.75317685564,212.990972822911,47.5266021335712,0.218837009335762,252.872473902699,0.00264926161071465,0.0721963810452914,64.6522383831942,7.124245051310821,0.0512948231695527,3.76561081595507,0.0160747095183766
1588896000,9859.32360461718,212.413128872005,47.9595828706828,0.219330432717661,261.72464494898,0.00262010804503134,0.0729846663478717,63.6306107301026,7.18912496084001,0.0522814384282297,3.81794974284638,0.0163379840967971
1588982400,9577.33892238457,210.774871127995,47.0968224485901,0.217133591516149,265.828388442965,0.00263061960450681,0.0717712270891258,63.2083574476354,7.06850976465357,0.0516583527984873,4.03037724084645,0.016144310082259
1589068800,8715.03329322034,187.542486849795,42.0156709825375,0.197094499982947,233.202599442358,0.00246487220416235,0.0640734459838497,58.7013847391381,6.193285314874743,0.0475576212171618,3.76301809491627,0.0142782858424004
1589155200,8591.65288433665,185.715372296902,41.5577278993879,0.192585372340585,233.8100773381,0.00240638589236899,0.0622600465021314,59.3249764029758,6.003246257570717,0.0479442104178302,3.56215835550749,0.0139555838520972
1589241600,8817.25068112215,189.818459438925,42.2062888819882,0.197255024946425,233.358802876805,0.00243274697080233,0.0702445782477865,61.6269772458201,6.091139580497736,0.0504470277362581,3.70012931300028,0.0145711651649236
1589328000,9322.99720204559,199.938022559907,43.2859685339581,0.202148562804417,239.806488536243,0.00256424106825158,0.06994438934328,64.9916749100715,6.2316108057393835,0.0516447188665739,3.77042076084664,0.0150426536663494
1589414400,9801.26948772647,203.532877030976,44.030331606455,0.204169521653923,242.923269276979,0.00258658709677603,0.0693918807738774,65.2953593834399,6.281175424229155,0.0511725143246274,3.8138198909814,0.0153007958478415
1589500800,9326.87585891292,195.121980303916,42.8137103175354,0.198294819168756,235.434961251053,0.00248165762479559,0.0674302351177808,62.8789687223081,6.517311334066354,0.0504253070546142,3.66606242596341,0.0149069145127111
1589587200,9395.4753893045,200.819766218586,43.3037628917107,0.199958286418095,236.952895068654,0.00247040050209882,0.0681607130711801,65.4170430762837,6.701283204917484,0.0510534527578222,3.76990340461647,0.0149975938924395
1589673600,9682.5324811806,207.07257685564,43.6672892211004,0.201351620318014,240.880273888794,0.00254786420023342,0.0692928056433493,65.1161042879563,6.651493409562846,0.0512379805868409,3.78305410367486,0.0149934016028395
1589760000,9726.85002209235,214.748162478083,45.3093780236782,0.205067070920437,247.835637671606,0.00257288542580282,0.0701994409859809,66.8584109355972,6.705771221381358,0.0542018589906189,3.8834036933498,0.0153541335689788
1589846400,9754.20146201052,213.820466744594,45.531088874456,0.204740533300641,246.372945507191,0.00257601562549881,0.0697475068669135,66.6760348308308,6.6537054767446735,0.056691400915034,3.93770419896187,0.0155643221103057
1589932800,9515.702550263,209.804793103448,44.1911143852061,0.201656843140084,239.463337440147,0.00252783998676846,0.0709276634125918,64.6042869241585,6.450473704030428,0.056702397509719,4.07144564004129,0.0150058080503712
1590019200,9068.80122933957,198.91755698422,42.7247266287929,0.194452621288536,228.134806290209,0.00250992722276307,0.0665529508790408,61.5493151841527,6.133937326773804,0.0520755279671957,3.84016709851828,0.0142170227685343
1590105600,9161.81503389831,207.063677673875,44.1852155784232,0.200165535621266,234.604692969443,0.00252265838088545,0.0680424778655037,62.9166325326019,6.451477716039744,0.0557439783393995,4.0655112891316,0.0148311892695995
1590192000,9183.66212507305,206.906197253068,43.9335027244629,0.1990635634029,234.563344379934,0.00253751401143997,0.0672377229784503,63.7548020342934,6.562677222471828,0.0549723515874959,3.93677130963219,0.0149985537470622
1590278400,8806.23065715956,202.376306370544,42.4311409360771,0.194152733714497,225.344504934727,0.00244388083892483,0.0648325654799395,61.341090686271,6.623256721588497,0.052655863147982,3.83134192566842,0.0144264653219006
1590364800,8909.19258153127,204.292245002922,42.9853563654527,0.196283383455705,230.706219608924,0.00254106470363776,0.065963152715637,61.5299743910705,6.814352139206841,0.0539600425754895,3.86344746931698,0.0147268697099372
1590451200,8835.13725336061,200.86048918761,42.2706322105741,0.193715407487875,227.92617913523,0.00251338741762916,0.0648879153602569,61.8392472878197,6.7053591518075315,0.0534877763330654,3.84107674485744,0.0145697191050698
1590537600,9169.05743921683,207.498003798948,43.7128756203544,0.197417728111445,232.259468120426,0.00252933084898952,0.0660130760683089,64.3942998563351,6.761771712296245,0.0550271293930238,3.85286595162806,0.0146808711867268
1590624000,9568.26185300994,219.378571011105,44.7259921706933,0.200386981734278,239.666046329364,0.00253465828900291,0.0691955869082867,67.2272511321528,6.863109923942011,0.065513430080532,4.03646645970312,0.0151422269510224
1590710400,9432.41333343074,220.784826300409,44.5113417362458,0.19748219668363,238.352050828986,0.00249946825159799,0.0677747869735514,66.1338713613099,7.221930581319825,0.0645711796928594,3.9825245111737,0.0149945466700352
1590796800,9691.68049117475,243.572401285798,47.6669023593521,0.206897975056893,251.712730192888,0.0026047198488045,0.072577205281061,68.4644738365449,7.481608431416658,0.0770940178663085,4.16129603893121,0.0163007570482954
1590883200,9433.94384663939,231.444047457627,45.5426370610498,0.202163200439167,238.431808807065,0.00255108508060021,0.0702438859800458,64.7804106422397,6.897226141347415,0.0736358722660046,4.1236755097068,0.015825744140013
1590969600,10199.1350542373,249.07495295149,48.4074594650632,0.211422372695308,253.488145025869,0.00266019789483322,0.0760530024201514,67.9165110977917,7.2172098007570895,0.0818279645470936,4.39656773708147,0.0170101114713003
1591056000,9512.34653302163,237.179632554062,45.9133718555302,0.20251635930234,250.615066946411,0.00253395902352211,0.0794035288509986,66.4857766872012,6.967035431759716,0.0786732119105172,4.3959409871264,0.0163092148872509
1591142400,9642.27340035067,243.934139450614,47.0872906005718,0.203817014009531,252.593897970116,0.00253534308729232,0.0827270385958316,67.0969341083131,6.936552848499236,0.0852518774357228,4.49543094693201,0.0168670991806906
1591228800,9813.36067913501,243.647765984804,47.4932475981836,0.204559456254025,256.625137784998,0.00260098220987861,0.0823453531194711,68.1109312101419,6.921904827097932,0.0886069152516969,4.43121518157114,0.0168744941566734
1591315200,9641.8916225599,240.312976037405,46.916939371557,0.203016992636844,256.266957005606,0.00254250088858852,0.0793532702990658,67.5148095176484,6.848820946637917,0.0853354305206501,4.36632344971915,0.0169068057481139
1591401600,9668.67053857393,242.019700292227,46.7662809543544,0.203714820734457,253.110318093969,0.00256161000029894,0.0800856056596982,67.816594252338,6.865397135228366,0.0861929242246646,4.3523485376221,0.0170270711415953
1591488000,9747.58011104617,244.384643483343,46.6199321926369,0.203145155441674,253.199386379215,0.00258323691209965,0.0786699603300919,66.4439129300883,6.82984522658156,0.0861970327534488,4.34540333791111,0.0181095550757446
1591574400,9769.34236148451,245.968303565167,46.3984398665147,0.2039151720028,254.629197026712,0.00256818938600634,0.0798627944402507,68.2218478044743,6.904610688493715,0.0863792914533887,4.45736165042878,0.0179421030180562
1591660800,9779.42216566335,244.326140970193,45.9607472818951,0.2016550298135,254.260041916176,0.00259954873891068,0.07843661961162,68.0986354884637,6.788911538026025,0.0834485634913514,4.44265290927466,0.0175547652075838
1591747200,9888.44417469316,247.704879544126,46.6744722454156,0.202721723496305,257.190198031702,0.00261411511253149,0.0788712666250884,69.579850023341,6.812830773847172,0.0836089799723784,4.42806142183467,0.0176085667681989
1591833600,9277.45116931619,230.904400935126,43.2664354711756,0.188369592850718,234.691870323987,0.00244400380345066,0.0711196271274363,63.7062791663674,6.259656548751092,0.0750078155987077,3.94543636850461,0.0157161616960078
1591920000,9456.16153331385,237.162442723554,44.6320629984908,0.192749331682747,240.353431790247,0.00250760160599904,0.0727096211631368,65.6101236706719,6.393216582133401,0.0792283638495849,4.07873943029456,0.016379117025094
1592006400,9461.33379865576,238.090407890123,45.0630243310784,0.192371493062874,240.821378356312,0.00251011231671035,0.0740295910970113,66.5473882653397,6.486871636826492,0.0786947281054498,4.10468058758152,0.0166811874715347
1592092800,9342.955635301,232.137277089421,44.0639820878103,0.19039033211028,237.683792766196,0.00246755594508251,0.0709254444433975,65.448658147127,6.319130290524324,0.0764864412312509,3.94920788674785,0.0161722337803819
1592179200,9441.38321127995,231.19783974284,43.8275975976059,0.192728981858232,236.262129804178,0.00251087820141947,0.0710194800153872,64.6454498144294,6.255790705171487,0.078554848106731,3.94104526145477,0.016128242314949
1592265600,9520.09194827586,235.136621215663,43.8337188946338,0.192192877686323,237.336192053923,0.00252715876233501,0.0710612697311144,65.8827533166539,6.253112934337734,0.0789427767516633,4.04870204266386,0.016129723795616
1592352000,9448.69356060783,233.687851022794,43.995309648802,0.193101861787494,240.065402371755,0.00249145095663579,0.0716981334244534,65.1678731597416,6.274324471234124,0.0832293666462192,4.16211248984405,0.0161715703695537
1592438400,9389.99076639392,231.331098889538,43.4551455676012,0.189994326901914,235.992120627158,0.00249009822933897,0.0705626794400332,64.9279608378511,6.209476175908536,0.0819040554792343,4.16382018116553,0.0160251132807688
1592524800,9285.99158293396,228.77822402104,42.8498887298557,0.186941617774729,233.08204228855,0.00244835398413764,0.0693817784476508,64.0509661179664,6.3321212856332005,0.0797886984305694,4.09020550487355,0.0158779727294558
1592611200,9357.29246446522,228.919830800701,43.5964164621861,0.187989800697873,232.716908112145,0.00248433107035084,0.0698458522121419,63.9513050572942,6.26479575699893,0.0794295569311611,4.1781050591858,0.0159681889468755
1592697600,9284.76937182934,227.579033606078,42.9386677611378,0.185750823215329,229.902212122106,0.00245320863125533,0.0684592329380797,64.3509350567329,6.197424054918671,0.0782958095806346,4.18092070552296,0.0157824201704137
1592784000,9684.62018474576,243.220758153127,44.3266627817518,0.189740769276142,241.2440588991,0.00248233626160252,0.071951714437424,66.0995470080393,6.380865505477409,0.083578498027098,4.47582592105835,0.0163941025457105
1592870400,9611.72599824664,242.92121899474,44.0885691887945,0.188736714710204,240.194302631434,0.00246183492034168,0.0709093408654679,66.7473424258398,6.3688195936217005,0.0827205378290302,4.80978816897772,0.0164809143603418
1592956800,9292.94354354179,234.823753360608,42.6191776730343,0.1835609726654,232.75810985683,0.00243909081208492,0.0689908612115653,64.7415080802202,6.2109433093996795,0.0825917832674323,4.70717129907615,0.0159352515653783
1593043200,9247.12143249561,232.421420689655,42.3413794971896,0.181552278391512,232.264092269386,0.00241408238126576,0.0675282481323731,64.3128767672416,6.150633430050415,0.0815023035544712,4.80343822400753,0.0158924057922851
1593129600,9159.43777206312,229.694167387493,43.1034480986939,0.182743246024843,230.407422929096,0.00232093515094496,0.0668191566370827,63.9807974473048,6.042436016047237,0.0805421041321233,4.68605479652249,0.0158291412892466
1593216000,9002.16561718293,220.699442022209,41.0716311458385,0.175304594326392,216.404251033779,0.00229770938486736,0.0624955639412922,62.0144195691587,5.590265915121972,0.0772610924029579,4.41472975570786,0.0154332115921685
1593302400,9108.06567457627,224.443460666277,41.3149507057045,0.176810986552957,222.208396799085,0.00229301808165855,0.0638454099040539,63.0264711193393,5.737182279089668,0.0801692053219059,4.54180127191769,0.0157303303108728
1593388800,9184.24736627703,228.02034137931,41.8899895671414,0.177375080191827,225.27590619066,0.00233886709032576,0.0650503550105929,64.1218817157853,5.826006469497891,0.0837473846770127,4.60923957296847,0.0162063093226323
1593475200,9143.96758530099,225.722754821742,41.2300748602659,0.175262094265829,222.41832290185,0.00231788088205376,0.0668934394866532,63.5715231895168,5.733679905251292,0.0832328343048556,4.56997683644353,0.016418317007726
1593561600,9241.33961239041,231.145918468732,41.8026585385416,0.176752426419596,223.93756059639,0.0023609381239208,0.0684580342650992,64.6641400763429,5.717425362501094,0.0958186930490063,4.7005219201765,0.0168647074336542
1593648000,9094.38728679135,226.701505376973,41.0255444871924,0.174998648008276,219.654621951821,0.00231999892632302,0.0676254845461203,65.3659431556739,5.641015647790155,0.0932145150678731,4.80269092238184,0.0165909894331813
1593734400,9066.69069661017,225.098854763296,41.1351222203132,0.176163128696078,220.672802870856,0.00232457549662002,0.0671374471300482,62.6843079946189,5.646547572076471,0.0962173004358264,4.74844903760375,0.0166180822807659
1593820800,9126.21955493863,228.866272063121,42.0415697688187,0.177983624162364,225.173781799962,0.00231991061335159,0.0676948515632382,64.0823476275802,5.692535993595444,0.0995283755235574,4.80095835185412,0.0167771933520758
1593907200,9079.61401808884,227.667268264173,41.6304199248737,0.176943446864255,222.4531602982,0.00232645607412523,0.0671517676128328,63.2193292636856,5.659000720727719,0.0983867460211979,4.74705573647425,0.0168057789405075
1593993600,9338.94259117475,241.179081239042,44.0331393405287,0.188497281010355,242.239382397605,0.00260817399203102,0.0718899404602418,64.8581138765962,6.117534530629129,0.104974686524321,5.36148802678071,0.0180347288502433
1594080000,9252.15873261251,239.013429573349,43.3350407971588,0.184915460603578,237.604939217838,0.00307677267141613,0.0734711293110046,64.5367661528252,6.21103736433592,0.117624828946546,5.72356168565866,0.017197406781923
1594166400,9434.56795645821,246.8441157218,45.2886717808441,0.204426869527195,243.312295171834,0.00471793463808817,0.0848696090221593,66.2383218688323,6.578252191253394,0.130191710774669,6.47448501942332,0.0179517231755637
1594252800,9231.50234751607,241.651818585622,44.2804664825915,0.202198683730756,237.74554263384,0.00435657310346719,0.0904281044400772,67.334851662938,6.641829825079133,0.123891060482772,6.09704810880544,0.0184872863143953
1594339200,9285.22101542957,241.033700116891,44.3081894875416,0.198913762978457,238.193125795523,0.00353849407747735,0.0889505508399715,67.4192738250807,6.384197889267428,0.118879682985271,6.14804688027858,0.018141514828139
1594425600,9237.17100818235,239.307040619521,44.6653968715149,0.201305768223664,236.663225113628,0.00382470707232425,0.0945325715730416,68.7647078416726,6.503413442167119,0.125548638740473,6.12302680466231,0.0183835000401328
1594512000,9289.09797691408,241.309591174752,44.6707493065286,0.200664687604678,236.936484218426,0.00364292526104395,0.0947794385955335,69.1325928813894,6.450553906884955,0.127043870906266,7.25337821305223,0.0181471372678187
1594598400,9236.62250116891,239.326373816482,43.8606669796862,0.198550966332488,231.6948218114,0.00313894820249177,0.0900314189101254,69.122377238295,6.29776547147343,0.123745397722588,7.13795232037601,0.017501711076654
1594684800,9260.3569868498,240.638817942724,43.9263081615017,0.19921628030204,230.557548634115,0.00329276050111516,0.0919913855737954,68.0843242618118,6.322602723862191,0.132580745573643,8.13300486613679,0.0176478101244038
1594771200,9196.72555897136,238.38143962595,43.2966428725893,0.197179202241447,227.405768724706,0.00308929890405734,0.0939393543887158,70.6535700186853,6.213872474495243,0.130257214559911,8.6433886698592,0.0175362488379904
1594857600,9132.59231209818,233.549674108708,42.0453290543967,0.193915569083197,224.104426365248,0.00297147652453294,0.101723196325887,67.513036445635,6.0292400741405245,0.126000218455975,8.3693239355472,0.0171469903331742
1594944000,9156.46870976037,232.845427235535,41.9082959117028,0.194519753484327,222.762415100038,0.00305226683488408,0.104429733417835,67.6478362843668,6.032422935565957,0.122812778263732,8.27348352443876,0.0171800561619642
1595030400,9175.90530859147,235.909914962011,42.4878710806984,0.199960374462977,224.566844336874,0.00349461216386879,0.101095996724123,68.3794006198081,6.056945256715061,0.122785798713508,7.97367534061014,0.0174298549795361
1595116800,9218.84231081239,239.358145821157,42.7118679171711,0.1997741415639,228.299412222646,0.00337455157048864,0.0999217400460077,68.967314867525,6.103085660782302,0.124229081749633,8.08139909247167,0.0175489894864346
1595203200,9167.19056750439,236.361256282876,42.0042607467551,0.194735154635079,222.839979449485,0.00325095580820292,0.0946176157439729,69.3074681932598,6.045619012946148,0.117976797531027,7.27430029225372,0.0171726727919859
1595289600,9388.57434979544,245.250595441262,43.7088965153489,0.199176380264924,229.848208329621,0.0033122736664885,0.0963467369886603,69.8203256280952,6.178585751419622,0.123054539266619,7.29754116859513,0.0176136342950517
1595376000,9531.2574301578,264.199169491525,45.0508883463496,0.204000213423678,239.500577724498,0.0032840975247085,0.0973898224802976,71.4443326704769,6.363080362244423,0.124205511088291,7.48581747281892,0.0179817772967711
1595462400,9609.16671537113,275.223812536528,44.9843896972433,0.208061704399438,238.432741185862,0.00332726804506428,0.0983248867830095,73.0765856466345,6.447089262040019,0.124161414426481,7.89502500821503,0.0179114442367136
1595548800,9548.1007270602,279.907534424313,44.2156046368686,0.204464085139079,235.561200084913,0.00320667745224465,0.095617203695768,71.741852923353,6.267057406332925,0.122063055987952,7.44035315919172,0.0179847112613848
1595635200,9702.45279047341,305.402152542373,49.1360805764768,0.214655441081255,250.614345726572,0.00327321119427016,0.100788901556604,73.5855017871525,6.693764473550121,0.144192571622328,7.67967199400859,0.0187590789509807
1595721600,9933.90655423729,311.039973524255,48.095119728475,0.215527753200957,247.732873346272,0.00322577924211216,0.0991311883563345,78.0522582977652,6.63796085867366,0.148588289126621,7.51485428942858,0.0184984907221545
1595808000,11046.5083295149,323.233886908241,53.6072351240462,0.224977854689589,269.595435164066,0.00316414996655188,0.0948288025702941,78.7560340245978,7.146125961253547,0.13905217053653,7.11153491685055,0.0187526019702032
1595894400,10944.6129789012,318.015537200468,56.0047413153589,0.231232657222846,290.915349746532,0.0032368676893556,0.0975686708841579,81.6057532446734,7.246710333816149,0.149206707952458,7.20702124711302,0.0191828077043294
1595980800,11115.7712819988,318.025945938048,55.3194964678727,0.243503720743233,288.270305679165,0.00319305240147994,0.0951358454386733,79.3607644790079,7.266877670739145,0.139527670962566,7.08786591693082,0.0192790996858127
1596067200,11135.3907261835,335.964082875511,57.1004172190907,0.245494308703902,293.17927923728,0.00323160218760681,0.0965668090016016,81.4786792848564,7.382004153826843,0.141061220995497,7.44229402363654,0.0192313981116642
1596153600,11338.1973407949,346.179992285213,58.1382756369397,0.259443030571508,300.800804246454,0.00323009998903651,0.0967623956778336,84.391033304177,7.3808019685158355,0.139476561243434,7.77810922475239,0.0196686230882088
1596240000,11797.5821265342,387.185885447107,61.6911162275468,0.291860523700988,320.010277756553,0.0037249416715533,0.107656602821513,89.6324701771598,7.851326457885793,0.145386910589914,8.3828111068962,0.0205167106939129
1596326400,11094.0206841321,372.180671654004,56.7955350814533,0.28764013586692,284.256784547386,0.00335977132651185,0.102766807923311,85.0975725454712,7.170280924418268,0.133971889900088,8.27306554765313,0.0190384383342432
1596412800,11236.0956805377,385.487812390415,58.4100110493516,0.309274055856935,296.07383675686,0.00341583711191103,0.104808151488445,89.0990538891301,7.13729476437391,0.13708727892442,9.09451378089399,0.0198326185038959
1596499200,11202.651909059,390.662864699006,57.6570717410968,0.300909678984722,288.741096263812,0.00353816810576796,0.110196093087644,87.2854136385237,7.136863105641319,0.143442685782797,9.82038965160635,0.0204047713154384
1596585600,11721.4384715956,400.601196084161,58.8685967724643,0.30283769462808,293.404091490891,0.00351840880152705,0.107591379519245,90.194657033502,7.226840669742427,0.142567760432415,9.55534744465369,0.0203106923481287
1596672000,11769.3091081239,393.995932495617,59.14058619512,0.303211896783222,309.256077306098,0.00357487084817447,0.106121125742616,95.6153840911593,7.107253690045361,0.143620204662461,10.0475978206996,0.0202440083001495
1596758400,11598.9690585038,380.330053886616,57.2650886269286,0.294899044502849,302.699750288229,0.00350811876287992,0.103014067624761,94.0523769363667,6.8859587274577825,0.139261884793131,10.0164451299442,0.0198996404299415
1596844800,11743.0086350088,392.360176504968,58.0143197629984,0.293878042991053,302.949562978946,0.00345840302914642,0.102726581160984,94.7699210670068,6.894828287025822,0.145931982810772,12.7669043701678,0.0203740754924921
1596931200,11680.5173661601,389.183157393337,56.9011491219458,0.287993175947396,299.17804962333,0.00341271160047471,0.104825621163105,92.9327252770213,6.869660323341478,0.144751325427512,13.8544059880068,0.0204111243521878
1597017600,11870.3695447107,395.407852425482,58.2935351599292,0.294527173310284,302.129007270634,0.00350320028774737,0.105766707994591,93.7211657733938,7.064838757843331,0.143556434439239,13.3866480710922,0.0215142585638136
1597104000,11392.6440884278,379.111338983051,54.1926038273913,0.283466321348944,282.216699588847,0.00335604256974609,0.100271807332036,87.158205956117,6.76122321556939,0.13712090606557,13.0413383948593,0.0201418499204557
1597190400,11575.5124736996,387.208174751607,54.5187438175747,0.282226910255024,285.133768508255,0.00344347090804779,0.101564302808136,89.7313434671103,6.754427650761019,0.136640395049391,16.4364054803914,0.0202125334186502
1597276800,11773.4481155465,424.799460081823,57.1313396388447,0.293937111967893,295.131173965273,0.00346315621598673,0.101481946819992,91.8899188269096,6.932309975977842,0.1395552943389,17.1659601630696,0.0223320751449367
1597363200,11774.4082518995,438.076865575687,56.7816384227004,0.300230484031717,293.848330480889,0.00360210946133799,0.104992708070533,91.4552551260295,6.889135734007063,0.138520352831714,16.9392745761855,0.0247941261969101
1597449600,11866.9103613092,432.609198421976,59.9068057282866,0.299619457794609,302.778611116066,0.00353832009028949,0.107218704365575,89.9810858616427,7.184067025715122,0.138221897080378,19.1126655955212,0.0251971458578719
1597536000,11899.6427535944,432.939172822911,63.8735709602419,0.302075890887788,307.643310856544,0.00352036585689325,0.114132791122651,91.0681898245612,7.225664676075895,0.138629891818347,18.8432261538484,0.0280653968451417
1597622400,12315.7624166569,432.841464172998,67.3540364128378,0.316684281774114,319.607444601772,0.00361489440996485,0.114550906244582,93.6278942955874,7.427189865836988,0.141115376588125,16.9450233657898,0.030649079087132
1597708800,11992.6959962595,423.346332086499,65.7325810600109,0.302978931279196,304.915218015261,0.00352669306901887,0.108283766000365,93.5833364330269,7.307663021483417,0.137064050407238,16.1615799990846,0.0288433997835032
1597795200,11736.8490645237,406.879427819988,61.8679551104659,0.290123698064323,292.074248425684,0.00345867854680123,0.102405495043139,91.3621438546556,6.790086087176559,0.129753740444403,16.3042965608226,0.026455835437984
1597881600,11867.5203439509,416.25978755114,62.8223142970817,0.292183422385839,294.184088339351,0.003465041836812,0.106807936252787,100.979088859279,6.963699321026308,0.134097394072639,16.101863459796,0.027479777034956
1597968000,11524.6989491525,387.2406050263,59.188884895619,0.279296745834408,283.216830558594,0.00337356714396478,0.0996185430287454,92.6401245780197,6.646942874792365,0.122731393008275,13.8719974543574,0.0242769877544988
1598054400,11682.2891503799,395.912521332554,60.3750063851079,0.285491524001145,287.344513769383,0.00344666265022515,0.10227237060329,94.7236634978446,6.784168731765278,0.125419296788431,15.9900843824521,0.025201223293999
1598140800,11665.6092735243,391.947607364115,60.7024922177789,0.28569920320543,285.029073970555,0.00344613609393787,0.102727920229822,91.2743372343117,6.783613060386003,0.121764767662649,15.1408307017116,0.0243830034927885
1598227200,11771.4080537405,408.792199473992,62.2885224917816,0.289206087085209,291.603890641498,0.00339724251779166,0.103269547491157,93.9802586773017,6.8717202107069415,0.123936279482124,15.1815996361819,0.0250779171053426
1598313600,11358.4543202805,383.604969725307,58.5095612222154,0.277618632814443,276.469101852079,0.00330410864073058,0.0977321281765544,88.6914819489641,6.495902444577215,0.112804775034228,14.2409468830314,0.0231783934229484
1598400000,11472.0491204559,386.34381735827,58.2660730846721,0.276877101062654,275.165572106654,0.00328796906599076,0.0982335691931453,89.0437509878301,6.475424523000905,0.114664505525218,15.2517608161786,0.0237454262212284
1598486400,11314.6737410286,382.349150496785,55.965092388258,0.263968018257577,264.347623470412,0.00321966985156197,0.0936985379243655,89.4659973135783,6.5241776657432435,0.106829250478904,14.5347646796832,0.0230241534647101
1598572800,11527.8830322326,395.03972980713,57.2269341663597,0.271688076227104,268.459367081408,0.00328498851337029,0.0955555608793665,94.4311016621683,6.537764958350629,0.109332401924263,15.1599993617622,0.0239614095094379
1598659200,11490.7623477499,400.368165575687,57.1547426979006,0.274552845990415,268.57509331555,0.00328336277721502,0.0966575255578851,92.7441382855347,6.53417614511692,0.116882191030215,16.641329032097,0.025043328300768
1598745600,11698.9758329632,428.196437931035,62.6398736281195,0.282604888582584,278.424911123101,0.00332408518210771,0.0980818505587139,96.2161441247136,6.665553345249615,0.117142350702676,16.5128166725284,0.0269602731868923
1598832000,11678.3482268849,436.09076943308,61.1134363698195,0.282265516446168,274.592260050469,0.00322165363901993,0.0972175395652769,93.4654594522953,6.635686272122001,0.122478996467715,15.799207463136,0.0293432253434676
1598918400,11970.364856166,480.749175862069,63.0699094721517,0.296651573143944,292.70175845416,0.00331058595745631,0.0993508389855587,97.2625668459585,6.768207139644076,0.125147962587675,16.1224423641168,0.034996457428424
1599004800,11414.5209336645,441.214134132087,58.1898640758487,0.276552625298522,264.257299541474,0.00312569410568746,0.0926665695448667,91.2844206562163,6.353515442057258,0.115444689116696,14.8359166656171,0.0348811773765361
1599091200,10261.4944095266,383.542584979544,48.492404014558,0.247867718246961,220.23288706087,0.00281139958228289,0.0792083344953065,78.6846003732203,5.68854092680745,0.0963633948664982,11.9192053231814,0.041176452151695
1599177600,10471.9664133255,386.66907597896,50.5117314239439,0.254618998621087,230.386558556153,0.00288885033690444,0.081015821529905,82.1862605952685,5.295001673153448,0.102168811554748,12.4474812862079,0.0356706873171488
1599264000,10128.64358609,331.420088544711,47.3894101580998,0.235804398408412,223.866471190329,0.00277354339076533,0.0750563695474065,77.114591591415,5.006769473459547,0.0895244549944627,10.5619665862652,0.0296231999617319
1599350400,10253.2998980129,353.227129573349,47.8990122619698,0.240107458697824,227.592625151891,0.00280294312433598,0.0774342884573453,80.0558137968388,5.157264229070123,0.0926309065668157,12.7840790738063,0.0315354351920698
1599436800,10367.8783543542,352.806469023963,48.7816990993958,0.241989866267609,228.295205732297,0.00286814422734049,0.0783307154078855,82.4534267046067,5.099890945716995,0.0932050390849034,12.4198959172644,0.0322535285631739
1599523200,10108.6354501461,336.716558094682,47.2938047039029,0.236002315335344,222.106757316468,0.00278397648308148,0.0773147627334211,83.9477120189273,5.188879983249802,0.0910139350201556,11.7232823893673,0.034881194978149
1599609600,10223.1114091175,352.053948568089,47.861540654889,0.238996307444095,224.119661944775,0.00280244315225183,0.0781902358733499,84.4022824069358,5.347496748911047,0.0932267794023346,12.3693444563649,0.0339282806172872
1599696000,10334.6307302162,367.380867621274,48.6005673637297,0.242933181993039,227.018656424094,0.00284641879946489,0.080922599364281,85.4051475533751,5.32773935421254,0.0970518066480688,12.5136736596452,0.0330135231579953
1599782400,10387.0207419638,373.966615780245,49.0333105635878,0.243016478342804,225.27498664838,0.00277930813740888,0.0836205370783561,84.0544176469943,5.479846621932707,0.0971020632557134,12.47755159096,0.0334618262972201
1599868800,10436.9778322618,386.216055055523,50.7847559363729,0.247502706027102,229.409842110073,0.00278373886598666,0.0837280538086028,86.6150648188336,5.4981901297460025,0.0975329849055847,12.7020366321017,0.0327204094617107
1599955200,10322.5236148451,365.641607831677,48.0483251575883,0.241859369486712,221.845179712396,0.00275108780118319,0.0798928743335692,85.8882945288181,5.3165380691411865,0.095044335282532,12.0202520064177,0.030553448837882
1600041600,10662.719912332,375.801003682057,48.9136823629977,0.245559569598001,225.297619046772,0.00281817397443559,0.0801144445179734,91.4838149258138,5.474233510014303,0.0965589098574537,12.0840869749611,0.0303592443883834
1600128000,10779.3810249562,363.936595733489,48.2890097068016,0.242912685336815,234.760543609241,0.00284349990461754,0.0777923202905007,90.8669844640663,5.527118318780774,0.0932094949273663,10.9169537092743,0.0278951331262099
1600214400,10968.3205465809,365.322076212741,47.8747962034044,0.247353362626785,231.522661903737,0.00280924266988108,0.0799977420749876,88.2807982332381,5.448403061084933,0.0913963596630311,10.738845960011,0.026470599446088
1600300800,10936.2927505552,389.446111046172,48.9077461380117,0.252412476116091,233.93677347558,0.00280262024008007,0.080557385833681,92.7028471345576,5.699725236367921,0.09405058782294,10.9562821906527,0.0280381614078608
1600387200,10920.1128439509,382.261676271186,48.2944471523578,0.249648014057202,233.103180646618,0.00279110978734293,0.0778389131727361,92.1790232981289,5.577281543459241,0.0904319793546497,10.0062609024028,0.0289121237424448
1600473600,11073.7795478083,385.246569666861,48.5216308673189,0.251291563609025,233.291813815132,0.00279844311500824,0.0785372791662581,94.3978890358653,5.8510808034017705,0.0914330226942456,10.1173294969695,0.0276927781185272
1600560000,10921.2180998247,371.207025715956,47.0746078701065,0.246131730768916,226.010405436393,0.00277552130404393,0.0769323862344437,92.5973617460561,5.42924538918874,0.0894187256632052,9.7412528395642,0.0269253393022939
1600646400,10455.3799623027,342.456390473407,43.3312086187525,0.231903479940032,213.161145944683,0.00264216800993587,0.0703446428102411,89.6292787761607,5.416056575039941,0.0804098183462402,8.76624506721496,0.0250080520918041
1600732800,10519.8391641146,343.503662536528,44.3801830205714,0.232655950941139,218.133612481343,0.00265015714442087,0.0714168518638495,92.6678355425164,5.220714022753795,0.081470889389526,8.71401892237586,0.0249348433727108
1600819200,10233.2995687317,320.588590882525,42.9696289236166,0.221366289610039,207.451818168353,0.00252438945070233,0.0673425372434468,87.1235045679383,5.28754381538627,0.0766220726512106,7.73521307289878,0.0248042435109233
1600905600,10739.0427094097,349.144016014027,44.9249170343906,0.232936956284297,216.225607072108,0.00261379942575758,0.0702281095200425,91.7853406521797,5.418838637012486,0.0827282742298512,9.8149168099632,0.0261160405473904
1600992000,10683.6305806546,351.713962361192,45.9705651523007,0.241718486111936,216.38100116883,0.00272814713116153,0.074331914161622,92.777232012679,5.179249397536519,0.0963296233076844,10.725438609222,0.0270917412429911
1601078400,10742.0304202221,354.601045762712,46.0925979170909,0.241688051829262,221.703678502961,0.00271455377907023,0.0739010812793395,94.6308490029627,5.44938571620036,0.0956710998210138,10.3243162193705,0.0271924312053573
1601164800,10758.8242899474,356.121992752776,45.928199888909,0.24218851581915,228.072674109724,0.00271483305195069,0.0732081149874672,97.195009626772,5.451641079358806,0.101103419056169,10.7558369211216,0.0265064853439325
1601251200,10727.3750541204,355.45993395675,45.3229358045639,0.242093948995812,226.063454884753,0.00263662912685028,0.073549691607383,95.5334643598628,5.574194936523103,0.10058665492838,10.3389107283497,0.0263433988499952
1601337600,10841.1427444769,359.701439801286,45.6689764879882,0.242999479346641,228.970060670085,0.00266880320341766,0.0740441276176939,100.6837569589,5.575260539994406,0.101321306162294,10.0734628636892,0.0263175633620849
1601424000,10772.351766803,359.976752483928,46.2761559767649,0.241598620336591,227.708521732642,0.00263743331338929,0.0746805227896672,108.474832311766,5.4962651133377625,0.101108024639493,9.86095463645622,0.0261909566539716
1601510400,10606.6173325541,352.360856049094,46.1684856847052,0.237979070011914,226.074143720849,0.00261833908003447,0.0729345752772981,102.609821028724,5.377305527221881,0.0977318818238084,9.61843849803392,0.0256255600672231
1601596800,10570.1056777908,345.801279485681,44.9069022694422,0.233917184489441,219.716540964144,0.00259126098096763,0.0709868618965103,101.882436034921,5.386739990799334,0.0928822277483245,9.20905187031437,0.0259947447984837
1601683200,10555.7054339567,346.652968907072,45.6316774532161,0.233089003996314,218.888849125663,0.00259796431089295,0.0711827553972303,103.815432852274,5.173587295524618,0.0935161581609172,9.29214450308289,0.0273371289062926
1601769600,10665.618622443,352.339400233781,46.7034191388253,0.248064778312089,221.000403901898,0.00263439773254642,0.0730666088340578,105.701334681458,5.5744775956572,0.0971796278057845,9.41281794254894,0.0264287411918416
1601856000,10772.6355995909,353.191780187025,46.3096069414673,0.249934160128177,221.345725267094,0.00261965019231039,0.0732186659368178,113.091641566654,5.367750578038517,0.097278520535196,9.60357310524022,0.026429994256256
1601942400,10596.3735493863,340.10351987142,45.9005394490914,0.245288649844531,219.454185170606,0.00259108478972943,0.0722492972426567,106.495856769164,5.334819115921955,0.0926321356550582,8.76335790630419,0.0255472480819159
1602028800,10667.1943941555,341.159963997662,46.576155177942,0.248277226775955,222.960253908815,0.00259199160916192,0.0722535690373527,110.165955689903,5.32442159478498,0.093646259423137,8.91772758337429,0.0254841471062117
1602115200,10902.5293637054,350.527496376388,47.1616400589237,0.251330359003538,233.327330404176,0.00261046964329601,0.0730351077258468,111.023450751108,5.242142128639245,0.0959823679192909,9.53288993224121,0.0256929977173533
1602201600,11074.1036797779,366.247890999416,47.8476327638227,0.253308246915262,237.485547351676,0.00266835832213323,0.075200303005719,116.130729218054,5.400429701621711,0.101994474302138,10.4275726608652,0.02634582506463
1602288000,11302.8542864407,371.282805143191,48.8146812164809,0.254276354536045,237.189403707276,0.00266353686915742,0.0774681550344865,116.070367355504,5.4561040291173555,0.105127899963103,10.5295858130089,0.0264857209846312
1602374400,11378.2625284629,374.145406195207,50.6329964082373,0.255286994831029,239.310812214163,0.00267731947058872,0.0773052833426446,125.694014035778,5.567699528518893,0.106395442914427,10.8440529197565,0.0265577648445856
1602460800,11548.401556692,387.670968731736,50.6753337325232,0.25576625537588,239.95480252356,0.00268296761860408,0.0776068273290567,129.865210613168,5.555606266158917,0.109643652233888,11.4594904255822,0.0271442222947513
1602547200,11434.9687849211,381.544274576271,49.9234847803503,0.256306048785102,253.67708322614,0.00265632538064782,0.0764021588116734,128.128148297635,5.4571982077028425,0.10930506011822,11.0149330440171,0.0268221127170857
1602633600,11417.10811391,378.828993045003,49.7812145779415,0.249249739145004,258.052422828185,0.00265785139568098,0.0740252613960655,128.634291187652,5.428882478924286,0.107457059391796,10.9221108112494,0.0267418337947002
1602720000,11502.5812390415,377.502910286382,49.5101829076955,0.245759295459672,261.578578259738,0.002598641069375,0.0739629682063715,130.497023735282,5.3843540127319995,0.106559920060272,10.7402079876119,0.026514498107142
1602806400,11338.9871765634,366.299949853887,47.6515792076657,0.240318289417357,250.280902862048,0.00260916363712984,0.078770367252442,120.971823999213,5.221108423621688,0.104214116031778,10.6346366789832,0.0257621369069985
1602892800,11362.8022174167,368.318269374635,46.8872192581016,0.240754977824019,244.58370073883,0.00258161511609601,0.0815804080493037,120.156353373816,5.401595475114519,0.106023600582243,10.6332888958107,0.0257428060948647
1602979200,11489.6225650497,377.921652425482,47.5153526788585,0.242033324020067,249.076761979625,0.00258779264838894,0.0794123843780397,124.520919933791,5.348391526968698,0.107467768282048,10.9214136186164,0.0259104300147843
1603065600,11745.8119675628,379.463028462887,48.0262895235951,0.24615550945784,249.672043724745,0.00261790730636388,0.0853107991995529,126.180908763146,5.342040079179312,0.108920218764515,10.9092454361919,0.0258809854492598
1603152000,11929.4572507306,368.843862653419,46.9395874564666,0.243758523379589,241.214432150062,0.00258632608478249,0.0810336344485581,118.244972438947,5.237148155892286,0.102199232365784,9.92088870279975,0.0269032411136927
1603238400,12848.4906177674,392.473164231444,53.2200772745302,0.251606907642073,258.874411605158,0.00263071117141436,0.0837212647481449,121.760328474882,5.386019456030941,0.10594301833321,10.8461504546819,0.0268178961912663
1603324800,12997.4993417884,414.43640578609,54.4172173245814,0.257232141743268,268.587371924527,0.00265770196394181,0.0853552502998307,127.429722460677,5.757894680422816,0.110778822613498,11.954290584883,0.0274966570508869
1603411200,12953.4296969608,409.339998597312,55.4894041553056,0.254985306075306,270.594742669593,0.00265764885687269,0.0838527269101153,127.179171321817,5.558909478103947,0.108091450894586,12.1757532902075,0.0268250409946902
1603497600,13113.8669231444,412.26885710111,59.0647855958797,0.256126162668409,275.153175616302,0.00265101928204551,0.08544624306239,129.255494488076,5.588245365906767,0.108146253957809,12.7340030293871,0.0271693828363971
1603584000,13041.6410374635,406.742800642899,58.8357168781221,0.253173159267516,271.460959756793,0.0026658063285663,0.0830305753368402,131.081950375281,5.629105994711562,0.106487036796005,12.1626498453829,0.0270452579694552
1603670400,13080.6561698422,394.010756575102,57.0549680108415,0.248823142434135,259.861404576028,0.00267436695532241,0.0813560211066534,132.528473171659,5.521582271324686,0.103398769286742,11.7777714899269,0.0269173916969828
1603756800,13675.5239275278,404.045446814728,58.000790469935,0.252523656833908,264.829585956054,0.00267384127572168,0.0818660910072279,133.647402237043,5.471300704500458,0.102813991076629,11.9816865347152,0.0270293633285823
1603843200,13290.3288497954,388.90336364699,55.835662184756,0.246280457341017,268.785792969322,0.00258960536424689,0.078455255920886,126.508041218958,5.3402368603719745,0.0991730081820818,11.4657481380171,0.0269880550482544
1603929600,13475.2173007013,386.788421098773,54.9339698243609,0.242673725249558,267.467558257993,0.00258653303241332,0.0774942630902227,124.195097186892,5.4088484245573305,0.0955277528894477,11.2999698239223,0.0266744317723604
1604016000,13603.2960908825,383.596369959088,54.1014907904846,0.23943901668944,262.329918733302,0.00260493368858895,0.076962874945094,123.434707892652,5.285865858926402,0.0935474525826938,11.126441816583,0.0257648481030958
1604102400,13807.2336110462,386.585236119229,55.8267433823726,0.239914016436995,262.335282011194,0.0025576132599634,0.0777036397764259,126.282712597934,5.276042271499424,0.0929478039551219,11.2323645209009,0.0271974424991074
1604188800,13736.89941128,395.57778264173,55.5392803285107,0.239895595726171,267.885573009461,0.00255646073372241,0.078621786143327,126.815856743089,5.2262786956357035,0.098006309922874,11.5554470702729,0.0269859656897361
1604275200,13595.5647603741,383.848317066043,53.9452972576285,0.235470063828782,257.94694756732,0.0025161676837542547,0.0756445477488763,119.172550431582,4.996967196964732,0.0926518891134933,10.8256187147901,0.0249856437696221
1604361600,13996.915398597312,388.54819970777316,53.91955338986308,0.239765734757994,244.39236372409584,0.002524602933661854,0.07535238812523955,121.182022720212,4.890107909093641,0.0936431071269749,10.435876743836179,0.0249816019822916
1604448000,14129.148195499705,401.79561385154875,54.73757038280915,0.237752942670504,240.5778840317277,0.0025593010605972537,0.07462528035030938,115.725341738642,4.882297775878215,0.0955775739441121,10.463831354436659,0.025255268608239647
1604534400,15606.46683372297,416.99735464640565,59.16425179020286,0.24586891544995,250.4299901159392,0.0026624426277974613,0.08046138488523544,119.90714921267,5.102588301161291,0.0977548680470763,11.04981018343674,0.02547333187746848
1604620800,15618.972471361778,456.4478808883693,63.16746587199158,0.259187999314349,258.53673875480155,0.002757280441800283,0.08418215025620483,119.709927333277,5.379774668172864,0.109470881403261,12.217843307595246,0.0266616255496516
1604707200,14866.356304500296,436.77211285797785,59.109454613528555,0.249636612909219,254.19530894057334,0.0026759042537022578,0.07986193775454542,111.316122560664,5.095626842423264,0.101759431948337,11.853072721767205,0.026730560189193835
1604793600,15500.000707188785,455.37572986557575,61.11903402473589,0.254063584921063,272.03652628164116,0.0027124688079202095,0.0817113473406726,120.462945254425,5.21770541603227,0.106728201550993,12.760154407948885,0.025890695435054532
1604880000,15319.819972530682,444.5479997077731,59.161004580342144,0.25069846653473,263.9917029397778,0.002679271540850208,0.07975468457090482,115.933516078799,5.059903563778437,0.105460987812864,12.529625961557283,0.02510332280351943
1604966400,15319.275676212741,451.5016406195208,58.046561037318206,0.254735065288076,257.6408587921941,0.0027852507007204794,0.07984305109102605,115.768620945603,5.1477300720874455,0.106014544377694,13.063753811920606,0.025795705728353803
1605052800,15731.241105786092,464.2159424897722,59.42831866868247,0.256011364598481,257.0299333968583,0.002764993718280256,0.08058220533745256,113.4939022084,5.1429800345429015,0.106187879332297,12.86268135661936,0.025910028073993976
1605139200,16289.814897720635,462.86649982466395,60.045202378335716,0.254890013577315,259.6759787172851,0.002801062448115835,0.08066809536455369,112.089146517747,5.047371301206983,0.104542453422633,12.4120276490349,0.02596576964501688
1605225600,16330.06276797195,476.57134097019286,65.67979464002094,0.26475316084497,259.9235220095153,0.0028425665610364217,0.08249998209992507,114.064509219627,5.149578075883209,0.106433770961598,12.907858452375256,0.02704850600389178
1605312000,16102.010016949156,462.5514587960258,63.83789283750168,0.268723757565759,255.50954801187686,0.0027825775573752753,0.08123194851791425,116.970560738984,5.069059049516763,0.104398302959542,12.588837368723045,0.026312531688731055
1605398400,15986.7549905903,449.3456436002338,62.40834430292596,0.26986358581102,244.9753763316476,0.0027775948731580545,0.08026473885552123,114.782007650296,5.047528528897361,0.100759760098967,12.142453723027922,0.026705631650345188
1605484800,16743.05393980129,462.2547316189363,73.7746091144416,0.28793165332226,250.005506687475,0.002918936759720873,0.08243607255465003,118.564221813875,5.4095008141335175,0.104132884292083,12.608231802741628,0.026228886037218905
1605571200,17682.16918702513,482.69500502630035,76.42241388856321,0.302615871745412,255.80082343635164,0.002926578832940255,0.08645408602706063,125.585646876774,5.853095073029612,0.109746918514585,13.23909576321178,0.027074894952588986
1605657600,17804.690023962594,479.4918066627703,73.74416978167406,0.294218373153843,246.3722871113804,0.0029193476127112035,0.08376949381879611,123.85485755666,6.269309705271466,0.106676637419212,13.527490496708635,0.02756954929641418
1605744000,17818.668662185857,471.1500233781415,81.41549879490663,0.302293217493228,246.05590915405543,0.002927775663445717,0.08397919237226106,118.516340115675,6.090876473369568,0.10568633266078,13.582963424649856,0.02592846848721936
1605830400,18663.78185312683,509.56297720631215,82.69966697070373,0.328295634494553,259.42121758885924,0.0030113973281822616,0.08768238158507992,120.589882505585,6.120533340968084,0.11753561233866,14.097956268220402,0.026263751614933262
1605916800,18706.58933541788,547.3534804208066,86.46711130331438,0.462073196787953,303.6906271965372,0.00352121712951753,0.10908235785306414,128.343562580238,6.610128629957365,0.132739796586761,15.35263291526442,0.030408683244913692
1606003200,18482.692631735823,565.1310609000584,83.55139806452664,0.44758843157294,290.27258081624035,0.003379456213781295,0.10445608813607807,124.117962316738,6.219373365015275,0.146078242123711,14.574657277115458,0.029020077931708792
1606089600,18373.257759789598,607.2141186440678,88.38376700771926,0.609156830587344,321.89661397002317,0.0035552412187284522,0.13041753598650865,129.422334143475,6.521651462087435,0.15274085910671,15.243521317185856,0.0314163530553483
1606176000,19150.251048509646,604.573530742256,89.26856935849035,0.699835627604919,348.1469823068895,0.004119698350159073,0.19345178026305648,135.24813402592,7.301872026102726,0.166440438852474,15.593911922387033,0.03511160899800915
1606262400,18748.393713033314,568.2473562828757,81.74369374939633,0.633315471498274,312.96261260051097,0.0036871158770478718,0.1951884211088533,128.717938809479,7.0078578378555605,0.155166618177863,14.220381882863087,0.03290529965441094
1606348800,17113.716871420223,518.3973562244302,70.6030574532541,0.530406195547097,270.1254569171499,0.0032652192224684098,0.16619283115562397,119.20853023023,6.103346383493344,0.137343424526988,12.605979123921747,0.029271349362477776
1606435200,17101.603018059614,517.041817182934,69.06570246143049,0.556724922247017,264.94700039240405,0.0032803648234691635,0.202056209187028,117.002784975357,6.249715920929307,0.140013353704237,12.517897312215412,0.029307366131428706
1606521600,17745.377312448858,540.829210052601,72.93393170108533,0.628771028603061,277.6377852565459,0.0034068307833770173,0.19930120946298246,122.045755546781,6.401873346835489,0.1658789382648,13.140684157032556,0.03047171606875733
1606608000,18190.866880420806,574.8735552308593,79.18870821171204,0.606165021853896,285.51692257835464,0.003427769176963035,0.19436927545047702,123.882151183158,6.509404994981105,0.166188062997171,13.305494418219883,0.030681407946745988
1606694400,19664.407606662764,613.469492402104,87.93967441643287,0.667397353869868,318.11860091453644,0.0035693349013689764,0.20257144571905072,130.002082801964,6.785620349885238,0.171951158415698,14.272947604323846,0.032390735643583295
1606780800,18820.60778959673,588.2515552308593,85.29460974799822,0.612945110502018,287.706628672202,0.0033201534209897944,0.1843091729634286,125.99752422902,6.229302673922187,0.155857978390921,13.381799837687685,0.030262677241504103
1606867200,19214.872229047338,598.9264098188193,89.0663039705931,0.631992465615186,294.4148046779977,0.0033793191292255014,0.1857316853253585,128.099376144379,6.383081558322441,0.158876146348411,14.029267914513216,0.031217193782488207
1606953600,19470.31120806546,617.5542700175337,89.07617619715501,0.631054152053899,292.20806338727886,0.0034333328877874467,0.18464094253500185,132.977421828423,6.587967143000218,0.164382045418422,13.98064585768075,0.03164625627450688
1607040000,18732.967090999413,572.1771762711863,80.29887167866515,0.557855137415719,281.5563692392927,0.0033061729852898168,0.16321591634635538,127.241015501185,6.022338345519882,0.149386620864148,12.782591589368208,0.029571015684058254
1607126400,19114.633130917588,594.9156954997078,82.68507957626096,0.581769740981202,286.0355294947325,0.0033948510098740677,0.1708970948955562,133.074432633661,6.18589805088467,0.159151592520305,13.153478215342329,0.030538073109519046
1607212800,19356.313676797196,602.2467767387493,83.62286621513607,0.620996249820959,286.55970346452307,0.0033889127882124085,0.17565463180083998,134.235297237241,6.169813086328701,0.159077768601865,13.471354231574463,0.030913338442439105
1607299200,19182.176832846293,591.8200952659263,83.5511163735715,0.608369453861239,284.25260444226046,0.0033526005979882733,0.1682540491166183,139.010985634137,6.148313387447577,0.154163335951888,13.0924193137318,0.03029454977765521
1607385600,18340.97813769725,554.318545295149,76.81900017706896,0.55953763776896,267.0110638805082,0.0031714396089897877,0.15253791605501965,135.630607394939,5.773861247217022,0.140702959515874,12.148915183352756,0.02782343383703574
1607472000,18574.69673524255,574.2140723553478,77.62444148466884,0.584254726330562,269.27969939168304,0.0031704992711188533,0.1723488510863969,133.061361034509,6.085203740321198,0.148538649194515,12.679461569588877,0.02875082803026372
1607558400,18294.84695149036,560.4503168907073,74.99995798664384,0.57605122664426,266.2669662727192,0.0031106486621390473,0.16186289496971623,134.109889856274,5.916724109968693,0.1423811831373,11.956718294768413,0.028151191907764786
1607644800,18061.760025716,545.483657510228,72.1438550927616,0.552201108830463,259.400950195721,0.00308433803834209,0.152766995226384,141.381393744709,5.8221572198158,0.139674555668263,11.6729080910869,0.0278299776272495
1607731200,18813.2837685564,568.545423261251,76.7346479637153,0.507661132067203,267.92717147162,0.00316432329900436,0.159172256892549,146.934529040927,5.97121494662685,0.144760625934601,12.2176223592011,0.0285743760683044
1607817600,19156.0825055523,590.522730625365,82.1279737655051,0.510717575285302,275.347785699974,0.00327329610194906,0.175178836859891,151.353677643678,6.1081636680621,0.153880543448544,12.9244274529964,0.0291828926905003
1607904000,19286.7512992402,586.470181297487,82.3159189933051,0.499248847205639,276.700213181255,0.00323495407485283,0.1702189704003,152.576102645948,6.02654055792248,0.158032450834267,12.8530647572619,0.0291062092299252
1607990400,19432.5884640561,589.000816832262,81.3846248811249,0.468827628931832,288.344367447847,0.00321170401344388,0.166142371374106,151.069405563611,6.0592811538814,0.15419169107872,12.7022990271882,0.0292025780489167
1608076800,21370.7203186441,636.205011104617,92.5083834891423,0.556050231843244,310.69616706062,0.00344252166489762,0.187758874759051,158.090670131638,6.42739790159127,0.167108323442243,13.4462802379485,0.0311051630846453
1608163200,22789.2674160725,642.788150204559,101.613286602413,0.576959096952569,310.568664051261,0.00374661015153532,0.186315320422256,160.067479797475,6.47378739391587,0.163271691778631,13.4774964026296,0.0306959744918939
1608249600,23048.7645610754,652.01013056692,108.614534107978,0.581338726137192,312.037432384174,0.00383056919306429,0.184688437102831,154.540317391361,6.37923745049523,0.16475577962448,13.4629096456408,0.0311372410408484
1608336000,23856.7735192285,659.714045002922,120.392590580068,0.5799438197786,318.448348380615,0.00393453661533219,0.181426932909928,155.21283468147,6.42357349259471,0.164841818223426,13.489675372196,0.03130194896338
1608422400,23528.5506135593,638.561923436587,114.852640874304,0.557802730608646,347.608046680077,0.00465521821764073,0.176157112118721,152.218329462056,6.48429415960846,0.161983938416363,13.0779560213734,0.0311919124653028
1608508800,22937.4183435418,612.546497369959,105.509188477551,0.519617490076211,316.015757116918,0.00484080674090134,0.167169283215873,146.781293312277,6.1615060430993,0.153878273306753,12.4118121012268,0.0294768693073679
1608595200,23756.8887685564,634.17585622443,113.500041132388,0.447356794051987,321.115383483441,0.00450373816779059,0.160765406797384,155.972375099605,6.12681348484601,0.156435704777549,12.7907120833782,0.0288471145693369
1608681600,23307.2709018118,588.508848042081,103.425946806611,0.265613370336529,277.204945604964,0.00384714033439718,0.129778280415574,152.202400810278,5.16016543974126,0.138943793277076,11.0480953448183,0.0249913273237281
1608768000,23707.6330440678,611.893571595558,111.018543348113,0.349508364119673,296.448108170159,0.00455875047396143,0.160094277994466,156.234567839236,5.59102766959398,0.152884682851055,11.5713417345136,0.0275827847244535
1608854400,24669.1643220339,625.840292518995,127.184445914547,0.312800013534138,319.055509743026,0.00457741806106609,0.151674345615831,159.355351217992,5.78041096855857,0.157146252040821,11.5756258690275,0.028389049716686
1608940800,26478.0681052016,635.806854120397,129.620887909683,0.294531273677594,323.217594936118,0.00453314281749869,0.14646724030069,167.434047586269,5.82755318698158,0.15821695367215,10.9625613163414,0.0277242919196853
1609027200,26430.8565971946,688.480685447107,128.627460518287,0.28559634070429,341.551468734866,0.00459606339965107,0.145935044335816,158.249062344736,5.83717758414937,0.155565432943224,12.3037152730669,0.0289830187811394
1609113600,27039.3490199883,730.518296902396,130.253566972128,0.244045268182497,361.861505679106,0.00454277368288889,0.14318944784133,166.212034373164,5.89477801973276,0.176072800033461,12.6067083095135,0.0293991747457028
1609200000,27231.2034552893,731.936295733489,128.313966447425,0.218215353291577,350.986137045319,0.004500283270221,0.137715658061966,161.681423572042,5.69454574956071,0.18993951282615,11.6873332707237,0.0274613410160281
1609286400,28844.6136781999,751.208063705435,128.674721884027,0.211462585605599,357.380456310868,0.00467102836476011,0.131013113539221,159.761858023849,5.66485184311054,0.183567595548078,11.2800464514141,0.0268935737272095
1609372800,29022.6714126242,739.025849853887,124.822577039248,0.221018257652563,343.468572246843,0.00473462890847553,0.12817079829215,156.733936712342,5.6697846530796,0.181690694927974,11.2409561710827,0.0268544780385869
1609459200,29380.6937327878,730.91432063121,126.167019193361,0.23677925583855,341.435139002539,0.00556486823067082,0.13239159548302,136.458900632021,5.71104349168985,0.175673967082855,11.8683914967615,0.0269344250841107
1609545600,32022.6810578609,775.296622443016,137.286798942509,0.220862176053745,353.841677257773,0.0105300836143273,0.127801587949406,143.784193262284,5.77786916586673,0.177836469166212,12.1386530622964,0.0272252683600317
1609632000,33277.8353050848,990.365324956166,160.973967127804,0.226994224492359,424.067349070004,0.0100145613082379,0.13627556061679,139.228228241333,6.61398374009392,0.206878956034121,13.8040140496833,0.0298164641397662
1609718400,31802.1467136178,1030.31844886032,154.307963318761,0.235905703059885,402.638765295138,0.00971064388656196,0.163933414980166,133.04934244931,6.97541265460068,0.220537779824022,13.5160112749304,0.0309260551379522
1609804800,34013.1741724138,1101.55981414378,159.085910447875,0.226000843340947,419.018296416785,0.00985622063727529,0.194206708552934,137.157368619031,7.17819018981964,0.25876010082125,14.5892337279751,0.0286440445480246
1609891200,36643.2777223846,1199.35239976622,168.402759613178,0.250861982383003,453.555229331706,0.0104082549321962,0.339770451156826,141.970236733784,7.61976247197786,0.331324260498183,17.0947289648172,0.0307405557590479
1609977600,39215.6511490356,1220.21421332554,168.94635805727,0.31942850962708,447.299328092646,0.00963909072245372,0.311837194813647,142.397611179537,7.21813563352889,0.29786788060804,15.8894371868902,0.0308145566694455
1610064000,40775.4045634132,1219.88072121566,173.11836098248,0.319088306868992,437.679781682109,0.00999190054473646,0.298743857816891,142.349246102667,6.9523467370512,0.303979027663877,15.2918662749,0.0304599005672506
1610150400,40370.6823495032,1286.97022314436,177.386824372625,0.328038338810369,569.738085924812,0.0103077173907635,0.313389639349355,147.689042033558,7.86701540396435,0.334128045436111,17.7524981232955,0.0341779437101664
1610236800,38329.3401665693,1265.43626750438,170.884365937618,0.315420612011671,601.460037325324,0.00982120443369849,0.286704833231926,185.346237613884,11.1663135783018,0.304296481402207,16.2349204891799,0.0328773644781608
1610323200,35269.5137177089,1082.905685564,138.616116668635,0.287482946119274,476.88680533138,0.00867210708411547,0.263483859859386,160.344150906103,8.93118438130554,0.273233410885173,14.4643567472721,0.0287846049495308
1610409600,33712.4685452952,1038.8394176505,132.074768947139,0.29025291111039,448.925663115139,0.00799896534756075,0.277550467498963,157.04578622497,7.9121711891196,0.285476213694515,13.842608172999,0.0284778496611342
1610496000,37296.5475277615,1127.92676271186,146.951758671925,0.305779647154938,495.826862401823,0.0085839131929227,0.302839045994306,171.308955180088,9.11846731744943,0.312509575702466,15.9815621289214,0.030254179038877
1610582400,39045.518340152,1212.61922150789,151.41468475924,0.295366391149819,525.230150742349,0.00940266383948484,0.301037176685525,163.160519622233,8.2086330007236,0.309353478794214,17.7081880159285,0.029940714031733
1610668800,36710.3174248977,1167.64685096435,144.085506499548,0.278757633825609,489.394505325032,0.00934043010368592,0.283820337972206,157.11269957576,8.13412164542912,0.302144607732862,20.6687221305576,0.0297333126204713
1610755200,36177.2610970193,1231.50994839275,144.191069187842,0.280162725197374,491.122143447646,0.00925213310437359,0.292135537819964,155.962267131843,8.05394703293895,0.350585597603659,20.3880784359625,0.0301962471630225
1610841600,36069.939466803,1242.04924137931,143.355445020588,0.278343004553426,482.428886837888,0.00912896607669004,0.305483127166289,160.92098354509,8.27582468404368,0.383896298713449,23.3065891444011,0.0302629236179076
1610928000,36594.2964018118,1252.15644476914,151.422041281709,0.284838547892773,508.192419221044,0.00920175390888011,0.303637270023813,156.42668477605,8.2395292206749,0.370290868941052,21.8990550889135,0.0315965592584057
1611014400,36250.1461893629,1386.08540385739,155.182440910531,0.296138346051158,514.623037754342,0.00913059572149013,0.300925824500147,158.317268010295,8.02486037690299,0.371628391492021,20.8797594953603,0.030842473698275
1611100800,35515.480012858,1367.82303974284,149.559338386746,0.294749834928496,497.561258204345,0.0091091634986227,0.293186862604606,152.574324736277,8.12467701723208,0.373755061241224,21.7601558395574,0.0304107795383675
1611187200,31022.9510280538,1132.69443191116,131.225301011894,0.269375467762227,422.523956408429,0.0082177642697266,0.254319691650956,131.548194496486,7.32180375116504,0.312896337200664,18.6467282511152,0.0277828233432782
1611273600,32986.4357568673,1235.37204792519,137.887821504431,0.27250800671261,441.798752960613,0.00849779544786869,0.270554824034247,136.018454185264,7.48866339665297,0.349990400533146,21.6842817830869,0.0286075806957732
1611360000,32036.2822723553,1232.76174810053,137.664312086863,0.271273150119489,431.263062413683,0.00854424754134384,0.269395840653568,138.776718466253,7.54048563010937,0.345637425979299,24.7264222759963,0.0291810731003801
1611446400,32216.1042904734,1387.23029631794,140.764864923681,0.273616694481739,438.667198784895,0.00881531809482989,0.271556813090024,137.904252721929,7.63557847994141,0.35172904607337,24.541856549676,0.0299955572787458
1611532800,32419.7059462303,1325.60759380479,137.392844422433,0.268533274369395,434.559538211651,0.00836004507485774,0.262182977068033,137.554024741101,7.50440778518662,0.344270317523814,23.6504804969237,0.0296367915952742
1611619200,32640.6391426067,1361.84900292227,135.26318620742,0.268980272760823,428.557040669292,0.00830844884919056,0.261626901530482,138.172228457053,7.44471126631387,0.34504199349087,23.1414866943688,0.0294837620489597
1611705600,30358.9347235535,1245.93815055523,122.783667050949,0.251222813028607,377.600953228904,0.00747905481787233,0.238404980143618,125.863350414338,6.89274387266053,0.312663465448632,20.9792122220565,0.0282646787919552
1611792000,33511.287595149,1341.7747030976,134.352303623205,0.266853767374117,408.809817329872,0.0305439548147316,0.294205599989449,136.02209489912,7.71300815808422,0.348514007119387,23.3134947194523,0.0297839793391921
1611878400,34166.1494259497,1383.40889538282,134.904035812356,0.283150877034499,407.63160556286,0.048633752499472,0.295384435545355,140.403879601329,7.63693887718845,0.349132425059837,22.8068369414832,0.0330872439917002
1611964800,34349.9170952659,1379.86854237288,133.474925008821,0.432408419805909,413.817997880071,0.0290980491652,0.324938516031623,139.811337256532,7.57596996190512,0.364396230129546,23.5971779057031,0.0318961927099385
1612051200,33157.8325745178,1317.346364173,129.779675792711,0.492976040281657,401.027153156402,0.0381205174042878,0.306441340678725,137.901076667048,7.42328063177734,0.346960142690219,22.5962272128693,0.0316378499313103
1612137600,33570.2718468732,1369.95499357101,132.619334970747,0.37853473294013,414.739639482273,0.0347046223422425,0.321875328839494,143.914666178826,7.52282490495241,0.403673435668573,22.9498982723288,0.0330585449277798
1612224000,35596.1489094097,1524.16825189947,143.072456529602,0.372923116862151,430.944372749884,0.0316307704174641,0.341446221350885,151.353517831126,7.83876677670742,0.428942404002831,23.8569690321108,0.0332760165469481
1612310400,37578.3732068966,1659.52005435418,155.80169696784,0.39757607867665,446.785272712275,0.0367059584111212,0.345260341549297,154.845727688578,7.92386953080992,0.4432047124249,25.0082053611381,0.0345633280982115
1612396800,37129.2029376972,1608.39752355348,146.620094152422,0.452922402752692,423.971729454223,0.053407206496551,0.329139882211709,149.233785872429,7.69275159290587,0.444124227574124,24.7736900052791,0.033359772620472
1612483200,38045.4136084161,1720.47846616014,154.447522123038,0.449882847936903,447.350225653386,0.0467974372068759,0.351475258753869,155.005891677902,8.52636566091993,0.539551453532541,26.5242585748593,0.0363152510560756
1612569600,39341.727081239,1683.70779380479,155.792848767112,0.443577415632119,457.976842402916,0.057429425570346,0.377423229710582,152.526065357638,8.75804692198884,0.625085812381298,25.079688500649,0.0351055627405074
1612656000,39003.0121817651,1616.04266183518,151.527331344952,0.421434950070574,446.59434864349,0.0802811333279657,0.387906431876764,150.832671839955,8.29983711414067,0.658377038351307,24.8262821123442,0.0361129387340513
1612742400,46121.9340724722,1743.54479135009,167.325227179183,0.450520352928345,483.928778531315,0.0789325104523397,0.396286162156095,162.46931987088,8.71057778011984,0.684225442901175,25.433528563049,0.0407005615522322
1612828800,46548.1619912332,1770.83282057276,179.73615559152,0.4728436991564,512.082538079468,0.0695767340220854,0.401187641576378,169.105235705773,9.62901474819376,0.705138964011397,27.6943642988652,0.0467067965371909
1612915200,45078.128350263,1748.21180596143,182.367414369417,0.508286353735576,497.476986804654,0.0727549598351006,0.415884140496175,176.521191232295,10.4405392662883,0.930004591687967,26.8587644598608,0.0463419966563363
1613001600,47892.8409181765,1785.58308942139,185.497342467525,0.526354336853524,529.257743936156,0.0696115909904288,0.455194388297057,190.616130034862,11.6186025669468,0.930388097365193,27.7627179224237,0.0571793505308389
1613088000,47525.2091431911,1846.45420058445,198.126957638458,0.610658741475707,574.011293970442,0.0696834709498285,0.530134807402052,201.550356428905,11.9931490837593,0.928462344958521,30.8222148177934,0.0556455123712568
1613174400,47208.6250270602,1819.41280268849,226.905993016187,0.633163800925945,655.74456756324,0.0665868556522986,0.565889606338694,241.633382366638,16.4327936317086,0.907913589867051,34.0278156525995,0.0598455850261952
1613260800,48829.8275096435,1811.5666792519,215.759584295992,0.596353220531139,728.222727991172,0.0613120799597351,0.522685335604786,232.012514829901,16.1787034721297,0.854628277775111,33.4932469297146,0.055757673173818
1613347200,48110.2417334892,1787.53062191701,209.532994790494,0.554033335802068,715.386873940636,0.0571479029882514,0.496580898308077,228.363444272133,14.7643988925337,0.865326196633276,32.861889023368,0.0510373917529986
1613433600,49140.3826578024,1780.61989596727,209.597179809236,0.520458638094842,706.766577175158,0.0533158616124064,0.48647768003954,221.084937838782,14.3174119968091,0.872625715373759,31.8997484441003,0.0519199250061425
1613520000,52224.9391139684,1845.23994155465,235.870927068011,0.538621147127448,717.119050543155,0.0488347651941887,0.499003775118783,269.504520998769,15.2385085311177,0.889657139219845,32.2063472062619,0.0526036733358253
1613606400,51650.0699485681,1932.41152659264,226.584444928088,0.532702032579501,703.229504522777,0.0600237830748997,0.49680109454533,261.021656635208,14.9018311283752,0.910878815758087,32.4335309677362,0.0548872224473163
1613692800,55820.5044038574,1961.02429018118,237.31104007136,0.566926301698417,721.830932744542,0.0548435382378239,0.513581756425941,282.150120703489,15.2727553453241,0.930083870464743,34.7828624769135,0.0608613729238671
1613779200,55861.8205670953,1912.80253489188,226.407581108246,0.511686328058785,676.472600926597,0.0542438081367958,0.487688410353847,255.401059779901,14.8798341949129,1.11499077243668,34.0044958103902,0.0574786125161706
1613865600,57500.7161102864,1933.88384745763,227.274573209166,0.546877280121249,707.73478317963,0.0564680912063188,0.496837691858293,248.346370221047,15.716482123958,1.10270114207035,34.0612635566392,0.0595821904785766
1613952000,53952.1533386324,1771.20859848042,206.408684223815,0.567957085921744,625.061393166648,0.0533126828511682,0.462341329058013,223.653474766912,13.9053438025957,1.08710256837655,31.3146606706156,0.0540101011731173
1614038400,48560.4890350672,1563.04562419638,175.430642153697,0.470833174338002,511.95098979624,0.0472897415938726,0.383900794152435,218.21531946063,11.2351827968985,0.948768289559855,25.6663559190465,0.044712557679138
1614124800,49567.3456890707,1616.56383693746,180.622048601708,0.469358382536091,525.637372807898,0.0562393667292198,0.404967372851087,206.449194010647,11.8546430342576,1.05423094083702,27.9968796386641,0.047821824562052
1614211200,47568.131170076,1491.46385715956,182.627454278357,0.440271736543053,504.669096336772,0.0506886618388636,0.385265452081415,199.658259678503,11.1228601557678,1.09070586069647,25.1870869217125,0.0457267138286486
1614297600,46231.7675784921,1442.30312273524,170.081058680456,0.4272546306336,484.306515258137,0.0504181991456018,0.395165148491805,203.576452455729,10.6970342689312,1.23232503082952,25.1029506904479,0.0450420619331638
1614384000,45834.5133611923,1454.03216890707,170.857928457133,0.435432793256021,482.037622225199,0.0499202688473104,0.436725751464692,208.68089038738,11.0301763054957,1.3082498317612,26.0608195305534,0.0463635089686929
1614470400,45359.4641642314,1425.38586674459,165.953098528752,0.417608829151184,462.328395087411,0.0485867450040584,0.408510091219068,220.227162689184,10.3936247716192,1.31323974383273,24.8594108692746,0.0458332085183733
1614556800,49634.4471092928,1563.23598036236,175.664684991833,0.446851721382437,499.796821494578,0.0506025585945601,0.430067080809665,228.908897234287,11.0184395014598,1.29482327746002,27.5841494343956,0.0477620768611199
1614643200,48304.7054879018,1489.87889421391,177.46770266771,0.435394846197522,515.970051308553,0.0503929070418212,0.417581364281538,220.308348398222,10.8937469223158,1.2246544193554,28.4376203110877,0.0468060834973241
1614729600,50690.4671835184,1584.06700526008,189.700224413589,0.451166703769464,525.613480433998,0.0508312462639553,0.422731487279427,220.866789350649,11.3499141194024,1.22259186105236,30.1463969865878,0.0492222301626169
1614816000,48472.7954751607,1538.02277644652,180.837028787726,0.476223958772934,506.418269574912,0.0504358309855315,0.411305868617745,216.711246410468,11.0130259504024,1.11285545165448,27.7035925244665,0.0514780860132206
1614902400,48800.8173594389,1530.84029181765,180.233422990088,0.456038662725639,498.431278723814,0.0495668410128533,0.405826143219526,206.737466753051,10.9354298440139,1.16475846760417,27.8356889536595,0.0500780555197903
1614988800,48970.5244868498,1659.83834599649,183.216630829627,0.46310363921285,501.457948866327,0.0511844712695587,0.402807570869365,204.90891987813,11.155371610289,1.13337798030526,28.2724025691605,0.0502601010159893
1615075200,51086.4681794272,1719.16063705435,190.442175763021,0.465167750333079,515.905777710939,0.0518371108083749,0.411721242874026,208.732356181063,11.5283489950979,1.13023429112482,28.4440264830332,0.0516466403642199
1615161600,52088.475131502,1826.12504734074,191.094505217062,0.474431910277019,527.603429086751,0.0610100895294407,0.418091609117557,220.306872885248,11.6659922498414,1.11797719574904,31.5437380648721,0.0528744812655976
1615248000,54739.1352542373,1862.02863687902,203.474149552087,0.483777327863706,543.882524534202,0.0581241333063552,0.43138976604391,225.111338401068,12.3511197689389,1.1917431193892,31.4605067697905,0.0531249972561047
1615334400,56116.040912332,1803.4244905903,200.997013652632,0.463014127149284,549.684222814089,0.056087883560884,0.410957668252913,220.519432326767,12.0249432633107,1.13780066533416,29.7925392870586,0.0516571234413778
1615420800,57847.2549357101,1827.71346113384,201.481612121755,0.452684575019787,550.192905706662,0.0559121722127478,0.405592122526656,221.260217569385,12.2437018092813,1.12438796540547,30.0936979849397,0.0515361093743674
1615507200,57334.641534775,1768.50364453536,220.869897133988,0.439159006414862,537.261189757597,0.0553991686083617,0.386228610671072,222.447191211399,11.9222759969079,1.03540438009943,28.2351529207444,0.0498687910739042
1615593600,61288.7941276447,1927.20756627703,226.998706216844,0.460085665504194,597.07155634895,0.0604714211760467,0.407082852216928,238.391082838458,13.8585370628962,1.09952906055607,29.8322990660835,0.0529262262513446
1615680000,59905.6184704851,1874.14906195208,217.78133797207,0.444396264679024,564.805038159162,0.0593048862706914,0.394801392108513,236.377712681714,13.0208332183177,1.06980543969215,29.1279070439134,0.0517712583634624
1615766400,56121.121924021,1796.90510976037,202.337036078963,0.438001004608194,527.235193034136,0.05737176049291,0.386104734056102,223.219923278707,12.262989119967,1.03872439656039,27.6815649348968,0.0511936920317936
1615852800,56500.4460257159,1796.95172822911,200.270589852044,0.460797625879602,526.476604118662,0.0584739476706541,0.395321446598935,228.903348028653,12.3769379583857,1.2417927104928,27.7859046799866,0.0521774005749544
1615939200,58683.0659824664,1818.86739976622,205.654084980976,0.469780778263357,539.753798533668,0.0579390800797675,0.403429552223988,236.223533863701,12.4947642723385,1.37678675765612,30.8933603036426,0.0547999264590624
1616025600,57731.4798410871,1781.64520666277,200.1936629787,0.469958677182411,528.85711510875,0.0575767987711662,0.395741389637565,229.118913028181,12.1986632472571,1.23557667262187,29.5104777355726,0.0534299666587776
1616112000,58168.1219222677,1810.37383459965,200.068416159829,0.467752450141157,533.370956353275,0.0584199434682409,0.395705250628915,231.684320907877,12.2598106862423,1.29762822672885,29.8957565046667,0.0586442379419208
1616198400,58247.8847066043,1812.74496884863,200.33803497928,0.526275434835338,538.130699163317,0.0590314284061669,0.417533632011232,232.351141960368,12.3554903716148,1.21037801545521,29.7857655828015,0.0612887863413619
1616284800,57447.9330198714,1784.72563880771,195.69319083122,0.519536926429979,524.209308166366,0.0575586116026723,0.404768763811881,232.410968265715,11.987141693798,1.18880070907222,29.2742020205823,0.0628475311544628
1616371200,54453.1373508475,1689.11376779661,186.86267638056,0.550966306743378,511.129704345189,0.055345010861451,0.394954962009773,219.111916299079,11.7465907755033,1.11091850000998,27.480373985616,0.059948010402325
1616457600,54563.6119458211,1671.75213500877,186.542879213088,0.553441756311318,512.320948859445,0.0536882759747405,0.395916188097401,218.800495608789,12.2803360045411,1.12431636588185,26.9218201479299,0.0586164267498561
1616544000,52595.4113237873,1586.88241320865,177.247972230575,0.484087447439989,476.034521359158,0.0516952602266379,0.36375321713318,211.053477862486,11.3707414087978,1.07164677003133,24.9587781517705,0.0558045702391966
1616630400,51547.1248953828,1588.93212396259,172.043507976061,0.511971284622831,473.915679443078,0.0514587530006452,0.361108891934541,215.495213420698,11.0789016432618,1.1002449032817,25.6331609761676,0.0555575351488773
1616716800,54817.8571122151,1695.66907773232,183.134436779422,0.564454565597334,505.783349556334,0.053892993523669,0.383932765566352,221.487492562845,11.7328333389315,1.20989725535309,27.3530739039689,0.0648306625363928
1616803200,56019.8373055523,1718.1190917592,184.363824411064,0.550130934392318,501.289777986377,0.0544981635041608,0.382209837127281,221.742344013361,11.8050165272416,1.18047259825502,26.9285908211576,0.0638836645270728
1616889600,55713.0381396844,1685.16250900058,183.849209985194,0.54705842631153,496.110321597063,0.0535958383465958,0.39530903551118,231.707182289126,11.8554196137445,1.18990394192316,26.6464034773511,0.0633925410005792
1616976000,57571.2333477498,1811.1432226768,193.710867042792,0.565163844582865,517.083482270317,0.0540509489709277,0.403712471682004,233.927350262287,12.526278873973,1.2001072515988,27.9969954975579,0.0647968999980999
1617062400,58684.5483921683,1840.87399678551,195.683137477054,0.562960542146921,524.623321377013,0.054079226209261,0.400597950885097,244.273631923551,12.9881559471064,1.21272726543458,27.7761990311026,0.0657989535835708
1617148800,58792.1948275862,1916.88001928697,196.931402373199,0.569782295366818,541.537572262169,0.0535690825011988,0.404720109668439,246.411461882375,14.1616195811822,1.1927419656388,29.0723471775326,0.0922647972469873
1617235200,58818.9770985973,1971.24078258329,202.666612759354,0.569471115262451,556.141763246339,0.0613272619786743,0.426754950792462,248.556783401658,14.3629776415246,1.18460184555952,30.1195040573033,0.0858470491974676
1617321600,59031.5340192285,2134.06883985973,211.996774344775,0.603695241323913,581.303639256234,0.057835950077687,0.44118185972232,256.980869284571,15.2166728926545,1.19213285258963,32.3957052591619,0.0915524641226229
1617408000,57282.3896247808,2025.14887843366,197.181185663074,0.582311833841113,535.457099314558,0.0561089025634425,0.411814124736338,257.385520446503,13.6867177030228,1.16911079697833,29.6070127728996,0.101717153784294
1617494400,58202.199391993,2077.39558153127,202.713193969827,0.629454631911133,559.420491278499,0.0573606163347574,0.427131598789261,263.946826176899,14.4945946814327,1.18070229913476,30.7451500038068,0.12665650933695
1617580800,58755.8525295149,2099.52728872005,219.488367712929,0.898790839864501,638.461464155563,0.0595264980112467,0.527579149049143,264.928057909217,15.9095140993808,1.21112538457157,32.2408401048335,0.136946582461461
1617667200,58084.0664231444,2116.90126201052,238.027175088781,1.0794471796162,662.714382078475,0.0639634039104699,0.535404405067712,270.979445112747,17.8897894898665,1.25436564936272,34.7025303972497,0.124089641062476
1617753600,56266.8346762127,1985.39789129164,221.133637988865,0.930977280190844,624.04014701654,0.0594053691491805,0.488055986211283,260.415001306786,19.3797265229522,1.1830080332466,31.5007011693909,0.111896924377655
1617840000,57963.3445994155,2078.55003594389,226.099346872601,1.05082707504346,641.055169536763,0.0615431520328573,0.501993230615438,269.65233155673,19.530060473203,1.21799604990983,32.7099348490959,0.123052589369501
1617926400,58051.7625563998,2066.05360420807,220.676399630811,1.02610928740878,631.207528391038,0.0613919633374267,0.485128393477404,274.660221790195,18.7125528592904,1.20183300785662,31.5399514418635,0.115275345991825
1618012800,59651.5589877265,2130.18779029807,250.677403414199,1.36645091545611,669.083960070106,0.0636518594555478,0.565083304148269,292.93254737027,20.3125646461779,1.21608888633644,31.8058800220313,0.125353830821881
1618099200,59932.9306469901,2144.37211630625,251.137091633351,1.35092381924347,687.920525100229,0.074777963540085,0.58856311260324,327.134341256949,20.2591122655677,1.2670237461881,33.7793665947474,0.121648774100327
1618185600,59905.9363744594,2142.82890011689,245.181175299088,1.45268873032026,672.818678515938,0.0709020638527093,0.589014814235322,316.602092847354,19.4700200336146,1.31790753895505,33.1421404333512,0.129181770245509
1618272000,63445.638314436,2297.89169135009,266.465122946952,1.77947957418743,746.143041908413,0.0930733501490266,0.657646336004561,328.908851823314,21.2338176583484,1.42007973617559,35.5651541424224,0.146624578758302
1618358400,62869.4955873758,2430.29892869667,278.525988243316,1.83229160485749,819.981779654836,0.122002700339244,0.635527305553232,321.079015316729,21.9782853104262,1.45929551241122,41.3594716436636,0.140259564952422
1618444800,63231.162987142,2519.58225540619,287.025729841427,1.76025249738315,866.043325413994,0.177733355284743,0.640712003468376,343.034943726178,29.0011048641796,1.47688287433866,42.8180196342268,0.165619866898686
1618531200,61571.1100905903,2428.35284687317,312.240975722629,1.57671231068099,1123.06128968181,0.375427097611056,0.610275671003208,342.153701814792,38.5608477162415,1.41867946151797,41.9742826234737,0.162687957415018
1618617600,60280.8761758036,2342.16061426067,304.529103502948,1.55378116421256,1008.86183864997,0.290387865086394,0.598256892451738,365.064441948143,38.4086750066063,1.37727326796748,40.4876697324898,0.157607487642529
1618704000,56389.5579812975,2243.48254529515,274.803481327746,1.4187833414939,967.86219653004,0.322299743076013,0.54805436920201,340.725970445414,37.6500198112487,1.28064407449565,39.2914976075177,0.142516541576857
1618790400,55798.1370771479,2168.6250818235,262.467778189086,1.3189933668835,894.764385821405,0.405288333313477,0.502310329259497,354.186743041736,33.6395434873102,1.20111513962777,36.0278671223703,0.131166473643171
1618876800,56474.3737586207,2328.50510870836,262.82667392965,1.3834406260066,948.242178318587,0.331439890713253,0.52529694028078,400.909502253073,33.7925090801368,1.26275937178714,38.9421801600457,0.133244774063242
1618963200,54025.7995745178,2363.99523424898,258.653133972881,1.30273333875008,913.77216376699,0.30835048923751,0.492594747438664,382.712652984772,32.1949535056746,1.20868785820982,36.4549428793326,0.123619342703223
1619049600,51882.0598106371,2419.70522676797,254.776325918696,1.17190392819065,861.43786671421,0.263224454407664,0.451271194510046,351.808294547281,34.2583051987947,1.15422077166154,35.7469401365444,0.111078401092139
1619136000,50954.9100607832,2357.12506639392,240.308762689062,1.15503132066497,835.683934124979,0.246395844193385,0.448844694359804,352.067546589866,32.7403524856488,1.15246871235908,34.927413119425,0.108039693309019
1619222400,50279.9484464056,2236.58652717709,226.941172867656,1.06088542955669,776.637660074903,0.271710321196126,0.429141609065561,386.666853139037,29.8228679154413,1.11462346027775,31.5734205052919,0.103856425623592
1619308800,48946.9407428404,2300.55654880187,222.853588497587,1.03430172522929,756.163969855385,0.253707121053406,0.415535504408576,355.469300945568,29.2045735788074,1.08700029221697,31.4843449364044,0.101462650321156
1619395200,53943.3499783752,2526.05887901812,245.734835257415,1.34559330215917,846.824918815801,0.271205120263714,0.484780646665911,401.282668979091,32.6418847309235,1.23395451020295,34.8419689045242,0.116757449794984
1619481600,55027.0309848042,2646.34933898305,259.529888931462,1.40371464602557,886.900164710057,0.272432213908801,0.508272834210865,403.066059111881,33.6545004665232,1.30895346844703,36.7000683120771,0.125363471054221
1619568000,54787.3787071888,2740.23064289889,258.710181209357,1.36112676640083,904.639071920062,0.322858365697139,0.496079673751426,417.26830408681,34.908921215109,1.33422455234882,36.1477194863662,0.122438782648768
1619654400,53567.0811938048,2760.50726008182,255.335223189533,1.39488091629424,879.245435067525,0.306598675423379,0.492569793724955,406.204774947639,34.389986169047,1.31304018702695,36.3293141517468,0.121121673116839
1619740800,57741.44441654,2770.29005821157,271.678779260227,1.58983267739894,993.67171059674,0.338295064038278,0.528172495374202,421.345493158615,36.2933357834171,1.35019021984986,38.0084456021567,0.132401260108317
1619827200,57863.5903927528,2949.31864056107,277.16695992993,1.6533901606154,1006.88006521197,0.391756718617906,0.537305037903557,426.241770108208,44.8416593619092,1.35511963105601,41.101453618286,0.131137102100605
1619913600,56572.5968410286,2952.47679661017,268.962596311921,1.55870153751273,973.120553326467,0.378761094958709,0.554356076994309,405.27509885249,44.7745517367423,1.32743539866563,39.4634892951228,0.127613764250431
1620000000,57243.0416054939,3430.64827410871,295.263731832104,1.55941578189719,1018.0595225704,0.442072850365603,0.553379435990913,413.458810546032,51.9102152243778,1.35991624088769,42.0236833636736,0.131926494390332
1620086400,53724.10892519,3274.89152846289,310.220897214318,1.4025578059658,966.881060066647,0.548512085221807,0.508260573829526,383.344215627617,69.5800897868501,1.28507171930788,46.195652069587,0.120733103610322
1620172800,57342.0256616014,3525.92409964933,354.487575203619,1.60790228926321,1432.38127054566,0.655049595644794,0.596663159220717,416.682467629282,93.9820258721362,1.47577076763492,49.5697733683975,0.145042515540117
1620259200,56527.3529789597,3500.54310403273,354.690866389383,1.60962106894127,1507.12239859164,0.583586272660643,0.655040555975736,423.614497827409,133.648321596915,1.66602506517941,47.4090392221607,0.153314759754098
1620345600,57341.0684549386,3482.63239333723,345.99588623435,1.57821831962915,1332.47922111314,0.685334696466792,0.63064521637357,460.268924215017,118.707398290958,1.64475610894065,49.1086597999191,0.146824389291939
1620432000,58736.1258950906,3886.76699649328,345.5170220342,1.56865643859657,1389.52655798489,0.639128381785214,0.616865364779459,473.940857467014,125.627624011571,1.61806775893535,48.3897282442559,0.143679636415328
1620518400,58288.4256303916,3916.08141320865,385.473617544608,1.53451464864456,1415.23792285353,0.57380195253126,0.625856744213921,482.04942194692,117.311599714989,1.77793587857695,51.7466977701087,0.143170178759733
1620604800,55902.9277399182,3954.28315780245,361.784409293739,1.39886758237258,1328.1244636139,0.448575704811545,0.66695427194977,442.249141567533,105.589346092244,1.65393605026881,46.8025305226477,0.127598682047798
1620691200,56612.1026487434,4155.77199766219,375.415735080899,1.46931601712585,1519.84241898102,0.495962949708427,0.722723450767688,452.997973672541,111.387119969363,1.75972249957674,48.6128389420786,0.13799077208962
1620777600,50972.355081239,3975.50227118644,322.568527158381,1.31198505099279,1294.81219665993,0.426742634295699,0.623043342427013,407.565224408598,91.3966250755598,1.62098481438398,42.9371763835178,0.123695898921445
1620864000,49368.6144739918,3687.15909000585,312.043063537105,1.34321180181819,1230.06098208761,0.48607163474306,0.639480312247717,400.494712859161,85.603599243211,1.91863625197752,42.6870678857735,0.119961171406016
1620950400,49997.3959011105,4086.70976446523,326.938124350765,1.40514729336555,1302.40655998635,0.564845826983397,0.671462716892974,413.040179524266,104.548035834362,2.0111391155528,46.5845081181573,0.124883507832393
1621036800,47047.9633331385,3672.60174400935,301.121245228009,1.48949797190196,1173.99107429879,0.508838984481241,0.680828134826162,384.666092174814,95.5562556166221,2.18478686352026,41.5787049702835,0.121116012779028
1621123200,46022.5037090006,3565.84300116891,294.267168797231,1.44703982984694,1163.6479757491,0.513701616230257,0.714121700811071,389.175565476571,93.3937055953909,2.26162567167242,40.5272265399404,0.118879382816736
1621209600,43492.3954833431,3280.03027819988,281.707483939102,1.49166429308248,1065.65258645757,0.487313751816461,0.645399276327657,340.262376162957,89.4427512403368,2.02913429162059,36.9880037145284,0.112526189641037
1621296000,42789.8093921683,3368.23962887201,292.644321343521,1.58237754947582,1084.89635255701,0.476589657605066,0.645447414670709,339.704789228876,88.326572163655,1.99849957447662,42.3318714590398,0.115919369356255
1621382400,37642.5200017534,2535.73623553478,194.849709788841,1.11141534909602,733.510662031293,0.342565867581337,0.465101811413207,207.646947672032,61.8338445025226,1.5338654320503,27.9532481311886,0.0811374309373026
1621468800,40799.4021475745,2777.92518293396,211.305347711832,1.17977250505869,820.310673894817,0.400699360628084,0.4929597814386,285.742646162068,74.124905239357,1.80825467449801,30.5247092013669,0.0892219295189316
1621555200,37174.3311014027,2413.98438398597,178.762577129019,0.997689075296553,681.995892146377,0.356628386338313,0.417269236781598,255.455721908531,63.408651348596,1.54192705959518,25.3652046464299,0.0775497877070404
1621641600,37643.4197983635,2320.84220163647,171.300045598743,0.914971876087478,636.306804541466,0.345006967789972,0.392669310716311,233.782921152096,58.6961703671975,1.48031437267214,23.5116224498909,0.0757780507998201
1621728000,34774.207221917,2105.59847983635,143.299481962513,0.795248432252297,554.971058033985,0.308308310849868,0.364292407989301,227.589980159134,51.8722427878321,1.32567150406108,20.0663668640031,0.0631354269381975
1621814400,38630.4091186441,2626.16846405611,182.954550271685,0.967295882038483,747.599133027379,0.364567582620442,0.432589798444762,254.002955326122,72.3936055186948,1.53820062565747,25.9826257382161,0.076193272042928
1621900800,38269.7710747516,2696.5863798948,182.359387337718,0.970891791404862,718.771905533863,0.346154935984738,0.428787008170079,246.082394435094,78.0507240549177,1.55181598610466,27.3895496838835,0.0771294209118629
1621987200,39194.8588980129,2868.71953185272,198.358539341967,1.02956362897735,761.727411587242,0.35250963262272,0.441959171162116,267.430226826909,79.2620734532968,1.75790783598547,33.5228588878161,0.0828805779657953
1622073600,38510.8570417884,2743.10334950321,193.744541019434,0.97159028956359,748.148033795871,0.332657072602215,0.419782232306601,251.566648779216,74.3719043831197,1.65078623140869,31.6012763470309,0.0792781126429467
1622160000,35596.7179510228,2415.30300233781,176.128975326915,0.891914225449375,687.580145951249,0.310085326892906,0.397122087887438,262.189189996243,68.2932629923096,1.51054080947062,27.9022746452909,0.0719747815900468
1622246400,34681.8183670368,2288.85813150205,164.28516647528,0.832646750046424,651.497547535206,0.302840777404076,0.367572007987731,243.951377255488,64.1974148271996,1.4107019348953,25.3870499902559,0.0688752133611484
1622332800,35652.1687703098,2391.71209117475,171.013935853619,0.904426949281484,661.396116859439,0.302799659128167,0.374069028873476,260.595844610297,65.9788872395483,1.57315067022077,26.9050418129103,0.0719848927243444
1622419200,37312.9748970193,2699.21445762712,187.327497108187,1.0381628897667,707.354606735018,0.326518387701382,0.400711999567378,273.062152060881,69.9668249744248,1.74219373321916,31.8881903994165,0.0766572671322822
1622505600,36661.3781184687,2626.20154821742,183.130563219048,1.00997403846321,690.786405375661,0.374069481195317,0.418654867221254,265.406707661758,67.7425362216492,1.73843379275499,30.7430846928218,0.076050598009049
1622592000,37639.4556732905,2713.1598679135,187.848326801519,1.02455250020403,698.625662376915,0.426345776204489,0.420681756831492,293.808871412822,68.5275115619328,1.75780046750798,30.7983706717087,0.0781000629670772
1622678400,39160.1504132086,2858.60099824664,192.991005496351,1.04694146657296,718.388826875735,0.396820977723381,0.425589041258843,309.137582704736,69.9116352229972,1.84285588332751,32.2490767157694,0.0820688809272674
1622764800,36884.3735551724,2689.27742548217,179.215842131601,0.969585976029056,672.286676225006,0.377680450999831,0.386271982350685,286.603948364071,65.0653459281238,1.71331242521937,28.9063250299864,0.0773217792091058
1622851200,35409.5672366452,2604.97053763881,172.222187192451,0.919351143790411,645.708621811638,0.371218715034732,0.373563767188964,263.14698846065,62.8410996813242,1.65245723366317,26.9884253867107,0.0753540016150728
1622937600,35720.6043546464,2706.09854120397,175.729294702077,0.938635569863414,654.149998202018,0.371186534357884,0.379087092193211,271.067138198897,63.9607924439274,1.67249971010973,27.3968196146008,0.0772511134962653
1623024000,33724.9077517826,2600.15911221508,162.36749083414,0.861755502663664,598.678696478923,0.333351509816076,0.347516599998148,250.640021247608,58.1963910831443,1.5717561221574,24.6095320553577,0.0717510720558938
1623110400,33475.0489234366,2519.05763530099,161.289871031461,0.875722558265136,597.074523269337,0.328496721027222,0.351322333016358,254.198846674712,57.0334457222421,1.58159963872823,24.1998773573425,0.0725259559750221
1623196800,37372.9888953828,2605.63110461718,171.856449870998,0.906537351833979,631.709082143626,0.344041450382039,0.3613561340519,274.410990209239,62.0319746145391,1.6195701058345,25.5182197109076,0.0751186156913632
1623283200,36826.0022185856,2481.38075686733,168.760062307006,0.873860388933299,604.365908270196,0.327806963584201,0.339835280694325,256.374153908045,58.1142119604257,1.53931762747677,23.2206962293926,0.0728279458080336
1623369600,37185.3931268264,2345.03141963764,162.064927468989,0.845344144428927,575.058056172522,0.317583878089088,0.317031623729514,242.1235872445,56.7362517590124,1.43227186416344,21.3142132519445,0.0689355533121481
1623456000,35669.1712817066,2380.84033372297,162.624283296185,0.835284765547182,583.002068306662,0.313194163347377,0.330075961977835,243.982509281254,55.6674461089023,1.48219803749886,21.8112233625578,0.0683045241596135
1623542400,38925.4194289889,2504.64639216832,170.565541345744,0.882318868662972,612.76743573935,0.323228880957383,0.344165117116904,260.132547953412,59.3084769266573,1.55647404185619,23.3088774900016,0.0714204207867692
1623628800,40455.5959833431,2577.04473863238,178.749147972778,0.890541528813137,638.197104774811,0.327457449383907,0.343124826566709,274.786195100114,59.1766285000437,1.57038295602064,24.8346477797905,0.0719421098056349
1623715200,40254.6514679135,2552.74103641146,175.393454177325,0.869564064009575,629.91989214531,0.320674405209986,0.334379780069118,280.112185819901,58.4123432723053,1.56146704458577,24.6988067845634,0.0718982930886025
1623801600,38265.5437726476,2360.99938690824,165.817467456625,0.830783790926362,592.16841977533,0.307153723758147,0.316324348476012,261.446486281849,55.1683941826063,1.47986994686874,23.0106568280227,0.0687107271436288
1623888000,38018.6432346581,2368.38859555815,166.538087584362,0.839968817703363,597.588074725351,0.305849863165653,0.316441005210436,276.039717306807,55.4369361637127,1.47997199529844,23.3112461045728,0.0733655571569869
1623974400,35714.3120787259,2224.57531969608,155.920730315332,0.795401238901931,562.295724301141,0.29246527334624,0.297273216669001,264.173809307961,52.4761680601024,1.41452729488006,21.208111339286,0.0694459588140835
1624060800,35555.9763966686,2174.75470251315,153.212961679089,0.761417722056084,554.647959164846,0.287296062338338,0.290395374470168,272.141719846083,51.1053799478331,1.39021298914578,20.4521584623739,0.0686563113014612
1624147200,35599.9418784337,2242.66345575687,154.74262764444,0.775211504320661,556.021749293083,0.280669136303136,0.296912080328099,263.694774642572,50.9239127830733,1.42642106851362,21.6652710075575,0.0677531530432675
1624233600,31715.1598624196,1900.39307790766,126.126965230082,0.614523844562899,461.74500173845,0.179187482088679,0.239429853600744,205.321610266667,39.8419237740903,1.18582248781086,17.5157704292664,0.0540351014576293
1624320000,32394.5555949737,1867.62379953244,118.91101974905,0.548590224228202,440.371654432985,0.188829017595652,0.232570375282039,202.705270132173,36.2593521478672,1.14211998524516,16.7233993241484,0.0507688270396584
1624406400,33610.4968129749,1962.11004383402,128.232185452848,0.636213215832741,470.939878241847,0.234789213297149,0.254198447243143,218.361100330865,40.5171229739818,1.24360972633966,18.2245034413363,0.056736491560826
1624492800,34658.972875979,1986.66540841613,134.23673493804,0.671617114927846,484.784447406949,0.263517659819,0.266336924016399,223.145325811574,43.1106817496399,1.35463436957085,19.0078008880102,0.0660396890880703
1624579200,31683.5032004676,1817.84698246639,126.527347863877,0.615532232979568,455.358339199894,0.240246524039104,0.244017438143023,196.695324621019,39.7663683803005,1.26499998717437,17.0762830456918,0.061626843535344
1624665600,31890.6764465225,1801.97627527762,125.087792085456,0.609916645382083,453.899967481503,0.240943309588104,0.246736966072726,200.983153300694,40.0160164523843,1.24023948694051,16.7329083551634,0.0623272614297616
1624752000,34506.4911975453,1964.52191887785,131.563207926004,0.6467255296401,474.523220434686,0.258395472974195,0.257578397925512,211.076309735307,42.0735631373927,1.33836245159359,18.2243920340659,0.0646344804050789
1624838400,34376.188538983,2079.27833594389,137.097390119288,0.642871256413651,499.718969356149,0.25632075091972,0.263222218950192,212.461505465432,43.2364054189973,1.32235687952279,18.7509622723818,0.0651637148448833
1624924800,35933.7782178843,2169.99023261251,144.342916884886,0.704158143707685,523.946275381938,0.263537737009707,0.280896213486549,217.765199044122,56.2435304209049,1.37368239754021,19.5488255764932,0.0677608542673709
1625011200,35065.4661533606,2272.2690578609,144.103735328788,0.698574780685304,526.184893779491,0.253546042678888,0.281524704369058,221.876510747668,57.9249413850978,1.38105127746453,19.4679502814482,0.0679872284650405
1625097600,33505.0804935126,2114.55608357686,137.563302593712,0.661130670765,498.035729853435,0.244908107653592,0.270345057823592,206.956303257304,53.4396054940671,1.33485251313543,18.2723734312165,0.0648305699213048
1625184000,33782.9459464641,2149.99972472238,136.647477963935,0.652991452108328,495.977059879833,0.244786103247887,0.262746239648557,210.45289095565,53.4761921832995,1.38619336081712,18.2454304091792,0.0663710771110151
1625270400,34588.2242916423,2215.90323232028,139.595981797262,0.670493232597187,503.256051559135,0.245519370361453,0.262666137514696,213.727832462988,56.65601897728,1.39831408833609,18.4450446212458,0.0666117751480651
1625356800,35355.6078883694,2325.91749795441,145.227147192947,0.69635216326428,528.857408924131,0.246690893670516,0.267763978009319,220.214609265582,56.715889973808,1.45971837468102,19.3135625534966,0.0673986317404333
1625443200,33911.7538404442,2218.63208416131,138.805518238214,0.658809973016746,507.706759253856,0.232996492106983,0.255675610719841,216.279715239587,54.0962758336554,1.41395899400892,18.4990292566234,0.0648857166482084
1625529600,34123.9815680888,2318.10661835184,138.514312936476,0.663214749547522,510.053734410505,0.234121104659688,0.25902007000709,221.487541477987,54.5088638389389,1.41484385225449,19.9922079994666,0.0648238416451493
1625616000,33931.6186382233,2317.0795447107,137.481150098561,0.653242614838355,509.26994175818,0.224031506306492,0.258321739114508,215.397477431739,52.8594675270254,1.40381168958168,19.853562113143,0.0643707458385833
1625702400,32819.6595312098,2118.9243308007,131.908161981107,0.62237234163292,490.055945521263,0.207322548707761,0.243257267734789,205.297866019565,49.5102245668153,1.33726742676496,18.4316557456471,0.0610832766128947
1625788800,33914.8810742256,2153.77373816482,134.964432998221,0.639150392819041,505.740400511834,0.219942177056201,0.247231485219509,213.414470620364,50.341621781916,1.35395191396565,18.703150370389,0.062368209704171
1625875200,33610.9458386908,2117.0639672706,134.253682639687,0.625711016337939,497.557364338848,0.214794397356293,0.245806428172057,210.128466095242,49.2427166402133,1.3383112858065,18.2551709883235,0.0614302196696714
1625961600,34258.4413898305,2140.19288661601,134.12545821675,0.636023001576045,497.789518771526,0.215968738003253,0.245217856638716,211.6274256316,49.7291904634929,1.34802281095426,18.3376892893181,0.0619191392478294
1626048000,33135.2359117475,2033.03133489188,133.357751953156,0.629989663068319,480.268769346989,0.208751332336476,0.23890785003387,206.352530763883,47.7346959828015,1.31472565347983,17.552222376174,0.0601773063564821
1626134400,32641.9759610169,1939.6402729398,131.111212564147,0.619649256495764,464.614768550303,0.199732697072284,0.23221258070671,203.391456026879,45.5148713053924,1.26491188226326,16.8593292143336,0.0593414657727404
1626220800,32798.2845189947,1992.4420251315,130.836750366474,0.618439427878215,467.002715594441,0.196839311980268,0.239786750569752,203.36215877383,45.5833427304289,1.26093194191775,16.9192583906448,0.0598266446978699
1626307200,31707.6900368206,1912.8743012858,125.526617292041,0.597682257291484,454.950674680728,0.184941928882686,0.239573262665386,196.002001651312,43.2000221127763,1.22583948812255,15.7147208424852,0.0578255012992464
1626393600,31455.7175818819,1878.1075873758,121.568843313216,0.59054180218278,439.529125720993,0.17240189062412,0.237444166744658,193.443403283996,41.0252425976796,1.17491802238871,15.2601137591501,0.0558458309691873
1626480000,31547.9511990064,1896.9661233197,120.034291633317,0.582908325145894,436.51803216824,0.185759348575271,0.232429333043573,197.617288460046,41.4883676636262,1.17347210283033,15.3733580926232,0.0559881804867626
1626566400,31707.7038527177,1892.68808708358,119.045122229076,0.585807577646173,437.95892654857,0.182013849464707,0.230141934712365,198.987071412053,41.9061684193563,1.18058444924061,15.5037344153122,0.0559393793876871
1626652800,30883.4697462303,1822.20903623612,113.700670434702,0.560258418074837,416.723846486019,0.174322307635644,0.213103795181836,189.95057827227,41.8503018172935,1.12773406586816,14.5954014600291,0.0536972139864803
1626739200,29766.6577182934,1785.33395441262,107.250543635481,0.528786216515053,398.838423984957,0.170478459566267,0.211976139645453,183.241611050509,39.2392083811265,1.05705486625743,13.7613086932784,0.050527905717843
1626825600,32119.6572258328,1985.49203565167,117.417946269249,0.569261024763706,429.503796214479,0.189652100396044,0.227350472919356,196.432765018763,42.7084654750656,1.16657489379174,15.2036185596415,0.0537023585481311
1626912000,32306.9614285798,2020.92230333139,120.585712983418,0.591976919413045,442.012837962892,0.191375498412844,0.262231739705811,197.258903472368,43.4179560448556,1.18466169777044,16.0324784839283,0.0551915977891904
1626998400,33439.5957028638,2112.71626434833,123.88002801427,0.606525264746197,454.125567663614,0.194074971548424,0.268302735423807,202.929764243964,45.7318690429705,1.20194766761509,16.4383475817701,0.0559048412726125
1627084800,34166.914654588,2179.33793220339,125.507561228879,0.608381221208468,458.017279573568,0.19687219207913,0.266355737329407,207.350586124432,49.2220608099076,1.22817041879523,16.6543089070301,0.057220919558931
1627171200,35119.9374360023,2187.44493687902,126.742975998881,0.605913027317822,452.13302220006,0.197296619791344,0.26123447770918,213.440661364245,48.2772255984424,1.22440275011695,16.6339338816765,0.0577707691106532
1627257600,37444.7825102279,2241.15922676797,131.64127240931,0.625762826190843,483.208574733797,0.20495753684508,0.261634636111645,219.206355538561,48.75652422956,1.262271363144,18.1389148214862,0.0586250277398234
1627344000,39126.5402881356,2286.22890005845,133.870327300787,0.642295323865637,499.983451385686,0.204503089181352,0.261180171496414,225.171133093796,49.1468320075404,1.27266351179194,19.3427869041028,0.0599421662155548
1627430400,39939.1940432495,2297.03134436002,139.857943804756,0.716201678440572,508.170000373393,0.205419814311225,0.266943707346308,233.988294129692,49.2200134965614,1.28112328613171,19.0176790256633,0.0604822804392814
1627516800,40086.1643950906,2384.45420572764,141.983246714349,0.751612321396785,538.027172816947,0.2050127843368,0.273031716648594,242.166795607573,49.5633725380836,1.28736599120529,19.3493921760208,0.0619454219095464
1627603200,41789.6670981882,2451.30431092928,144.930708168911,0.751335482798255,550.56750847712,0.207429222726903,0.278897240002559,242.189188703671,50.9153257298561,1.30248459527999,22.2827260818226,0.0630353713803485
1627689600,41793.3137481005,2544.37537592051,145.323591649627,0.751946266533025,549.6564917479,0.20884920827101,0.286932262895662,241.569069481938,51.7670786021679,1.32861206435455,22.9042786211838,0.0643491581349439
1627776000,39968.9689544126,2563.73753068381,140.950515690519,0.726978873804026,529.107106584862,0.204456121418929,0.277686037337425,236.102896429455,50.4226339940655,1.31422719621538,22.2033605762351,0.0634137011212368
1627862400,39304.1862835769,2619.04099941555,141.742756262491,0.741731104537143,545.781381836796,0.203945348136703,0.276087216454482,233.713080821627,51.5631168749245,1.31423769394714,23.639899726831,0.0647506459231142
1627948800,38288.8253975453,2512.91529164231,138.759524901495,0.715207677068461,539.533824476418,0.196475397282361,0.2744228935834,225.969840432785,49.5742755930636,1.36804831564985,23.9953296923165,0.0640696517363428
1628035200,39773.9113489188,2727.93425365284,142.87031808355,0.731772294661524,547.766047275219,0.201647582046668,0.281166127607353,244.550343005506,51.7319370693876,1.38024317905995,24.2332927006893,0.0673845017407638
1628121600,40941.650434249,2825.53530894214,143.757270561775,0.73553588745741,548.872780470484,0.201365598881912,0.281051212468018,252.266862432606,52.6363446006014,1.39008214256062,24.0851160185739,0.070319340512391
1628208000,42790.3573284629,2888.0342554062,147.86699552757,0.745816489604699,556.545843532279,0.205253032949116,0.284675521264359,264.037720340438,53.0450710866626,1.40116874765004,23.8508989723926,0.0716958843203725
1628294400,44484.9005862069,3143.38030099357,155.725876033647,0.815197850202178,582.812602807502,0.257086012407851,0.306920177428273,270.844642731887,60.438182260766,1.46951545404711,24.6046127704773,0.0751939018961265
1628380800,43972.3010181181,3027.3480818235,150.278503974349,0.785405159746039,558.334280635036,0.241635057894899,0.288961346164864,258.369161621713,57.5472806165118,1.43228886821292,23.2225136265083,0.0721031314949051
1628467200,46265.6424564582,3158.26921624781,166.57570406216,0.816353807390397,592.208538281355,0.256215120231704,0.298982571547553,269.606656547978,59.0422835017978,1.47609182909673,24.2275031734621,0.073923585236207
1628553600,45488.7912624196,3141.72382559907,165.184116567655,0.851348173203167,591.405558803494,0.25632513480426,0.30985475578937,265.390244478962,58.7483035632453,1.67071148913694,24.531546282351,0.074431993954012
1628640000,45676.3263611923,3168.56298947984,170.913314907505,1.00798757709761,620.268081864618,0.266016363932145,0.336898464144097,268.706742054184,60.9115298097173,1.79356856219946,25.9328743351734,0.0831339707508266
1628726400,44405.7483483343,3038.06152659264,164.912979187278,0.960508031233158,604.642871233765,0.264160101087162,0.32645682949462,256.588921651215,59.6472329100198,1.79943279548385,24.7784635284298,0.0837261142019273
1628812800,47717.4853559322,3316.4789421391,183.534781092324,1.08685936734969,652.445482901004,0.285523466502995,0.360219302278636,271.778343407426,64.0428621812906,2.10780584852614,27.6202396044642,0.0893137040040249
1628899200,47124.2050736411,3268.96369590883,182.720812680052,1.28784353616564,685.785158764477,0.293520424457163,0.393706990045197,271.601955875644,67.0602495856743,2.19719577503377,27.1642969406189,0.0927757699242966
1628985600,47074.370710111,3310.72739333723,184.841087760915,1.28684350022366,703.411730365523,0.339527545084811,0.39172920987266,272.395346272414,75.079679476906,2.17220751149689,27.8103231307962,0.0930049227881834
1629072000,45984.7199070719,3157.77383635301,178.400714937882,1.19075074488593,676.309373961894,0.319922870164873,0.373941016886654,267.826909869141,69.1538592785884,2.07664681124249,27.9863266753862,0.0895931203778545
1629158400,44714.0967982466,3020.57140093513,169.273655629862,1.10431176509447,641.716315885183,0.300178709261132,0.342942199548365,256.838732499935,63.2011733478125,1.93563732411271,26.2112202250589,0.085362611775975
1629244800,44954.3637469316,3041.32005961426,168.363161988115,1.15969517440606,637.772486798548,0.307016668844971,0.345431325722328,254.971039053253,64.6475520642666,2.1261291927584,25.7188407194932,0.0850755397006372
1629331200,46646.8615049679,3173.97182279369,174.923107221207,1.22327508027042,658.010858941266,0.315798300789388,0.366254308650491,262.785627786558,66.649987043972,2.41960800059307,26.8915011812218,0.0878124129909264
1629417600,49240.8356049094,3278.21872413793,183.343660584644,1.2589762758356,693.157075665661,0.326713888119138,0.383869368356489,282.21334047088,69.8824111895887,2.45508946975522,28.6553913811233,0.0899530695259248
1629504000,49070.2409701929,3234.70727819988,180.543527539013,1.2242934481307,679.362402824805,0.317965835099326,0.373262530553224,289.295611855694,67.7524752089371,2.45127294086278,27.9778149071789,0.0882346240781057
1629590400,49363.3160952659,3245.89347866745,185.916554711869,1.22751233190812,672.764734968591,0.315080664495456,0.372047375741446,305.139797355418,67.5839592430648,2.673250167502,28.0256707973812,0.0880521005846882
1629676800,49590.8763676213,3322.63785096435,187.246991613656,1.24936398636492,678.717775818724,0.318119735368939,0.378999172928868,318.704349612982,68.3300453637171,2.92741309725427,28.5739369666159,0.089977088464097
1629763200,47925.8622127411,3183.60909175921,174.266004234391,1.15124441943277,640.716773246509,0.290931516424785,0.353838952669657,309.418978986944,63.4100148414503,2.7436671424671,25.9725689997071,0.0851813484056069
1629849600,49002.3166049094,3228.70326125073,178.004946911949,1.16954253788248,648.636461307226,0.292580928451773,0.358395384651495,313.903687638761,63.7658562781069,2.7384944568213,26.5290604174908,0.0874165729357647
1629936000,47190.3449929866,3120.59653535944,169.47011679873,1.09301060508293,610.882454840638,0.272534085576634,0.33873583368637,295.156830956871,60.2659949926509,2.56845086944369,24.6617639479734,0.0838573721303001
1630022400,49048.4755891292,3270.01309877265,175.688568413869,1.17795525469977,633.325693830526,0.293806786335398,0.355423565923544,314.942900943034,63.926882292479,2.92443383721818,25.9467244226249,0.0880780432993432
1630108800,48852.4687995324,3242.67174956166,175.248295572611,1.14484553593367,644.248641767852,0.285058600280931,0.346763273973727,299.872140269346,63.9514599088885,2.84806806909752,25.6577936852504,0.0883270018224789
1630195200,48948.3479579193,3230.91460140269,175.238648704489,1.14613686454096,662.522954938173,0.281746985078609,0.346241276235624,292.267318482618,63.3943358910075,2.86096588545296,25.7934591946801,0.0886082867729571
1630281600,47125.7685189947,3238.36036382233,167.804896361132,1.10743301547425,633.648777397986,0.27176901585784,0.332053045517681,283.061092872507,62.0598811015864,2.74217503587214,25.2031202760958,0.0863940351965263
1630368000,47219.2443424898,3431.94775306838,171.597822864396,1.18562612173481,636.438789605398,0.278126724347015,0.342119554146339,287.258949199211,63.9655746595986,2.77975558463071,26.686954687529,0.088795971601861
1630454400,48688.5375572764,3793.82968188194,181.278064088618,1.22907129662889,653.70031562066,0.293037887828062,0.353653397988608,302.133787521826,68.6010445756868,2.86061470424827,29.6089469759463,0.0947554145797604
1630540800,49369.5862746932,3791.89593600234,184.014631024606,1.25874436244085,664.264424404568,0.296461662439791,0.361251422138352,302.746741237679,67.7645340736922,2.96547942801663,30.083446375686,0.0997266299116357
1630627200,49860.5341635301,3918.58263822326,211.734863988159,1.28696257302045,710.034006653915,0.294960012339622,0.368701054567134,303.231452315796,69.6942207219709,2.95541819659154,30.5912400958326,0.101212387613298
1630713600,49919.577563647,3886.23001350088,212.83507984301,1.25137085898277,710.38139882796,0.299311984206178,0.372157960426684,304.728200859652,68.9642485168815,2.83744136777392,29.9335578387784,0.101666116097945
1630800000,51747.6438565167,3954.61792343659,228.514271227632,1.30176587056688,756.471199229493,0.313618490177438,0.396055674638304,313.92125027176,73.5363809504518,2.91577900370904,33.3105498708555,0.104909143697189
1630886400,52640.5883740503,3928.83401098773,219.12169566515,1.38667956552923,784.163137190396,0.308614055910165,0.423454818254126,314.906881123419,73.7474824024244,2.83001264512705,34.7991963339713,0.103714219777783
1630972800,46854.4006028638,3432.84963062537,178.155056838155,1.12789771968181,670.69898038303,0.254143140025767,0.335566389784946,262.188310208512,59.2486767507287,2.504260602917,28.2452523037087,0.0852583947894879
1631059200,46187.9757306254,3507.77644915254,179.829194986054,1.10722706902594,663.719885564563,0.256713967158431,0.330220973723315,257.715029750466,58.748083305409,2.49619458639121,27.2407274503827,0.0929870247011965
1631145600,46448.7748290473,3432.86342255991,180.850879411559,1.09187468005046,661.893200822749,0.252489652707405,0.332217487029791,262.028365942401,58.9134782561487,2.52069854533576,28.0364701993066,0.0929094218976097
1631232000,44765.2755762712,3204.17646580947,173.657405607617,1.05199698168797,627.324990038042,0.239172013330452,0.316030312053852,248.369254644427,56.122586312758,2.37341985387303,26.2737502424266,0.0905044082937437
1631318400,45098.5916447691,3259.20964196376,177.998036444034,1.07423114578879,634.38776662668,0.240202108195502,0.32333348328826,249.105339936087,56.8605683740986,2.60497584766698,26.8696464893411,0.0949001270596241
1631404800,46180.6124563998,3417.71937288136,183.667543097693,1.11932436202068,648.755372739558,0.251806938146037,0.333837064196321,257.113897225393,58.3313041922659,2.59862595863301,29.405818699709,0.112828430068006
1631491200,44991.5221277031,3289.54985417884,179.791116302627,1.06584996536089,616.051886537665,0.2361035367614,0.318729984246434,263.212038370062,55.7226813460533,2.40719011695648,27.0463088008217,0.104683114092196
1631577600,47022.6177597896,3419.67508416131,182.835753505421,1.09312326794594,639.779212422294,0.240055801042766,0.329885767710998,268.856683491406,56.9960439691849,2.39520744439078,30.4615962850115,0.117489850371307
1631664000,48167.1893676213,3591.05804003507,188.635114151007,1.1192512492436,652.294968326412,0.24709265988259,0.340494577304791,269.022858814816,58.9936907321427,2.48985612286202,30.6030816189767,0.120029984308593
1631750400,47797.3283237873,3567.72092518995,185.731791208025,1.08977616631244,639.822095485001,0.241111173516518,0.330827426812829,264.330218353444,58.0348442746393,2.42165936685015,29.8853904372956,0.116046676189106
1631836800,47213.7941294565,3396.52101694915,179.58371487878,1.06293897778653,619.856665482451,0.239641834141696,0.318814066226409,261.885618678986,56.5832190333224,2.34823734949732,27.6805579670446,0.105092616378879
1631923200,48204.0136519579,3425.02434453536,181.127938977359,1.07447667204274,628.480504929819,0.241247129984849,0.321688536892201,271.353925782933,57.1283963513633,2.36626375984774,28.3322819624208,0.105725004509539
1632009600,47218.4739964933,3319.99040093513,175.21638075344,1.04703143149722,609.714794503443,0.232754638316287,0.313404457604271,260.20308756003,55.2987125090181,2.28350604059853,27.3227927193675,0.103422122633535
1632096000,42855.5103448276,2965.36816510812,156.567568883819,0.917902703083498,539.380481019875,0.207380666072573,0.28153856959807,232.027050994689,48.9896434936411,2.07455660968989,23.4533708861292,0.0913762375261521
1632182400,40526.4893760958,2745.84817299825,147.484006509403,0.870390775004732,502.234358979513,0.199895231089176,0.264698881553136,216.326318672245,45.209835796948,1.97962331230828,21.327591597494,0.0879476491517411
1632268800,43577.5724821742,3063.72133167738,160.851541533419,0.999223946374544,545.936726212814,0.224089537501427,0.292056969050233,244.373360624879,51.1012931339241,2.24171397018164,24.3091990598203,0.0985345404376195
1632355200,44861.2980329047,3147.4950742256,163.714578519346,0.998121318268959,551.134812021662,0.224631279959057,0.301169592612502,248.74297064913,51.2387705182108,2.31219920860211,25.2935196376261,0.0988636702282516
1632441600,42803.307701052,2932.5593233197,152.030286761109,0.944047031689722,513.317470667567,0.209224758932875,0.281523485429271,233.446450632409,47.6750291716734,2.27790484912694,23.2793311864779,0.0922131046287694
1632528000,42735.2658240795,2932.4982798948,151.395016336391,0.941751984957245,517.620799951838,0.20870623577169,0.277358192964605,236.625936241724,47.4744630207184,2.30417477204293,24.5075591526514,0.0907368644444715
1632614400,43131.2941773816,3048.59561689071,149.926653998585,0.941385397159063,501.517498948263,0.204332200968806,0.275474251325647,233.418239357244,46.9472781917774,2.20393024771511,24.4367953608377,0.0874262133270689
1632700800,42496.7852250146,2952.49630537697,146.308120818697,0.927971893578059,491.581046603891,0.200629398910734,0.267026098795063,236.069634271381,45.761288962248,2.15111779881633,23.1972226561719,0.0867961577836999
1632787200,41223.7862743425,2815.59470835769,141.350766190989,0.898306436486957,477.19160216629,0.19734291766785,0.257609289041881,230.662481939323,45.187653232082,2.04530573784954,22.1793580256668,0.0836102418053858
1632873600,41453.9470131502,2843.27176943308,144.439711013809,0.925010910534148,483.966564016061,0.197968770757039,0.269141492408102,233.197042718799,45.4331945035323,2.05231740802595,22.7915198514657,0.0857153794065254
1632960000,43781.546015488,3001.52751344243,152.941524774188,0.95138500938944,501.120702019527,0.203766747506382,0.277959576145885,250.566433798701,46.8883322320913,2.11103371657402,23.8352168163604,0.0892017634002056
1633046400,48078.1315543542,3299.44177030976,165.798480204083,1.03980872979934,542.022614567683,0.222020546269938,0.299418953529521,257.26536593022,51.7832061446095,2.2432389342243,26.224785700602,0.0944531062434936
1633132800,47792.4391943308,3393.85702828755,169.617377612792,1.04135843658919,552.613102337278,0.219446955262227,0.317802814730004,254.033076102693,53.3810362372599,2.26015781610221,27.0359646883423,0.0938443556804505
1633219200,48202.6229177089,3420.43901578025,170.718751038274,1.05473798916982,571.185132693503,0.221561839198792,0.314667818619007,259.0475116073,53.7837159801433,2.25530228614259,27.5700032851931,0.0949074490133578
1633305600,49288.5013106371,3391.62332057276,167.810615333922,1.04746121531553,551.873927641881,0.243107340757069,0.310288413483395,264.336694660066,52.7062421911035,2.19675322488767,26.6027994856943,0.0936519534552641
1633392000,51558.0493319112,3520.41445382817,173.97306356935,1.08037444796068,595.137657693173,0.25218223422243,0.318459829145275,272.128949829696,54.5077058437921,2.23545041115035,27.306339797679,0.0968495815874827
1633478400,55419.800411163,3588.43408123904,179.135814015018,1.08021602007421,618.425403283875,0.252315909975362,0.355502082672573,287.469640909501,54.9941967486986,2.2116669994066,26.9133501419304,0.0954114968718849
1633564800,53805.1569125658,3589.30707393337,178.420866897067,1.06775757641418,610.131595553263,0.242434208982294,0.343738162466686,279.146012367959,54.245827329796,2.27365655288609,26.8233778034018,0.0953375264456602
1633651200,53933.5275908825,3561.09410490941,175.669250258652,1.06061281555955,595.447762557371,0.243278484288932,0.335199577547692,278.228604938466,53.6066623625937,2.23323235069797,26.316681671236,0.0974299361891903
1633737600,55010.9224751607,3579.87203652835,179.958002346916,1.16481718769216,615.437974862892,0.246880851926766,0.352589958845874,278.274490255791,55.6500241348541,2.2667079041648,27.4322597895973,0.102809731279205
1633824000,54701.2797022209,3432.00171537113,175.436418174731,1.14160832002505,585.768185531452,0.22969336957559,0.332686539257399,270.946017938029,53.0976900714447,2.19664951193932,25.6447383507783,0.0978037953789459
1633910400,57289.1864570426,3519.56701022794,178.319773893369,1.13006428166771,598.558903298101,0.230376023766707,0.341759160297714,274.863101276711,53.709605784743,2.16308094110919,25.0917882902555,0.0967938107808563
1633996800,56196.1812597896,3491.26025043834,172.291733517106,1.10109826561967,586.402224252005,0.225741274699533,0.332995175356315,276.736199356447,52.6971513734996,2.11615701820838,24.6294024824998,0.095162525710322
1634083200,57348.8928769725,3597.56289830509,177.457126022622,1.12703383494324,592.675937011797,0.2322644696982,0.367120526824539,274.590522635141,53.3088890592204,2.1841529356303,25.4900206873483,0.0977696491267237
1634169600,57384.0369146698,3786.54223734658,180.307191420146,1.13250784052242,597.662162275119,0.232598682249031,0.368379882077433,266.625547069224,54.4013537001673,2.1722977461811,26.6383473984233,0.09708876140794
1634256000,61446.0840073057,3861.71246171829,189.276734426949,1.14111911372359,624.688932843363,0.23420304497024,0.361618091534717,274.728673119627,54.4608551857819,2.21682961528301,26.9327607716548,0.0987778002287956
1634342400,60932.0632119228,3836.76805020456,186.519314163205,1.13785133661262,627.799055648769,0.237940396102037,0.398575895964274,268.519955675276,54.2150090685647,2.18230915806932,27.3223264207215,0.098820243498068
1634428800,61462.2223722969,3836.39770426651,183.558971174808,1.09155442888905,610.536965972358,0.237471982725584,0.383417687382522,260.861866838478,52.954184847624,2.1528424475237,26.461438460876,0.0985142490277163
1634515200,61977.0575514319,3746.06606575102,185.511248643668,1.08249161895144,610.681338337612,0.246741351963043,0.37976422278592,256.267242332817,52.4805275631069,2.12882428121562,25.6820877722118,0.0980203431514757
1634601600,64290.8977574518,3875.04413851549,188.500465405627,1.09106982523372,618.967918771958,0.245524729474115,0.374159273878486,255.115894909962,52.9055931741316,2.11089128104209,25.9174356112649,0.100532241182268
1634688000,66061.7965639977,4153.38661163063,206.965248605367,1.14121393965564,644.823793923714,0.254763355252319,0.389962807573029,260.304986248924,55.6261946697046,2.18772800551346,27.4661468609226,0.103174042930484
1634774400,62373.8856206897,4065.16743161894,197.228227455082,1.09146922157689,624.754926654385,0.243214075892714,0.374045033308563,271.519265332411,55.6935220196664,2.14107539439756,28.4007060285032,0.0998199887670773
1634860800,60750.9673718293,3975.54315663355,191.01775928109,1.08973262971897,625.298320944977,0.245247625260096,0.372548963136325,267.217895607663,54.5862025298364,2.15825407871141,28.6481816023166,0.0997705134445831
1634947200,61250.082628872,4159.57953886616,195.978099366032,1.0924605459824,628.218632576593,0.249806270682158,0.377294452343986,267.136903824258,55.8389281945418,2.1629520810968,31.1965766664412,0.10063675543579
1635033600,60865.4470523086,4076.59357364115,190.164676341443,1.08219184700451,616.611457723678,0.275555925957637,0.372182482228106,290.328876336896,54.9126815772109,2.11861327461113,29.6802148991711,0.0990250956015242
1635120000,63031.6729015196,4214.41058854471,195.31938627276,1.09462970575975,621.594586117357,0.264177490815424,0.38495782295899,287.020907875841,55.3406893943402,2.14555204217334,32.3215252562913,0.100731759355643
1635206400,60393.9802738165,4130.63251782583,197.51619563598,1.10789048322933,610.609090820428,0.255868445857271,0.373089026239277,281.092499852001,54.1865755851048,2.13878186455309,32.3983304605835,0.101153094184899
1635292800,58563.3359899766,3947.62192840444,180.740687292057,1.00110959095083,551.57606749548,0.238359256211096,0.332266280755448,257.200935666723,48.9626117538532,1.92589243602704,29.0759986461734,0.0912297075721455
1635379200,60564.5721122151,4278.7702685564,189.960634761281,1.05845799133597,579.163832583026,0.299730841169502,0.342823552697036,267.441083106676,52.122876829098,1.99336149859109,30.1473382589588,0.0952401753720847
1635465600,62230.8055689655,4413.18682086499,196.341457663253,1.07992672764604,593.248871679931,0.287649888924029,0.361014555448302,268.356098448561,53.6697561118404,2.01141474769514,30.9337665797633,0.0991536208496781
1635552000,61742.9165321449,4311.34383021625,189.767493622037,1.07635787558328,583.666203268356,0.266894729745811,0.357249975004315,262.322022362669,52.5957428650583,1.94764770185527,29.626382786624,0.100682436702587
1635638400,61432.9700628287,4293.96550701344,192.08986563231,1.11464817951803,597.355771959462,0.281145996962567,0.373031261409423,274.464692106616,54.440267800661,1.96780020598428,30.0468094396488,0.101334675317023
1635724800,61092.0950592051,4325.78806049094,197.802055180334,1.09316312790826,587.691507879176,0.271876385556308,0.366667195227518,271.317512480174,53.9224610249967,1.94979325539621,31.6599069960143,0.100605234914668
1635811200,63024.7472296902,4586.37950379895,200.103248286396,1.13277786807999,597.604658947363,0.273179601436325,0.380500090088478,274.844925940384,55.2116477567843,1.96640084256035,32.1930734705967,0.107171684511282
1635897600,62955.9817630041,4598.85212857978,206.885382615248,1.20770744303383,611.310307620576,0.269048420219483,0.384732247966495,266.183387567703,55.5401497105823,2.06286046409318,31.8594955905208,0.105750216409533
1635984000,61393.8899780246,4535.60184395091,202.664256784211,1.19893752579963,596.086463942315,0.26279505032052,0.369413534422922,260.675197164578,53.7441480369093,1.98467535132959,30.9805087089287,0.103461548707058
1636070400,61005.840833723,4476.89731385155,199.233978831464,1.15923029285606,598.254016033651,0.260633913323072,0.359840731416056,256.167348798187,53.16004382002,1.97763171545013,32.8693483331445,0.103468197885058
1636156800,61455.0536268849,4511.6425622443,197.679672210898,1.15010149746893,588.492072982195,0.261846337093328,0.358952400916171,259.976635641769,52.7224862846445,2.00350161591191,32.0113677333005,0.102250026420322
1636243200,63043.8290590298,4609.29109146698,201.244905178914,1.21676509737698,599.165092418837,0.266125955600655,0.363123675368323,266.681140170685,53.77819247697,2.01958879122206,32.2488153400782,0.104337764888471
1636329600,67541.7555081824,4811.1564628872,228.457781728342,1.28515918474664,640.021180059682,0.281878375577197,0.377490110700371,274.715076770198,56.2428218856507,2.12804152055883,34.4659444515506,0.109924883744938
1636416000,67095.5856706605,4735.69674663939,264.536825286615,1.26192632703325,718.840088237543,0.274187748864879,0.414222226647198,290.397722255459,61.3701159162868,2.27976604513807,33.9267360349013,0.114415064529091
1636502400,64756.0779689071,4619.95512857978,258.776728939862,1.1850564403638,664.824025849727,0.25415992057355,0.382615818361015,266.467081402487,56.1512441391218,2.08960296823257,34.1285911295642,0.106159512864352
1636588800,64962.9312939801,4727.74631618936,263.254072229705,1.21979039074679,676.970074372233,0.26129064267426,0.391713188144584,265.601740796039,56.9301042458408,2.08681684112859,34.8927875472561,0.109187112720266
1636675200,64078.968037405,4662.76119988311,251.411283834836,1.1894510180951,668.698461341525,0.25881434406632,0.379859504572504,260.861787849664,55.5152548033834,2.04884238120105,34.2747521819516,0.107987245789979
1636761600,64397.7912063121,4644.9424868498,257.796557428547,1.19001087698623,665.965083601825,0.261363108260139,0.378760198280015,270.426766749125,56.3633636582226,2.05203124322127,34.0554735157097,0.112701246237748
1636848000,65032.2256548217,4609.51656691993,276.56983404001,1.18431843654832,673.954642022625,0.262219781269145,0.376606981340341,273.878431484119,55.9866894448186,2.0339315173093,33.6039307516655,0.116461431052493
1636934400,63753.5031592636,4569.40776972531,263.903394695793,1.17497944106876,667.010005543304,0.257217246487794,0.377466080990112,268.873488021392,54.8855386773838,2.0206740022727,32.1278975902066,0.123855364059093
1637020800,60322.4978530099,4234.13146493279,231.746643848399,1.09475395389395,601.902884636042,0.238380239331833,0.345276524400935,242.641832708879,51.0999368134565,1.88490845947367,29.4199422573017,0.110136714348888
1637107200,60154.3083661601,4265.59900555231,227.621129005062,1.09341125798947,591.618494050283,0.237041868423652,0.344965359596842,240.860118337081,51.0300686591652,1.86842987108955,29.0927340485572,0.110883685919347
1637193600,56794.1556271186,3985.67437317358,203.588123124967,1.03806353647784,553.312687034855,0.221380181346629,0.32692733299064,226.203519411556,48.2668723099949,1.78180068638321,26.4224564549746,0.100258508012988
1637280000,58014.0729888954,4291.28635008767,218.217233720246,1.08898075742381,573.986720527093,0.23302216102922,0.354114793844788,238.276075291413,50.6840388122887,1.86095918901427,28.2888868251568,0.104025897258756
1637366400,59749.4738229106,4413.14425073057,225.24010059721,1.0965375194648,583.673262401258,0.233751804011279,0.348422363052625,247.276843470777,51.0293861842734,1.9193785092573,28.3045819727274,0.105276012672829
1637452800,59032.6241017534,4310.08043366452,224.050967719322,1.06994437491577,579.327433229726,0.227579277877375,0.345188351636147,252.254883910021,50.8803400288571,1.8517933840927,29.1076739246472,0.107754358575142
1637539200,56383.5658760958,4096.77240122735,209.877796099011,1.03754781837413,558.040390102838,0.21987392713124,0.337169543713987,232.659689964494,48.6921550730222,1.77847447986538,26.8091561384105,0.101940638178096
1637625600,57642.2657980713,4348.15622793688,216.888088886305,1.06587990721663,573.364087225557,0.22654893492392,0.341098793322374,236.262374780989,49.5925668655696,1.75058885019739,26.9666415506601,0.10300995064792
1637712000,57141.8303784337,4261.96911367621,212.202944567006,1.03175245672543,615.22255866293,0.217489998384632,0.327209286787293,244.28153761608,48.2511060396655,1.6658572600815,25.5820105562451,0.097631743177156
1637798400,59008.6554792519,4526.04295119813,223.7370055167,1.04549716445014,618.334609057926,0.221864993733567,0.34238577373611,248.569474851273,50.5247761986761,1.68535839847034,26.425641322006,0.100248085530353
1637884800,53800.6178389831,4052.00856838106,195.930242526899,0.941500373981298,558.349728723154,0.202392689354976,0.329252601996383,225.360098873409,46.6328031718591,1.54163860274075,23.9994709799695,0.0923976129727686
1637971200,54635.8824628872,4086.92330187025,194.106227563118,0.942779229439004,561.707504838277,0.204431400433186,0.324807590107262,227.461127487717,46.6540721545475,1.54220025832051,24.0222736869478,0.0930987298125513
1638057600,57248.5696963764,4291.07917124489,199.091797974761,0.966588986392038,567.456467133329,0.206967180424714,0.322647231921042,238.869847507609,47.4528728250611,1.5890596285533,24.7488011916123,0.0950359648183793
1638144000,57920.7107299825,4448.40999064874,206.966043449491,0.993296239012067,575.542375675874,0.215473208759014,0.328848046836977,236.096783509729,48.3940685177988,1.6079604048065,24.9844641424683,0.0966626432751016
1638230400,57097.0127942724,4645.05362711864,208.418012331304,1.00079397053078,571.566336938756,0.215615430973181,0.337048191603162,238.866424494874,48.4781416307336,1.55695491407844,25.4261868379102,0.0967680826580724
1638316800,57180.6098439509,4584.53445119813,208.631799345419,0.990655994357366,570.776828616222,0.209047880344401,0.328021109144915,231.041216541157,47.8434858507842,1.54728801982891,25.3891076033025,0.0968878613207601
1638403200,56582.8937691408,4527.54475686733,203.697322341151,0.975359665049305,562.486877983503,0.209500776286895,0.337673390799601,239.077395002985,47.0965069163765,1.71689823224024,24.6015905770224,0.0977505974112663
1638489600,53671.6160680888,4232.93315078901,188.903937444892,0.924851614718191,534.851968049764,0.200391928447129,0.326927516704257,224.157035950338,45.0094956861352,1.56605415963406,23.3357267878975,0.0940675257221979
1638576000,49159.7357983635,4097.76126125073,163.309188605727,0.845607382934665,472.210951654654,0.181961482208762,0.292671665809468,204.070092633932,39.3846885297459,1.42092433832078,20.6057146237723,0.0868887615293309
1638662400,49327.0935999416,4190.58069286967,156.117616654203,0.803445859359192,453.622538251446,0.171130600794691,0.286046038891058,201.004461063723,38.8265285279358,1.37533433181378,19.3909304147613,0.0841686681718384
1638748800,50535.4252232612,4341.94102104033,162.607742298469,0.825211196234448,475.438379214752,0.178108722215427,0.296125093874388,201.506124061492,39.460303847294,1.4215061811266,19.8205845240332,0.0873860826504885
1638835200,50574.4728344828,4303.76265166569,161.604918533445,0.815281673078981,474.028387072673,0.17669445309194,0.286024192024266,206.105976590204,39.4988705276496,1.38105327768609,20.7681751990741,0.0901476363631714
1638921600,50500.6543513735,4427.31263383986,164.660710056481,0.861219452845188,480.348870460781,0.178916928362084,0.304712649851688,210.53984564079,40.9539702315836,1.392999345913,22.7047827205955,0.0926363714873138
1639008000,47937.8228458212,4157.28748042081,153.394760685802,0.871569283704,452.962905624737,0.17100622755333,0.276576487203256,190.866660530885,37.8734680125126,1.30151928305043,20.551804387014,0.0893275931934552
1639094400,47437.2289725307,3931.61310549386,150.16366208984,0.808449818783828,442.304724812333,0.165605773045002,0.262759874469253,191.602890381416,36.7979749260278,1.22485778880903,18.7281976025259,0.0883838020770059
1639180800,49321.7693252484,4079.58498480421,158.218740910477,0.838882589145765,459.525063065111,0.168757086384096,0.273934410529145,198.690255046566,37.9806614650594,1.34718769951175,19.9192409742714,0.0914494033030612
1639267200,50136.5722568673,4140.98769053185,159.454973808653,0.842004259341438,459.154471881065,0.170099738025579,0.276556255745986,198.116675829928,37.9926012460026,1.35021639204065,20.4959980013307,0.0912443642404344
1639353600,46785.3278410286,3788.08233664524,145.037762105046,0.784445339358419,423.720164827797,0.158023933034995,0.254040705857114,184.638261678078,34.3771096636589,1.22938065416756,17.8229374581939,0.0851769393474753
1639440000,48292.6822501461,3850.76330829924,150.315295440722,0.811196724334194,436.061251163053,0.189821195453871,0.266782905945469,186.622967547292,35.3796521725966,1.26461903208697,18.4008684550099,0.0869128777842624
1639526400,48830.6223860316,4015.64231209819,153.322829841326,0.826025254322825,446.982364044587,0.180711077398819,0.271408312638975,187.374877234331,36.0579192842345,1.30786361165856,19.6416196747556,0.0874510841874668
1639612800,47663.4691077148,3973.45109526593,149.207472228279,0.80730667026841,438.88573225374,0.173798586385877,0.256504590414164,187.931089422516,35.2153712480105,1.24352942253684,18.7970770267122,0.0854720993271877
1639699200,46334.4837489772,3885.43008158971,144.5353922438,0.799587925418363,426.255115100375,0.169345758323337,0.254567057548036,182.115014204647,34.4002978179582,1.2213968398002,18.2873283155287,0.079822625400771
1639785600,46904.8736753361,3965.87124079486,148.977169344487,0.827074606099088,436.35479664189,0.172288362383591,0.255689804969722,181.215891752036,35.0769980913655,1.24369748513248,19.5395647436065,0.0804901652074686
1639872000,46876.426924021,3937.56586236119,153.946309228565,0.837618555614956,435.114998436326,0.170094610736499,0.25406814086811,184.030728057061,35.0116706033119,1.24921080489763,18.9952606296858,0.0798041987767717
1639958400,46954.7634783168,3939.67427615429,152.848452397898,0.878936277040211,430.77781574943,0.167273441153029,0.257874702978112,189.192092281271,34.5756274844849,1.24014818036069,18.8132176390249,0.0776246904009211
1640044800,49082.0624666277,4028.99787901812,155.216274552998,0.948940688171896,438.782894957847,0.171031136960548,0.268084571192447,189.565209723126,35.4280539999302,1.28176984165194,19.5175333909015,0.0791173271442812
1640131200,48692.0987391584,3984.71278784337,155.475196292657,0.955076298897767,438.634828113242,0.173160484304483,0.268328385478405,190.081768400086,35.7754116877725,1.33220130182331,20.0177875920331,0.0791571563758496
1640217600,50712.9707682642,4101.84956078317,163.208820991106,0.992922382849634,454.772058431613,0.183226318083963,0.287808980128381,209.791038621993,37.4532128920619,1.47308098412769,22.0907190352406,0.0825381307760705
1640304000,50783.8344210988,4045.16450350672,161.244982101757,0.908946582160244,451.874869468375,0.186593415001297,0.2784376155428,203.316109085454,37.3658088509147,1.39440918643904,21.4657032925905,0.0807605002390171
1640390400,50590.4508976622,4099.92122180012,158.603032947527,0.926684125526471,456.592091990742,0.191365045212553,0.290465508773267,211.805857980532,38.2232165940322,1.45451601075398,22.1650006434742,0.0817117501581225
1640476800,50798.3065859147,4070.35206282876,156.156787604998,0.920573106568082,452.094743196027,0.190312142343695,0.291851542048446,216.569695706757,37.928148478139,1.45477483036636,23.0169234319803,0.0815269513877855
1640563200,50796.3776735827,4044.38847749854,156.236643088304,0.928375271540669,466.189757814317,0.188336120586183,0.300899917703978,222.065786576432,37.7126191154159,1.52363883929046,23.1143880578751,0.0812139750264877
1640649600,47673.0440452367,3806.11023553477,146.404857378559,0.856453544435381,441.472613353675,0.1744615391636,0.276262295500881,209.277742182048,35.1007838769073,1.41252542988377,20.5438067763632,0.0774240962427206
1640736000,46470.3215751023,3638.66337872589,145.626437737482,0.81709369232697,430.360178186193,0.167901296305824,0.267393847928107,214.102495500548,34.0772678262957,1.3362921493955,19.7549270241469,0.0765260257611594
1640822400,47102.4630037989,3708.0373351841,147.77767236447,0.838507410062175,430.76314507092,0.171319342393465,0.267635801749916,224.729313998888,34.5553665047337,1.35314503975713,19.9001165318982,0.0777346184066028
1640908800,46355.1173302747,3686.9517918761,146.489834772915,0.830969097308865,431.16907473861,0.170559483939401,0.267536578229185,229.318129100368,34.1803170087896,1.31172975353777,19.6210084526711,0.0753773371937762
1640995200,47560.0093816482,3761.05964026885,150.236871457458,0.8478111437456,443.445586349065,0.172773918884291,0.275673318527507,249.638858650381,34.7517629902019,1.37117654810974,20.569716014139,0.0763944287475987
1641081600,47352.5577565751,3832.36560987726,151.406203784606,0.859585303260477,448.067477413131,0.174473135138326,0.291755514093706,239.208997061088,35.4204138544771,1.3776445528896,21.8110730844362,0.0778018996844969
1641168000,46453.432351841,3765.44034950322,148.527140359694,0.832932374272168,434.831860847652,0.170033613532677,0.290362195347181,230.859600441533,34.7208437805559,1.32194794424647,23.5658459252753,0.0771038329985726
1641254400,45905.9611221508,3796.64046078317,146.568501537152,0.825402184203407,427.351582152782,0.168497637148357,0.279815021099228,223.12165574617,34.1813313776824,1.31290791968294,23.5973415809024,0.076109957214542
1641340800,43530.9440388662,3545.75825844535,135.518813810126,0.772380769930423,401.916448631253,0.159201963324984,0.267242152865442,207.571108649544,32.0765508609094,1.23681263821815,25.3005263545006,0.0712396651467659
1641427200,43144.9652928112,3413.23750263004,136.422526180451,0.781153502404887,400.60610497517,0.160205465853321,0.268053757016577,203.976134980472,31.6786611315883,1.27910757265815,25.3008574280697,0.0711541657803385
1641513600,41512.7845808299,3190.12681209819,131.026541406052,0.761877086614012,385.386669589669,0.154732789376596,0.256359328311151,193.927039878825,30.4096879480527,1.20871601963979,25.94805161694,0.0680065477577033
1641600000,41799.8128848627,3092.88001665693,129.99058260268,0.748361650878677,374.262112058149,0.151267634431796,0.255739100932605,184.899717501862,29.454012615705,1.19139497560706,25.5727536575159,0.0656234026094547
1641686400,41886.4985569842,3154.84015575687,131.031173716065,0.75386118716923,376.828787093842,0.150565827145508,0.260978574880569,190.273553054692,29.7679835616392,1.17194112896298,27.5828735958018,0.0661303320363973
1641772800,41816.9510561075,3079.86577586207,126.693325986879,0.738512492765822,363.807842126917,0.143016167760419,0.252851505617945,182.784216089479,28.4819910418435,1.12960042626449,27.8553201304661,0.0634685763199457
1641859200,42768.1786116306,3241.95426534191,131.595879423176,0.771408313655702,369.808433096752,0.153372727526171,0.262211888919067,192.432329132072,29.6282688772678,1.18515550289205,26.8409690193258,0.064902405393529
1641945600,43961.0265441262,3372.8478100526,141.653640911692,0.799508232221198,383.789820126937,0.161212054227767,0.282750566493904,199.063942287786,31.1261624214435,1.30449670291186,26.797935400531,0.0681203630523245
1642032000,42626.8653924605,3253.07153477499,137.008679797725,0.769482351665161,377.710525581171,0.172836271989934,0.270373726193993,223.000605489,30.3285270392914,1.23687787021907,24.9634320180639,0.0663687308040941
1642118400,43102.6476180596,3308.71572647575,144.619673468022,0.774038359666798,385.775033391731,0.183769624751481,0.268970502439786,229.155975103661,31.9810173380862,1.28652783116932,25.7230730997123,0.0676398554143721
1642204800,43206.6744812975,3334.44671624781,147.9577217338,0.781514914480014,391.48520637682,0.184927112835316,0.259723740669877,217.930228944725,32.933807951154,1.29735268856637,25.3109828161394,0.068597865291813
1642291200,43168.8596671537,3356.33249970777,146.645957477868,0.779704782054184,388.893396461106,0.177386285649423,0.259163891024329,224.683096910706,32.3124760493802,1.41318208355868,25.6247259260135,0.0698478886023661
1642377600,42211.270399474,3211.12031502046,151.644863380679,0.762387621620542,381.018941544042,0.170456641292486,0.255771408481494,214.994599750875,31.0285748846833,1.5717853775252,23.8307729911847,0.0707268699284421
1642464000,42431.2319670368,3165.79673085915,141.76692941876,0.752955582176912,382.21319499287,0.165352265189508,0.25448058186402,204.34358941874,32.7469086188379,1.47121671995766,23.0454622665872,0.0685710087545336
1642550400,41787.722012858,3105.41949795441,137.181921258477,0.740712653916548,370.718802994568,0.162605785291479,0.246746178415243,201.9811234851,31.5117336785476,1.34260436368233,21.7116443547819,0.0693406136266728
1642636800,40756.1261630625,3011.87563880772,131.058945956518,0.721357785724969,358.505634915639,0.155665840180873,0.232683410408078,189.430381164997,29.3456872134123,1.2612298619891,20.2377148452787,0.0677190113429921
1642723200,36492.2872241379,2565.0556484512,114.50413560098,0.637055690826828,315.547048965958,0.142710581343915,0.2039157681581,172.699484268186,25.997400277603,1.12724349578781,17.4863407076493,0.0610119700852933
1642809600,34996.390965225,2400.82875043834,108.230788168883,0.59429457685865,290.884511258632,0.132454850627888,0.191943198456545,151.347558745776,24.1087009777391,1.0652732695601,15.8115399810923,0.0566523027597405
1642896000,36271.0502650497,2533.49403682057,111.918226594679,0.628556602244306,301.638856457657,0.141571888325105,0.200022119559309,155.680413475383,25.0748679918785,1.12117032949718,16.5121744558241,0.0575840209886895
1642982400,36659.7252206312,2439.12303068381,109.595783290373,0.612243978400354,292.013139462279,0.137432069690089,0.197226895257265,146.839841475599,24.0498866204875,1.06726786050488,15.6010204948581,0.0551218853746987
1643068800,36952.586773232,2458.38200011689,108.136518597886,0.619702256279479,292.823394374334,0.143544938110702,0.196919548019506,145.132704157571,24.032684507404,1.04373198829188,15.5443313029138,0.0560122473364473
1643155200,36825.8245993571,2467.10777206312,106.991813174002,0.621178983032337,289.644793754557,0.143694636659206,0.197164991584844,148.128269091298,24.3818232426546,1.0783474358576,15.2865808371623,0.056276480874322
1643241600,37021.9371332554,2412.6244704851,106.623482799329,0.606818263358263,288.475499076024,0.140852082046731,0.192710377816935,143.302154432699,24.1946664184628,1.04034015810999,15.0716713663716,0.0562834995174665
1643328000,37768.8474836353,2545.54989713618,109.303159361029,0.611544171804475,296.3946195552,0.141629526531756,0.198476529639065,148.688948494729,25.1749536800255,1.0493984895894,16.1007927935334,0.0575748029740156
1643414400,38088.2912279953,2593.19728784337,110.584462017001,0.61587349309227,298.316305490798,0.142814205575339,0.202334028105322,153.403520379763,25.2916163028269,1.05853350550911,16.1835837272633,0.0602210865780786
1643500800,37983.5063845704,2610.55529894798,108.805532038756,0.604034837297935,291.045696210617,0.1396070892537,0.195718998392753,148.166325505971,25.1650257880855,1.03943403502618,17.7894853591029,0.0588506602576476
1643587200,38462.6724029807,2686.26782933957,109.502425808186,0.617942912853578,285.169749368022,0.141651604577392,0.19978710567034,146.69723886687,25.6822600468365,1.05137552031217,17.2118250320641,0.0590013803112115
1643673600,38787.9640824079,2795.5781528346,115.669001034634,0.629350136567746,288.51549903037,0.14276018721579,0.202477876392436,146.580379715005,26.8566907584464,1.08566209519727,17.0387322233892,0.0598410497065268
1643760000,36942.3307493279,2686.64838047925,108.379623176963,0.601250116889792,278.547124156211,0.137282306125455,0.193076523697175,144.765960338232,26.3669973579775,1.02931368792934,15.8253366158274,0.0587058532210238
1643846400,37057.6521879018,2670.65337931034,110.094401948132,0.606465176798933,279.565262260626,0.137352479783808,0.193473361253326,146.390539818902,27.8750353344518,1.05369790785921,16.1433681864473,0.0595674169450379
1643932800,41079.9060881356,2969.93218322618,120.209518101402,0.650766398471868,304.842285802207,0.146723410682083,0.208256867527821,164.368328450286,29.5353282526501,1.12747262522589,17.3297625430206,0.0641266903253766
1644019200,41508.5816925774,3017.60991642314,122.047113810164,0.668335419638527,321.27227193742,0.147228366434551,0.2136905806153,168.990347841314,29.4790347642626,1.12964522323583,17.832150180213,0.0648675092070975
1644105600,42358.2251732905,3049.37219111631,127.070330698522,0.682793419880574,324.474425434583,0.153747183301119,0.223325210668454,173.263880194474,29.8739732832759,1.14258716248043,17.9943749185802,0.0661240248226377
1644192000,43888.980119813,3145.37367592051,137.041396884075,0.825156792474263,342.696830007189,0.16590728667715,0.239367042883307,184.731840631409,32.7054714158232,1.19776587597344,18.8810620709824,0.0686353708473181
1644278400,44167.4447945646,3126.63435172414,134.381984384472,0.879477624719273,336.834079712945,0.158626499535323,0.243119375571331,178.212337184899,32.0989223288238,1.17796387435854,18.4641354160065,0.0681678268738919
1644364800,44405.0732042665,3241.72396054939,140.56137369698,0.88016780465444,346.85360872611,0.159333476464091,0.239645593282343,185.203019031376,34.0195926200456,1.19595347774336,18.6546320528931,0.0699621155135507
1644451200,43614.3426960842,3080.56548188194,135.482672515363,0.834418462366779,343.053699826074,0.152083531035962,0.232654234150678,180.655497310489,34.7002869787735,1.15510904699617,17.5534706795412,0.0687949759112651
1644537600,42357.3217416715,2924.08046814728,126.104902424391,0.759246520806103,320.160779170385,0.144697980364793,0.215301943398575,168.596809571675,32.7133817232775,1.08086214167196,16.1463578682,0.0639509834348897
1644624000,42173.4593962595,2910.83617533606,126.528327708716,0.819350116412983,328.329503043719,0.144010346100634,0.217709702715492,173.587783321885,31.5595849553911,1.05711430848652,15.9433193168976,0.0633649262705839
1644710400,42195.5947451782,2880.69652571596,125.957592499836,0.809239441998098,334.364708984343,0.149377023271304,0.211419311458119,174.332235234675,32.7252039432178,1.04406962046575,15.718898418861,0.0644107968908543
1644796800,42646.1618590883,2936.29826037405,124.882902015997,0.803148747589019,331.731245726947,0.146049187617934,0.211035734554729,176.669048713972,31.4478980658537,1.05048951979329,15.9573228555819,0.064596738431577
1644883200,44511.9084880187,3175.2582150789,131.644312455067,0.845555662809429,343.174368587982,0.151673940206903,0.220467924871922,182.710826376336,33.4823609490647,1.10760910776672,17.2861108147282,0.0667722524458661
1644969600,44065.7092673875,3140.52647866745,128.537781977504,0.840878704340675,336.459021118299,0.149406181527666,0.219943742042757,180.040426332232,32.4294806539798,1.0872642608373,17.2273358104497,0.0665875761783939
1645056000,40610.024261543,2887.98329310345,116.327337260426,0.770245582606218,313.28362426594,0.138890650808966,0.202883894736909,163.712229551752,29.4768051640201,1.02286009092109,15.5924353954626,0.0625389010955858
1645142400,40044.2204856809,2784.71829456458,115.10628551878,0.78829775000396,310.96863157734,0.138765054583913,0.201116658526994,160.165108412372,28.9995159708244,0.996556292278728,15.232277154226,0.063184856720842
1645228800,40095.887329398,2757.59524547049,115.623976481981,0.822347155066603,311.629175752447,0.140899683362003,0.20354323781917,161.628061460849,28.7415869449352,0.997228141817893,15.5004296077565,0.0634897890559428
1645315200,38551.6224967855,2636.38894248977,111.015659251428,0.780478945141246,303.84544856806,0.137178446735846,0.195431068070345,154.828817271602,27.4914280039832,0.937805581584876,14.712496333159,0.062216599814906
1645401600,37098.0360081824,2578.87216978375,103.84971935578,0.707164628574502,285.711197718537,0.128890988300719,0.180218320880307,148.372011748942,25.1879877002133,0.863141460456745,13.5896535588722,0.0599469684707761
1645488000,38202.5940818235,2636.22923874927,107.246865424299,0.720570812295873,293.15250547202,0.131289702900127,0.185251140311845,150.490931351436,26.61861731353,0.887921178125565,13.993466049786,0.0626298142412255
1645574400,37308.2687344243,2591.79215108124,105.77133501839,0.699035111832507,289.099505121757,0.127800787922238,0.182195540074589,149.332638832001,26.5453397731979,0.870486594484172,13.4138469815505,0.0609934787910879
1645660800,38283.790402104,2594.05176271187,104.133375978038,0.693640371271514,300.274145347742,0.123331962783508,0.182406639652863,146.664993873898,26.4823320514806,0.850559053232807,13.233383084441,0.0609482592697831
1645747200,39323.7702158387,2788.59007977791,109.642455799713,0.758562449094698,309.348741049188,0.1276310937545,0.190156073017222,154.360102340703,28.1390965167909,0.899588588435452,14.3767219655008,0.0596913898439771
1645833600,39056.5781523086,2777.68419199299,108.042265967298,0.749078500632138,313.823234972822,0.127300411685347,0.19237400112621,157.491184036515,28.8413446612136,0.886893156845967,14.6384105022484,0.0593420915173158
1645920000,37664.7792828755,2614.48211922852,102.796840541539,0.718361652474433,303.293377129507,0.122748847905691,0.180541462523223,150.568816990625,27.3048272390919,0.854131862840737,13.6137689128394,0.0578811501440484
1646006400,43179.2545140269,2914.46506487434,113.268299442556,0.782051241912373,336.187368069528,0.133011462995243,0.196260952414055,170.037175847913,30.0042199342133,0.956931638884253,15.0977520728522,0.0616411257912242
1646092800,44334.457582408,2969.53468030392,112.458513450944,0.785533010042834,328.061030006484,0.13500218961464,0.198393086444228,177.524500624321,30.2789922487061,0.962436043075203,15.3404578884383,0.0620840214254752
1646179200,43984.584926768,2954.65685739334,110.332793999002,0.769088300817798,320.186385668444,0.133109573172839,0.193601630582414,178.191783709372,29.5991135595614,0.939991578579676,15.3105001833515,0.0615487527781019
1646265600,42492.7744552893,2836.95393191116,111.307837273891,0.75386818487601,315.35208959949,0.129656389309008,0.188280981071811,172.359734781199,30.3103526752071,0.904358655243838,14.9270767911565,0.0599511617982513
1646352000,39106.4052159556,2617.82250379895,101.085480969725,0.711915155456604,289.827291955758,0.122351361645676,0.175999982065745,159.501887449478,27.5998433492543,0.84247221494489,13.7123442547097,0.0581561817031461
1646438400,39383.8848433665,2662.88603331385,104.901932701047,0.754303146495019,293.866568485026,0.124909475374485,0.179967977427144,165.310224461551,27.8297214193258,0.86482296847025,14.0084179183343,0.0604420422770684
1646524800,38399.3426268264,2557.90416393922,101.385436967122,0.726147958843631,283.10976596207,0.12056047490239,0.173147486180619,159.321958765579,26.6333318277397,0.82430683183109,13.3542081055628,0.0589250561317925
1646611200,38146.734273232,2501.00067124489,98.7707846294823,0.723952843042659,275.250366428248,0.117168473495719,0.170505639984861,158.293421060541,26.2072612557705,0.799646904033632,12.7264968561628,0.0586106944534472
1646697600,38725.477261543,2577.76486323787,100.412805285633,0.721211733188703,284.164213569548,0.116850161927076,0.172560636948203,198.945019651208,26.5909146705124,0.800234152618,13.0669140685907,0.0604987380691884
1646784000,41989.4028179427,2726.9712761543,106.832020428853,0.766083230442727,308.330713418188,0.121449680199113,0.188899823313111,188.881624630984,28.0946486576682,0.848316624843186,13.9892598182573,0.0607524566123175
1646870400,39482.2584672706,2611.41140765634,102.62948986686,0.738321033526404,290.357997328747,0.116897994181746,0.179179124926546,179.585861906123,26.7360048032375,0.807052535812455,13.2115108572682,0.0599238124881728
1646956800,38825.3644214494,2562.6069748685,105.1865993892,0.80142730627073,288.535548601885,0.115675272374818,0.184433423672036,170.893875459747,26.5548418658831,0.790729504687009,13.0896021995773,0.0603052911069836
1647043200,38951.1300157802,2578.18213267095,105.976459439253,0.786326252444288,291.377859811466,0.11511485781144,0.18549392594352,184.838050288346,26.3468807756573,0.791155369715459,13.197205847363,0.0596636367584988
1647129600,37808.3174004091,2516.49195207481,101.741869949649,0.760303079369022,280.058708394331,0.111434997644696,0.176641690698318,175.889033172139,25.3888118916913,0.789166410489176,12.721071163392,0.0592791177748694
1647216000,39649.0453243717,2589.37761689071,105.635557309701,0.774606879700845,289.242060503723,0.113928029244868,0.180074159927281,185.633485866925,25.9263398701808,0.803431815296312,13.3800701777572,0.0601826038124018
1647302400,39356.8139000584,2621.23701899474,106.990323630007,0.766531753642709,289.775250240878,0.112711678531756,0.182134495526487,183.240898130649,25.866098715465,0.800520628849997,13.7153176794285,0.0605085832544839
1647388800,41101.768579135,2768.91552717709,111.194463103139,0.791896180047399,299.361010312198,0.116681158565338,0.188887422805236,189.151489337673,27.2954328523544,0.835731732361988,14.6437998544246,0.0610161366314441
1647475200,40966.4169324956,2816.07112390415,110.307483766212,0.793633410939628,296.290721225052,0.116418849025662,0.189931912018988,187.990106485744,27.1759939897709,0.836947696221889,14.4348600096987,0.0607599338116605
1647561600,41826.1160710111,2945.90649006429,112.15092985187,0.798280807764198,306.101222337126,0.119252805114356,0.193117956963306,194.981119737274,28.1338173257434,0.853521718613971,15.0198172981675,0.0617343366832279
1647648000,42193.1615362361,2948.82827971946,114.935479322385,0.818984096825819,326.413963977273,0.123677912526056,0.199275583430742,197.515888614752,33.7614855162151,0.900258179325697,14.9680626644949,0.0618856525275852
1647734400,41294.7235129164,2861.81527405026,114.939823082393,0.806151715832205,326.638466207297,0.119273568978473,0.197146219009965,194.983987562239,38.1357912050526,0.878619016439666,14.58269798941,0.0614926916232496
1647820800,41064.429648159,2898.31257539451,116.035913731729,0.83661751159164,334.814342995759,0.119202546795893,0.203512746710968,191.544787643087,38.4070117812459,0.912970698717348,14.9987258337178,0.0617932750305607
1647907200,42383.169518761,2976.63482524839,122.876147357126,0.836757261843164,377.648599653582,0.122513240933781,0.207114928980244,194.070701354465,46.012748166042,0.97163454206366,15.4631349677523,0.0633608753494628
1647993600,42734.2000355932,3021.12716715371,122.279570140771,0.836727573833003,363.597678705451,0.129556648884312,0.209461198480421,197.085283739257,45.0307329240745,1.09861365004282,15.7536865523605,0.0642919776886776
1648080000,43974.5935882525,3110.07358153127,126.876480609086,0.843454522537687,366.196461342514,0.136422756287537,0.214917333723439,204.041343155713,48.5209013976534,1.13099223755208,16.182151661112,0.0655526144999961
1648166400,44347.034279661,3104.45554324956,123.980446936419,0.824696280650921,364.519283086779,0.130874722352345,0.211430484424313,199.786512821092,48.1408226180134,1.09851805311551,15.5658324828158,0.064441439635228
1648252800,44519.9268641145,3145.64074167154,124.906075342262,0.832557600350317,362.104165519387,0.135956820363726,0.215023946451961,207.543272483931,47.3340330856751,1.15274203151982,15.832573093872,0.0660506067440997
1648339200,46777.2056265342,3288.73951139684,129.209944523172,0.856377057660822,376.351944787991,0.144258861466235,0.229564799298656,214.876672361946,48.1752914933456,1.17923454446593,16.819137208273,0.0691695015880287
1648425600,47223.6528860316,3346.48037200468,128.458316020078,0.872404977310021,370.623442705122,0.144209979645669,0.232402584251853,215.843166359228,47.6122477699579,1.179322591207,16.59978933276,0.0694472243220353
1648512000,47463.7096770894,3398.67210052601,130.033182667445,0.857279944096744,372.780021953319,0.144349108295275,0.233027542700851,221.656192901059,49.4684535582761,1.1890703511071,16.933657646114,0.0692966994970488
1648598400,47123.2971478667,3389.04939859731,131.312411895574,0.861483379874301,380.560083890093,0.143439530819412,0.234941652060687,222.077965567045,49.8335193453989,1.19268115182581,17.234339571891,0.0731079168853497
1648684800,45562.2106665693,3281.78751081239,123.640702669617,0.815361565813986,383.236202041038,0.137959558050115,0.228455575213029,212.779482337591,47.2351427124311,1.14467593599106,16.9254218036087,0.0738750583417602
1648771200,46250.3362878434,3446.51983682057,124.848558363221,0.826628462027144,376.375360137512,0.141246988391901,0.232465946952974,217.967700821791,47.0997817752301,1.16472941625003,17.2525098189422,0.0747398166960178
1648857600,45939.8973489188,3451.96555774401,125.177468930724,0.826584262133588,374.096617966401,0.139395336051928,0.23395252896925,213.14541223618,45.7774532084891,1.1631367146984,17.4727801994036,0.0734118580130117
1648944000,46440.5438538866,3521.53255113968,128.891474158069,0.84299352412977,378.87706538664,0.146272564878178,0.236989371129322,217.271476258947,46.7304567920617,1.18511912845606,18.0981333618446,0.0730848480244045
1649030400,46663.0041770894,3525.40589713618,124.900014088338,0.827676676450606,375.935036924709,0.14887255196237,0.232372896393073,221.750174576447,46.8978998227272,1.21240131242504,17.4937003206329,0.0708293494657916
1649116800,45693.0350619521,3425.35487270602,123.689300000714,0.818897189847781,367.043167769367,0.17192524299128,0.225834272296538,222.825062677553,44.8547770886427,1.17298783317679,16.8254572078969,0.0696048314309694
1649203200,43304.9371990064,3183.70336908241,113.230672326377,0.765866279691774,332.2588371903,0.143779693429345,0.204036224935692,214.465281779182,38.7883934554219,1.06102982760683,15.4480334451783,0.0633730431573706
1649289600,43569.0471697837,3238.18884687317,114.278635295617,0.788425025707753,337.387128912601,0.146004075356318,0.213331130809135,227.394666312866,43.7520389427926,1.0933963710829,15.7928655441169,0.0644568225922285
1649376000,42222.0689772063,3185.76596639392,110.519207842001,0.752200101620273,322.382381838117,0.141944877827041,0.20123022830204,216.166039579644,40.1246805692715,1.02411081007688,15.1089083783696,0.0623985347424112
1649462400,42680.9947355932,3257.96308474576,112.544853994443,0.761130127251944,325.464389015179,0.143997347896024,0.204515365438473,239.262648588258,41.9047315285725,1.04145978756797,15.4009237215523,0.0638719126525571
1649548800,42264.4633909994,3218.1317761543,111.058820041111,0.756942966289419,320.66560795633,0.149803778486776,0.202011471310403,236.681503697072,40.7320575109136,1.03395019771232,15.3646352111815,0.0625265912512507
1649635200,39544.0251835184,2985.2986779661,102.606354367284,0.69690086683204,295.146122058477,0.134589297027928,0.186658730474392,225.402649747376,37.0469354200544,0.924250471722779,13.7656320375758,0.0582522466894415
1649721600,40096.3669748685,3027.95501139684,104.795021310254,0.717282498332812,304.62697298825,0.137866849034127,0.192686968934643,233.622258855232,38.0984286956982,0.955047284787169,13.9713924814135,0.0599522968855709
1649808000,41152.7554517826,3118.53925920514,110.449406383643,0.723962865204156,342.097607425383,0.140025799287265,0.1964073746492,236.057627869434,38.549242170944,0.974865345846277,14.1730169626201,0.061473506084076
1649894400,39916.4963842782,3019.78703097604,107.392102775993,0.726577435328269,337.869289314683,0.14401687154239,0.193959890807703,230.352819433803,37.1486823997843,0.931264732527034,13.6429753242513,0.0601171123031036
1649980800,40527.3319567504,3039.32726592636,110.951593948472,0.782573484338018,340.583595944317,0.146011051783774,0.203724671897669,239.443584532994,37.3787811108404,0.953214211356889,14.1335430068558,0.0618429996820884
1650067200,40439.5881209819,3065.65542343659,114.027368603225,0.781931955464926,343.333924491227,0.143912609659958,0.205920957186238,236.542685173222,38.2983034000107,0.953083783617449,14.1559567623562,0.062014577548095
1650153600,39704.7839798364,2996.52688457043,108.804340979308,0.75325317031346,328.885458304787,0.139430878779402,0.197476143344128,240.477393293504,36.6459086104154,0.918887414318425,13.7574240248399,0.060230762900317
1650240000,40818.8786025716,3058.24911367621,111.235328120765,0.767769603384403,340.10748925119,0.140042216702224,0.205002984950734,264.5491577881,36.9020601658198,0.935788387802826,14.0367205602034,0.0615308405511042
1650326400,41489.6638011689,3104.38072004676,113.859411077359,0.774863323981349,340.154656047016,0.142591473775612,0.204018945566202,254.518897739856,37.6952443296919,0.952635449133741,14.2445629350133,0.0633683150211846
1650412800,41395.64458346,3078.53693571011,111.924738058924,0.752008289736347,330.702439847751,0.140882338449304,0.200449211606108,266.932332637242,36.5842263878888,0.936723969132526,14.0208800990794,0.0626242713848678
1650499200,40457.4959418469,2984.30083985973,106.797906922904,0.730485952531231,315.411171658566,0.136177279352011,0.1948635429312,280.611849369373,34.857781311987,0.908234292725689,13.5763338950052,0.0716284839327948
1650585600,39737.9735040912,2963.93688515488,105.488811585453,0.7187586892062,320.681943650231,0.136306328814116,0.19567578070313,267.951472015704,35.4447825275991,0.906822707181691,13.6046787915317,0.0667705565598695
1650672000,39582.4548720047,2941.41439567504,105.551722416321,0.708668501551161,314.07502150428,0.134271440667785,0.192401959729318,267.905585545527,34.6935354881531,0.891450615925878,13.3650895556337,0.067819022184399
1650758400,39511.6456928697,2924.17223728813,104.737830971078,0.699038886474654,308.043894065237,0.131976043829634,0.190128519118823,253.58886073408,33.8559611991974,0.885823145127183,13.2809819373207,0.0657501679041306
1650844800,40473.7483176505,3012.2152773232,104.69926737979,0.695196712068731,314.72064159475,0.157061109713948,0.192277810991071,255.117815602583,33.6899147229652,0.898259327508749,13.4698510746972,0.0653447181733249
1650931200,38072.800873758,2801.38247457627,98.157446671746,0.639198686000525,295.355491192252,0.137793617543119,0.179941759528634,229.595892322536,30.4566871292363,0.826340168958922,12.3218200321648,0.0618658341157461
1651017600,39218.5376174752,2886.84557685564,100.454187888058,0.651427938568759,307.238841994366,0.139445881486852,0.184176509173393,228.858660771982,31.2124306987733,0.840128423714751,12.710843588349,0.0631660231953833
1651104000,39747.9894270018,2934.09959088252,103.259242701952,0.644120046968235,306.57558550198,0.137202556443649,0.185707530883918,226.724013794419,31.1354321779681,0.843865662122536,12.6545273567021,0.0636845889225576
1651190400,38609.5059070719,2815.62725832846,100.378943528076,0.610936260662926,294.580378621128,0.134844826001337,0.177844512011603,219.671374110331,29.1788216486247,0.806125751402102,11.9637565773651,0.0635675454117377
1651276800,37714.0949804208,2729.73245441262,95.8553190382277,0.584691660929242,277.29520519382,0.126959664067029,0.168906574399274,215.723217091377,25.8118292267722,0.753340346441921,10.9439825175455,0.0627441823354786
1651363200,38459.226979135,2829.09136440678,99.3340346341725,0.607360496381212,284.040696897378,0.13268991743771,0.175722805657165,212.663535837251,27.6849161232904,0.788772543171677,11.3041607365909,0.0710338510718144
1651449600,38566.0628877849,2861.52780946815,100.830199165965,0.614148640851718,285.423043744846,0.130866491631309,0.173705195232594,198.701286237311,27.4830452073038,0.782312018645059,11.1887500911318,0.0685501715879171
1651536000,37704.4053153127,2780.92367007598,99.22111784127,0.603727660277337,279.256873491411,0.129131525613818,0.171598804376148,208.660425067661,26.7994580704057,0.769255662381913,11.0957690053565,0.0719042922563798
1651622400,39641.852176505,2936.76534658095,106.068802289157,0.645858371628011,299.530664002057,0.135458502472034,0.184357626130745,224.357550187427,30.5287631664219,0.895202272333746,12.1303443287284,0.0849083658118122
1651708800,36502.0245601403,2746.63528112215,96.7897507735945,0.597740275573734,276.844245945205,0.128243402301737,0.170901342498941,207.232559433607,28.2604034300007,0.790902561004743,10.9023422097909,0.074607915898607
1651795200,36042.9995584453,2697.48142811221,96.8726262901575,0.602881379627908,275.306708732383,0.128100420911867,0.171820226110272,216.151170470828,27.9660817399947,0.784326486239339,10.8102238758395,0.0866235689535276
1651881600,35508.7110227937,2636.53088603156,94.4982654529001,0.581730508015006,268.823362742427,0.127384609731276,0.167325619351428,203.85452774653,26.8743917593454,0.762884215837456,10.2402683801374,0.083313832505873
1651968000,34058.9066861484,2519.63678281707,93.9499984628476,0.566465543650057,261.624576960132,0.124201047210976,0.16169156535574,217.377107620266,26.4932977604939,0.739972992542944,9.99078176729592,0.0872794135134754
1652054400,30457.9218194039,2257.95058188194,78.0780893961509,0.493806270011378,223.216890966398,0.105689328437846,0.143889193834015,177.277331062993,23.1396264605683,0.617717403069003,8.35345314028301,0.0738052742032193
1652140800,30990.7351659848,2342.92739614261,80.1020983424969,0.512688751300628,231.233371058206,0.108371930561772,0.147959405586874,161.997397060199,23.7856515866547,0.627580330871687,8.58311170228827,0.0767324821879596
1652227200,28796.5568217417,2068.27522092344,66.1434393318948,0.410706656405358,193.74835534878,0.084025550004417,0.124867416186671,138.986701268497,19.6561134294151,0.511666949157313,6.88864725262646,0.0742926534926888
1652313600,29030.7070417884,1958.4534585038,64.060998262111,0.383575642359589,193.932426887246,0.0824897240337828,0.121008470946082,137.405382218336,18.8292139334914,0.472586855930686,6.56074894593403,0.0670900641165204
1652400000,29285.9346718293,2016.05178404442,67.8585673559105,0.423077930970936,202.054852198825,0.088104496829491,0.131533861498858,143.938843933821,20.5233236862689,0.528762272158573,7.1249000924504,0.0742414597515787
1652486400,30051.935755114,2053.09169362946,68.7201896623282,0.426422684018003,210.729773204779,0.0895273601060229,0.138008007853675,153.540589711883,21.1066686938024,0.535414582961923,7.25524856329888,0.0723309285030247
1652572800,31182.6212460549,2138.96401139684,71.1254491819418,0.445584221413042,213.375275007566,0.0922671484395801,0.144363258218219,171.033153261382,22.0113822938965,0.594861036448187,7.88229085212497,0.0721438304751004
1652659200,29889.6124757452,2022.61946464056,67.1995661221041,0.422286130971795,196.951833602763,0.0875832882775003,0.135357438385698,162.65431747434,20.8301032280627,0.556425532560417,7.42867801045265,0.0691145977502754
1652745600,30438.1944476914,2092.88074547048,72.8417228970003,0.437547082728701,206.407469517374,0.0902405084266125,0.141618761037812,173.083564328431,21.7127769959616,0.578355135628322,7.72427083798377,0.0722909940370264
1652832000,28771.2204786675,1921.00792752776,66.4893813930317,0.407124866445337,188.791549098273,0.0837388888367577,0.1288381936942,155.928145734575,19.8878289920091,0.50824415374743,6.83291788557396,0.0710138709410596
1652918400,30257.8852483928,2016.37226154296,71.9144585747125,0.418953551939712,195.543066768304,0.0866335581592278,0.130196237555464,165.286786570727,20.8370845588809,0.531634908401278,7.18789820543484,0.073652634602664
1653004800,29224.245998422,1962.03072969024,68.7023773691238,0.411306740840214,190.943434881096,0.0840009516182279,0.126897823886225,174.743238535628,20.190205518644,0.517755496176759,6.89412097875888,0.071325480778119
1653091200,29420.0782857978,1973.77449105786,69.6171066425745,0.414533350866729,192.224453551396,0.0843112665920228,0.130578329577319,176.867067376091,20.3080325655537,0.527841970632995,7.0577919146749,0.0740982531013444
1653177600,30331.87514173,2044.56454897721,71.7483366398437,0.42239216447683,198.869723764841,0.0859797841005954,0.135634392152867,186.857361463592,21.1188582454819,0.542542696416954,7.34577613180539,0.0780098425807141
1653264000,29088.2515419638,1970.62047516072,68.9459924750348,0.404297087126991,191.499020766507,0.0831007240313794,0.128622189560559,185.033529717071,21.8062184891896,0.511634115974297,7.0243199440082,0.0763195611304294
1653350400,29643.6837556984,1977.80444576271,70.2610611126808,0.408715940810164,195.694468943548,0.0835066904737711,0.132699647682069,193.050991011713,24.2197547084407,0.521096160072583,7.23438671981437,0.0804847247422614
1653436800,29577.259880187,1944.32836265342,68.2690522983042,0.406025001819042,190.676954333555,0.0829752516906228,0.132413019342818,203.647637113787,23.7083338006906,0.513642296669879,6.98533307137292,0.0847407253812036
1653523200,29332.4860467563,1807.68160239626,63.9223019934511,0.393737305462633,181.372932985846,0.0783818053716762,0.125166183953294,189.988804699732,22.1098608959702,0.482752725554135,6.62716082160885,0.0823710621768875
1653609600,28612.0413103448,1721.27814289889,61.4092836914486,0.38135721069882,173.617037554644,0.0812680446533868,0.119951500064985,180.235799716118,22.4249712631029,0.45427040113241,6.2650361596052,0.0803586024494023
1653696000,29045.5206344243,1793.65815663355,63.0150949025001,0.386256266993373,179.062423324678,0.0817862566190632,0.122752346130502,176.120989923889,22.7773892345114,0.465379026124647,6.55070296794781,0.0812057916844225
1653782400,29430.0689800117,1811.05755844535,63.7406865801178,0.388552623221528,185.086734852441,0.0826202692244111,0.13057895542704,186.197143353095,23.5984516219823,0.480616002524392,6.7072784007716,0.0802437313062762
1653868800,31735.9549719462,1996.49929953244,69.0932971329902,0.418000325796318,196.772118084283,0.0878760572159149,0.143151937930025,204.366308964897,24.8068932604479,0.570821506417717,7.46108689899936,0.0833166039584859
1653955200,31831.4095251315,1947.31703623612,68.6565143298027,0.423001985537447,204.204242424633,0.0860726366671687,0.15053177229348,200.298985715532,23.8150760922713,0.630326262387554,7.63792291811705,0.0835033549162483
1654041600,29825.9221992987,1827.6371081239,62.8947366856452,0.398326317176333,186.352717076644,0.0810465377953998,0.13711471624555,198.929230251529,22.0713559381252,0.552505810315826,6.92731023056973,0.0835160262739597
1654128000,30504.2679997078,1835.3889748685,64.3749974251379,0.405366089548913,189.157848790203,0.0827993903069792,0.143359284717501,201.808499510045,22.417903023211,0.586836956505073,7.20188026814956,0.0842325399432202
1654214400,29662.6709708942,1773.33450613676,62.6061370088755,0.389647208209367,182.910162903616,0.0801924044213961,0.145611427126813,193.668024839489,21.8112899112383,0.557968428777681,6.84537084558473,0.0810196437267205
1654300800,29792.4076779077,1799.04830862069,63.6410706860097,0.391728339376964,188.23308456191,0.0815777596914431,0.143188650479755,189.743205496556,21.9093588214603,0.564198860226387,7.38240752432459,0.0801802481793402
1654387200,29915.4093009936,1805.68905447107,63.2293157755944,0.39522631636973,179.867383409411,0.0812289704722693,0.14368339314815,187.911361267418,21.8261849552392,0.567475432769463,7.64420764968211,0.0814017965968905
1654473600,31333.6770197545,1857.0548635301,64.2687706159377,0.402062814464376,185.373645271661,0.0823227652222082,0.144544121752986,189.306341309974,22.4393049195605,0.608766464534354,7.93753042790674,0.0818870491433934
1654560000,31175.0324289889,1812.55737521917,63.8349097639238,0.407260273008411,182.486529295359,0.0804814509761203,0.140763677475235,188.29863776821,21.57441073105,0.616980753715088,8.72848704618885,0.0822037005666928
1654646400,30228.464698422,1794.50157685564,61.5079499537661,0.401094808080486,176.827351545537,0.0795090318527177,0.140095756428549,186.698974248777,21.3087069204219,0.64245427170116,8.77890408881486,0.0806056995077521
1654732800,30064.4855289305,1787.18229456458,60.0521395817677,0.399435105537607,175.304792684017,0.0792336735885447,0.139445720136231,185.238786555105,21.1260165085006,0.63184639801298,9.2604740613199,0.0808450072769739
1654819200,29070.4000300994,1662.50309760374,56.5454943154444,0.381877152087084,167.881260758311,0.0753142975231537,0.132980870572764,174.18232271978,20.0049864596739,0.574671145091152,8.04151000749164,0.0788840502004581
1654905600,28360.7899231444,1529.50090531853,52.1126530211774,0.359262806544676,156.672174734526,0.0697407114611843,0.12483536685738,166.141695679697,18.1717781977766,0.553102463990076,7.02448124867706,0.0758963674119579
1654992000,26830.2839456458,1449.37609070719,48.3408797858743,0.345704330832928,147.755377989961,0.0644308585812069,0.119797201251601,160.267065953568,16.7453019937451,0.500334150493495,6.33893577462963,0.0765306958017912
1655078400,22316.2570400351,1192.1638591467,42.859172733497,0.308198674745106,125.986645478668,0.0535119863700105,0.105597222334093,131.04852540264,14.2148957442794,0.457307721030327,5.80341990983071,0.0633881213147982
1655164800,22072.8663085915,1205.54458474576,45.8826142933089,0.320601992537627,125.75603658421,0.0550544245463922,0.112710931794272,119.328181213981,14.5409136975627,0.481678294918656,6.63966900551373,0.0555946017922191
1655251200,22520.7910087668,1228.52421186441,50.344846686451,0.342640645334693,127.134286421666,0.0617352129521054,0.119780931848598,117.579575906018,15.7566624649921,0.530494460845705,7.29390614318972,0.0629161271268895
1655337600,20310.1769848042,1062.05631794272,44.4454211832033,0.310011088627412,108.808937872826,0.054714234966522,0.108053490780639,105.889250573229,13.733850004821,0.472424975760398,6.30328254873258,0.0588824011709055
1655424000,20464.9290873174,1087.0124880187,47.7524328746896,0.321540663430436,120.600225434451,0.0570395764494285,0.112175966381726,114.308427594804,14.3755828118907,0.488180816141671,6.36644509457131,0.059908056139787
1655510400,19013.8672536528,992.790097311514,46.9518526228967,0.307770711460541,116.441751594141,0.0529499678091418,0.107717211752567,103.96256965018,13.6939199216757,0.45556798260582,5.93815661732628,0.060806626413285
1655596800,20492.2951683226,1124.3688886616,54.1700782156322,0.325040123069024,119.439096272638,0.060097894410607,0.114116412122764,113.796710709867,15.3233005331865,0.481458489287569,6.57386102276517,0.0612992422744328
1655683200,20571.6292247224,1122.38415809468,52.7937109370282,0.32271492592051,118.611429110724,0.0600132808960227,0.113017536962065,116.957898563635,16.2191638299218,0.490629892887652,6.97323125018866,0.0610842697303591
1655769600,20688.4651312098,1124.80054354179,53.6227988427268,0.32852621247072,118.827272800802,0.0655927588427666,0.114088503837824,118.859492679708,16.0825159057668,0.479015499543576,6.84306412895732,0.0648456101223191
1655856000,20003.1683375219,1052.48545265926,52.1456422668747,0.323222533148098,113.246006384667,0.0617103238687581,0.113548750730681,111.638987919418,15.2654422761749,0.458360966709861,6.65582964899401,0.0631476049550713
1655942400,21097.1028331385,1144.74839117475,55.7585875868745,0.3355732501756,116.243181019177,0.0641030015388104,0.117924181107965,122.610647962927,15.9403066763403,0.479938897668779,7.00830694178724,0.063640595896179
1656028800,21299.0769853887,1233.92042811221,56.1082174950391,0.368884044796322,114.850402550966,0.0673275958703856,0.128264430861591,127.049982410767,16.4819171730156,0.501664447834445,7.3091595931152,0.0660193112345667
1656115200,21468.3431566335,1242.46349766219,58.9373326153659,0.367303102794525,115.089670256265,0.0684241523245011,0.126638897423296,127.549098352797,16.5203587555316,0.498096411821065,7.26055473745742,0.064840594504919
1656201600,21066.6209430158,1204.22064611338,57.0757667669342,0.359213700334305,113.363177900432,0.0734767060218064,0.120562507982002,126.354246930373,16.7021292893683,0.490714923706458,6.78241448853018,0.0651151706540916
1656288000,20751.0516960842,1194.90176943308,55.9734523670368,0.353115333616548,111.343790368513,0.072243885812969,0.119034830987996,121.812820795899,16.5645378993622,0.486284748111469,6.56371810126462,0.0670868393453883
1656374400,20263.2196393922,1142.80152688486,52.7228541350791,0.337405424553829,102.813561400273,0.0658077820734215,0.114353226179007,117.279444626785,15.4074725802597,0.468784638522725,6.31573882484272,0.0659921469163417
1656460800,20080.9480864991,1095.82495207481,53.3190783151354,0.328259930245992,104.093536797723,0.0692839982267659,0.10949713511703,118.448735368534,15.1294579749816,0.464299356554517,6.19165706158788,0.0647179290336875
1656547200,19332.9121294565,1041.53905172414,52.5800392709399,0.327807216486286,101.086271719165,0.064741019386528,0.110403276493388,110.78429732028,14.6363951123734,0.451774042557152,6.15773566478524,0.0638463133522683
1656633600,19341.8631240795,1066.1029628872,51.3324253150406,0.314596165247155,101.88151954971,0.0663422444266336,0.109851170530231,115.270013528254,14.6581896258203,0.450053394049554,6.10999864689385,0.0650666523163769
1656720000,19231.8317083577,1066.51756253653,50.3751498959135,0.31540616951294,106.339108613338,0.0666453794408716,0.108500671158157,115.953023122185,14.7712226500218,0.456054837259802,6.22274236288299,0.064740163132385
1656806400,19276.5146639392,1073.70227878434,50.9353413081475,0.321669414814056,105.86009436239,0.0670200643627382,0.108862981511432,116.308723115677,14.7881217625644,0.455307909052636,6.19290608303483,0.0661371524916245
1656892800,20226.2984745763,1150.1623100526,52.144722706311,0.328150375972773,107.910805195356,0.0693610612375451,0.110992075484179,123.676847441189,15.3728496826895,0.468170706423819,6.40878905235672,0.0671330809644809
1656979200,20193.3427938048,1134.55701782583,49.8067140014342,0.324889843442104,104.205802754371,0.067127874851318,0.108110892352601,122.49338994316,14.9465610160548,0.456435088035746,6.32472156989335,0.0682366827960422
1657065600,20560.8438126826,1190.01984395091,50.3675176031547,0.33226959990318,106.211371305494,0.0686656179524712,0.109661428810924,125.743339451192,15.2140843969153,0.462005515072433,6.35171037612091,0.0676054757208644
1657152000,21651.4191423144,1238.44509789597,52.1848578492859,0.34226133784123,111.807151594975,0.0706369397856727,0.114008980899879,130.490699298006,15.9281922947592,0.478274552133255,6.64123445738827,0.0685899916487399
1657238400,21813.7871239042,1231.2732019287,51.7992753694406,0.343341024187937,109.285862150217,0.0696092873778164,0.113782618351728,126.61594259279,15.7234236253151,0.469531703075937,6.4175242460636,0.069225792233792
1657324800,21585.1321922852,1216.82491992987,54.2472269419708,0.344449582587388,111.552895421029,0.0694317788445309,0.11272989031217,127.317001082804,15.8760277536344,0.478434353813793,6.50360233311126,0.0697901660642793
1657411200,20831.2733915839,1167.00219023963,52.0728848917947,0.324882143415606,106.776566123433,0.0672042940351624,0.107275222114897,128.570741103023,15.1098351407238,0.462431700267137,6.18048466326315,0.067584986510441
1657497600,19971.3294704851,1096.53821274109,48.6668382782615,0.313559267581795,99.1010381359409,0.0616293604544308,0.101440321169375,126.898016453276,14.1774565964481,0.434700242041868,6.02458634657514,0.064661059262175
1657584000,19339.1534734074,1040.3091364699,47.5853847471474,0.31121699185585,97.8497641608654,0.0601053402221818,0.100594722299631,123.747102972034,13.8899498996042,0.419748399399792,5.98621925494116,0.064678653793411
1657670400,20155.5278386908,1109.91739918177,49.4204350418003,0.323748427386827,102.096987375741,0.0618080223010604,0.105215404711961,123.560965002478,14.3534207388875,0.435159592475218,6.16529107135036,0.0661048538766875
1657756800,20552.8990289304,1190.77715517241,51.1805178970235,0.33221992441778,103.010952093029,0.0624328018742565,0.106748786765443,133.642961752057,14.6859812065732,0.440720341926125,6.25492257691942,0.0668429373870913
1657843200,20831.722700526,1235.44640999416,51.7789253219813,0.334538523350451,106.065503013343,0.0630678651311663,0.107469057200362,138.539149277535,15.0933053860548,0.442292850018955,6.32404650001237,0.0671060447485432
1657929600,21196.5091428989,1352.58443950906,55.0512427747468,0.350652255399642,109.80975634034,0.0643001329762141,0.109475662657482,139.128872353152,17.2262848643335,0.457109973361415,6.57876761304643,0.0688981826318455
1658016000,20827.8886085915,1345.29871186441,56.0451662136973,0.344592931490261,111.102517593513,0.0634910439088514,0.106717310768951,137.191578107604,19.5801156621564,0.449504285031271,6.37726774170523,0.067550384728624
1658102400,22305.7066428989,1568.5177969024,58.3663948449112,0.364565623661629,121.14895993265,0.0673577693590777,0.11386867631877,146.915259327667,25.1133928179345,0.490299930242743,7.03147335388983,0.0688253770875047
1658188800,23371.2026601403,1545.68401548802,58.1241108809588,0.373192719727992,128.412906541132,0.0690054194857481,0.118670825827179,147.069111864775,25.5301340494353,0.515573517542209,7.26357797569517,0.0692322497272278
1658275200,23280.9356680304,1523.17327171245,57.30688403278,0.361081586684083,121.801354266335,0.0702270215923276,0.111904086981339,151.257803727523,23.3758868204234,0.491482935827002,6.87778633336692,0.067676256783178
1658361600,23152.4093112215,1578.50633021625,58.1181871707902,0.366649718715772,123.098751722794,0.0699686773781942,0.113548061508723,150.949853712679,25.6267314894349,0.500243331718611,6.9952172907809,0.0680382216895149
1658448000,22706.0835554646,1536.58702454705,56.1187143029128,0.358379931233803,123.219536163265,0.0674576658739107,0.11194409856323,149.105828513321,24.9675388452371,0.483422968930806,6.79950410068179,0.0670460592408229
1658534400,22484.4592317358,1550.44882115722,56.4886667658707,0.359393383218302,122.842451379882,0.0681072718487964,0.111640604043301,146.738908789806,25.5939738987478,0.517042756217571,6.8605159804342,0.0669886547001915
1658620800,22653.3570260082,1603.32482787843,58.5351952892432,0.359547192431688,132.887862102724,0.0677681290109461,0.113570210148038,151.93285757156,25.6558193782826,0.515457360031287,7.12242798906106,0.0669732172061494
1658707200,21510.1255874342,1461.68290911748,54.7935086695949,0.340269220120809,119.936245508379,0.0630148387414282,0.106868905319511,144.921321788944,23.6342576486577,0.481004283495857,6.53571551942572,0.0640815645022028
1658793600,21181.6591967855,1431.20655336061,53.6913018702513,0.336736434018849,118.398397376762,0.0623202661395055,0.105243959061861,150.227934014053,24.7888717871061,0.465767163937145,6.31807387484326,0.0652683941489784
1658880000,22898.4150683226,1632.34205330216,58.8982343049073,0.358862504535335,127.05365502072,0.0667638157376459,0.112188460788105,161.67974073334,32.7350597139305,0.508162306604325,6.83147373296601,0.0685234565416665
1658966400,23838.5568838691,1724.61137200468,63.4546615050472,0.372805090948153,154.219712258182,0.0690461217025808,0.116480849561956,162.405459915717,40.836825104797,0.512792241041599,7.22537042666562,0.0697398725780672
1659052800,23950.7403798948,1746.07636090006,61.4684117007761,0.370706946461607,153.596473596871,0.0695563132752718,0.118552082621668,161.686251771888,41.1683703541424,0.527480281413305,7.97480910256272,0.0696775734703822
1659139200,23623.4349611338,1692.89731209819,60.303839005008,0.38695475907197,144.648369756047,0.0693719059570603,0.11944521302664,155.681317439255,38.988054999553,0.524185169722572,7.78448512729382,0.0691428294340501
1659225600,23356.1722215079,1682.69250409117,59.9393838135231,0.38036149736809,139.944474902545,0.0682270183474027,0.117518104264125,154.859657873945,36.7539527023459,0.516900650536708,7.65822265703498,0.0688814489288979
1659312000,23331.4426969608,1635.83942051432,59.4893170969893,0.379900027294803,138.090591561368,0.0686080294417261,0.118590165125237,161.0392849043,35.0106381198717,0.512610687039393,7.58225677284467,0.0699050828995731
1659398400,23031.4268834015,1640.55228550555,58.3783385177113,0.373077645743884,134.383111152916,0.066944646186996,0.115407632895001,157.53426525201,36.7426616685211,0.499169776174106,7.23989615949387,0.0684579264003899
1659484800,22809.7474418469,1616.22450905903,57.6107203496804,0.369030466590511,134.147559091762,0.0660743485282587,0.114051178448248,156.293498260165,35.8618475377329,0.500486886450457,7.27299382100651,0.0677667004951411
1659571200,22628.3320821157,1606.95118293396,59.7781534515349,0.370983600741664,134.515262447662,0.0673584810512308,0.113759844631563,158.893798331786,34.7906313390996,0.499309876255726,7.33825808389859,0.0690693335392617
1659657600,23248.9715023378,1725.62800490941,62.3288396656845,0.375834510834135,140.477154677928,0.0697101058936751,0.117982190719574,161.202281821309,37.9710506047639,0.516588006370544,7.8415094193099,0.0697424264741094
1659744000,22996.2750452952,1695.53410169492,61.0223329097589,0.371652865658236,141.847360154343,0.0686804556379994,0.121977619628344,160.995740492153,37.9717480470432,0.511915975536275,7.81010931722343,0.0695138761332719
1659830400,23153.6584713618,1697.48315371128,61.0484047052891,0.372018953738821,141.089429887967,0.0688766750067073,0.123451669405685,165.202930202658,37.7480253269359,0.527409542167211,8.28392290447195,0.0696100303706153
1659916800,23803.6505154296,1776.06239567504,62.58386093539,0.378560835681576,143.608222084048,0.0700847541223347,0.13050170917016,167.180144937787,38.0511418948784,0.536394880656317,8.63805590478075,0.0700955125162425
1660003200,23186.2917464641,1703.99224897721,59.2476875883355,0.368363277927428,134.665253436857,0.0691479688005235,0.122164912738175,158.418429537699,36.4739484018354,0.514033256698835,8.78079634198054,0.0684521691147928
1660089600,23923.0584830508,1850.82996142607,61.6105884889409,0.380703828104714,142.137425023793,0.0711526149778088,0.125589564680324,167.704987888085,38.6685512424868,0.536693755296346,9.03804797251117,0.0703302319701191
1660176000,23934.4390561075,1878.11309555815,61.8559142303667,0.379858780402463,142.755026642437,0.0708003343272165,0.12509471799845,159.188409905916,42.3938069211551,0.530496835556088,8.96289873316415,0.0702695665166923
1660262400,24396.3088462887,1954.77856107539,62.9091277003939,0.379606990252999,142.967226475745,0.0723618385619198,0.126299561175498,166.131383818264,43.4102873400341,0.540497893703077,9.33148694728914,0.070424247781017
1660348800,24426.2225748101,1981.2375414962,63.8077011608112,0.377705285624085,144.445943465606,0.0728976674446518,0.126719967898744,166.167215810552,43.6019494053305,0.56014346138466,9.13184186094151,0.0699013591551093
1660435200,24314.2021315021,1936.33989158387,63.2859109980758,0.37623290616097,139.406796681,0.0818021283343825,0.125579059906487,166.03821761356,41.5881537982454,0.570997740604038,8.76726629237357,0.0703673984140694
1660521600,24083.9539748685,1901.74608649912,60.6800903330889,0.374667229187372,137.228376608405,0.0764883373861696,0.123169091243994,163.462169980246,41.9779943715546,0.550158787117133,8.62869461590313,0.0688521833643807
1660608000,23868.8193530099,1876.61579427236,61.3360842079609,0.376909898000428,136.297139037354,0.0869497619883848,0.121862248750209,169.763827845139,39.9042240556338,0.557829068537196,8.46244695828795,0.0697041218117998
1660694400,23336.3489310345,1833.20730216248,60.3316317125271,0.379633104588976,133.802032497113,0.0802070855710754,0.121040641005898,168.545599367936,40.1959781396208,0.535989325706388,8.05368233510397,0.0681528482126245
1660780800,23221.1706028638,1849.20067504383,60.0348082077663,0.37113502051378,129.447608675383,0.0750557085262337,0.116435679410185,160.020659445086,39.5853492021913,0.513296894074025,7.68003132556447,0.0674927433134685
1660867200,20906.7663141438,1615.85071274109,53.9682523817193,0.334842205419004,114.483682225399,0.0679507131032559,0.108164451371355,142.665016467799,32.8817507029459,0.450981350615822,6.9072476425127,0.0641332393572797
1660953600,21146.6548021625,1575.83517270602,54.1015211141236,0.337070266496633,114.589042020156,0.0693910127473418,0.109251275187545,148.972197032115,32.7455160882539,0.450966433483667,6.90018944825791,0.0657652015947818
1661040000,21553.9961717125,1621.43778018703,55.5317108581757,0.345378472896356,119.567770798827,0.0694621447047618,0.11121849084334,154.8202068118,33.6980506505703,0.463387227343666,7.09634294992884,0.0660840596285622
1661126400,21301.0840581531,1607.93964377557,56.9277242651086,0.34305205902108,122.219798396811,0.0681448565430217,0.109126472741052,153.531503306761,33.5355409563747,0.458052500093017,6.99932071135365,0.0653741145106178
1661212800,21534.5143521333,1663.88241525424,57.1098205960165,0.347007473577532,133.457557245329,0.0688068576018018,0.110871445138252,154.860072700988,34.320969462765,0.465499552917297,7.24794879724804,0.0663018150916948
1661299200,21424.9728232028,1658.74535037989,56.4680156704924,0.346333731717147,131.274725817574,0.0679237861795663,0.109442947578457,150.860616401983,35.294713688959,0.457993281818421,7.13871532786225,0.0648794539673101
1661385600,21587.8395844535,1695.09793629456,56.8336837531119,0.348813532573091,130.617548032268,0.0690063266690108,0.110268057726575,154.203472025103,37.0929228087009,0.464447465565047,7.12843636290855,0.0654882746964398
1661472000,20246.1655733489,1508.81155990649,52.6213852193468,0.33672735736584,115.872896390287,0.0633656901779928,0.103603906203971,142.416139404719,33.8821210081619,0.430075334137226,6.47449707849967,0.0616890069693898
1661558400,20043.9909485681,1492.86255990649,53.0830530389201,0.335068655250106,115.395713959613,0.0635537437122391,0.105526037727228,145.332060339827,33.0639259353909,0.44989945178001,6.54363066629485,0.0629323548326782
1661644800,19673.5412188778,1440.91843746347,53.9533341543124,0.324768746420562,114.325255963121,0.0620804963628741,0.103361465960381,147.065935877197,31.113523925335,0.430773049620105,6.29834828902726,0.0615720236264371
1661731200,20270.960383986,1550.2820458796,55.6570427995665,0.332665677984059,119.329076448221,0.0637798725846646,0.105718497253473,152.595220925656,33.4193490282843,0.449714250318624,6.69722286679594,0.0632810004383244
1661817600,19825.4632066043,1529.58784628872,53.1767591876438,0.327296651889331,114.729702963973,0.0616292700510108,0.102515912487765,149.099102668906,32.3806470422246,0.452591301272129,6.57255564986953,0.0648016075123762
1661904000,20024.6716059614,1551.72922092344,53.7703084901273,0.327224914827107,115.004151278691,0.0611569596445761,0.104084275659878,148.854805906708,32.3416508744119,0.446594693852058,6.61828808902097,0.0633819650458966
1661990400,20105.4626072472,1586.34916686148,57.4196785303743,0.332782404479535,116.782820769059,0.0622422346046428,0.104939491723855,154.039496501361,32.8360178184576,0.457494289557889,6.88965281312639,0.063246972960871
1662076800,19948.8567472823,1576.59604120397,60.9017155324133,0.330598307097875,116.271221202188,0.0615040334049606,0.104326276131014,153.12482628364,32.4089923272643,0.453991105986612,6.91628291133757,0.062533783355806
1662163200,19803.8332697253,1555.05634833431,60.0031056648405,0.329304144929717,117.583479220302,0.0625961315564353,0.105221618614554,154.246080632189,32.2175658971155,0.480390549078291,6.83469826964264,0.0630683078641772
1662249600,19961.9118907072,1576.03008123904,60.7669112828986,0.331307436852384,117.995714553177,0.0631088670087556,0.106295521676429,155.613488854781,32.4248213612503,0.501031066798346,7.1334991589789,0.0634821470796476
1662336000,19797.7967884278,1613.06100555231,60.3682459335319,0.332331594740951,125.604123518866,0.0627040367456912,0.104948674880957,157.366197484482,39.1193543151524,0.498284527744481,7.35458100391474,0.0629793595875055
1662422400,18846.150537405,1565.69543600234,54.2629041183191,0.321984955036579,112.560801374028,0.0590495423376017,0.100080890356752,145.630844352866,34.9673205064199,0.463276191579478,6.68976468557456,0.0608373539079495
1662508800,19292.9070745178,1633.8871465225,57.6561934303165,0.337505172271108,118.732316929901,0.0611926730196856,0.103131250276257,149.419246400194,37.3126556651105,0.479914196139621,7.09148010036007,0.0618539368489123
1662595200,19319.1248512566,1634.5638766803,58.0112636805245,0.340495732998747,127.260432959567,0.0609413470075979,0.10438994201323,152.082495925725,36.9872021035703,0.478996745161313,7.40685671698431,0.0612254324090745
1662681600,21363.3136152542,1717.52412244302,61.1396114648041,0.356016097872882,132.469074877664,0.0638825757522555,0.114131728609001,159.107229165915,39.1804916335086,0.499408226806031,7.73872150075447,0.0633982439963542
1662768000,21715.2107980713,1779.75839479836,63.4292958420966,0.358178580356912,133.076520643399,0.0649086548027663,0.115198670351597,158.064676505129,39.4422110643851,0.513205763638321,7.93323019080579,0.064665255764187
1662854400,21732.7705686733,1758.45961922852,62.158613223716,0.354487955834513,130.018006134568,0.0636125133898268,0.114164765687595,158.957412274172,38.4559083214345,0.508230449574535,7.99383605554486,0.0640695800700868
1662940800,22365.2145601987,1710.77241729982,61.325383124815,0.358866066508844,128.640825377074,0.063888598873096,0.113781493760627,163.839806685272,38.3941228472036,0.501884917076465,7.74010551180316,0.0638360088461321
1663027200,20165.0421607247,1574.04311630625,58.9218712472428,0.332272732148085,117.373803686255,0.0596226310708377,0.104697412890813,145.908940817426,35.3551842364774,0.464286481593568,7.0545948896571,0.0607059322240407
1663113600,20246.3660424313,1633.75933313852,60.0428085500224,0.341838431612253,120.211582575268,0.0611635584476192,0.105110433418922,150.106054171952,39.2909415921465,0.480991542070852,7.45698058835928,0.0616201231999299
1663200000,19696.8698661601,1472.5554792519,56.2217991253488,0.32613450782967,117.694841910138,0.0588041838198178,0.102158049519881,145.339874504581,35.6206628593028,0.465352908652363,7.53358030874567,0.0611876890388583
1663286400,19741.5776168907,1430.06413968439,55.6988087939747,0.356075299344421,119.264108760483,0.0603783338133383,0.107057891256935,148.888586143508,33.9654653950994,0.472663269474752,7.63421993466887,0.0612769405044789
1663372800,20120.7023459965,1469.37018877849,57.7099772251696,0.375402516527757,122.110631453638,0.0621653432346102,0.113533073893682,147.647448696971,34.3960599785436,0.48598675352751,8.10301003081927,0.0622770179850505
1663459200,19427.1002626534,1337.85839099942,52.9045240937478,0.359973288222957,112.010208316529,0.0575206214700755,0.107442191639428,140.307280410207,29.6355727655376,0.447585507186259,7.50922225378053,0.0608674719668987
1663545600,19557.9769582116,1379.44124693162,52.7473095615289,0.385938303837512,112.28600634706,0.0586693425156236,0.111814429163747,140.856055249342,30.4888576205365,0.453893804983901,7.31366737553445,0.0603444862924105
1663632000,18872.9498667446,1323.40883226184,52.2863260284039,0.413710593496829,112.756700902042,0.0583866761591073,0.117270293119104,142.494329568043,29.1199141465029,0.441241113877994,6.88907400263247,0.0597235908494576
1663718400,18506.7607481005,1249.1307238457,51.0817525343935,0.395108162181687,108.919800890827,0.0572012389896621,0.110585854354643,135.433302473084,27.8373050633998,0.438679409848245,6.69289330630118,0.0591720468133395
1663804800,19414.5396449445,1328.6692653419,53.4685466624409,0.483899394645145,116.512887913913,0.0595906297560491,0.123012608405691,143.859076470946,28.6264153402824,0.458522024332898,7.11370917310567,0.0602502154548211
1663891200,19326.8648199883,1330.95503302162,55.1175811743683,0.508359828332517,120.063043676391,0.0634478996779993,0.123354249417872,141.767790288408,28.922734669499,0.462708483154048,7.4618590994743,0.0604852451694014
1663977600,18924.7677872589,1317.0079465225,53.4248964534631,0.488506294642375,118.118925337299,0.0632379867316391,0.118242765312336,141.652273790141,28.7072080467245,0.451393216754534,7.62432040413509,0.0597790992892786
1664064000,18793.1561531268,1294.54904383402,52.5754839046913,0.492836515417176,113.341780087951,0.0611130899876033,0.117217091189301,141.160435647704,28.315202452966,0.44600717081676,7.88217890811898,0.0596851547793342
1664150400,19201.1317209234,1334.38671420222,53.4170712988398,0.467541669043281,115.996149917761,0.0609967920975511,0.113616367756713,145.625986884558,28.3969247006878,0.446097776176489,7.90615053746846,0.0595168407106588
1664236800,19106.7389135009,1330.5247402104,52.723624580472,0.44914670988718,114.35880874891,0.0606016973577267,0.110439242593212,144.851722350428,28.1729659871578,0.441642805516649,8.08258545698203,0.0594195876231836
1664323200,19454.937210111,1339.13675394506,53.3175828843487,0.451617890958762,114.291829127793,0.0606692263467898,0.10834946841758,147.477560047609,27.6973811936681,0.437683194492964,7.8470383435645,0.0596775402050859
1664409600,19540.8664105786,1333.64239392168,53.8556185949017,0.48472461547844,116.815952361683,0.0606687650769307,0.115408693525486,148.199994658667,27.7604583786799,0.437567284638512,7.89161614511354,0.0609625268445682
1664496000,19435.1946917008,1327.0759956166,53.4338246472275,0.479430105462393,120.225882221021,0.0617702827493816,0.114326437844071,147.190590953511,27.7068059986098,0.433940182475872,7.58623232841003,0.0609992350210485
1664582400,19311.861629398,1311.22253331385,52.896531842067,0.474668468436861,117.073644969458,0.0606235283937538,0.121318294420907,140.959780952233,27.5440277675735,0.43047159371605,7.39053957107476,0.0604825829077892
1664668800,19015.2928050847,1276.55304675628,51.8484968734367,0.448442788366648,114.342562974869,0.0591942220025233,0.118493381676997,136.908240898307,26.9412988458087,0.419358548275057,7.131322592782,0.0608183841648838
1664755200,19633.4325859147,1324.40998334307,54.1926891795756,0.463299298209598,116.246717054859,0.0603990824843758,0.11695613957363,141.56191550949,27.4929866915548,0.428015667255228,7.33454211334858,0.061409258616572
1664841600,20339.9712811221,1362.84395236704,55.3188451321846,0.479934351022454,121.271163366462,0.0660457450215169,0.119194107978317,147.136841938691,27.9849062967724,0.435829303789004,7.74959336005082,0.0623395200076861
1664928000,20155.0996987142,1352.55720689655,54.5454172688099,0.489981885385418,122.138437097229,0.0646141223893197,0.118926277410517,146.181152600641,27.621158457274,0.430993909611584,7.88342733455523,0.0624026164686535
1665014400,19950.5477957335,1351.3537402104,53.4930349668333,0.492618418344757,118.481827385409,0.063448648100526,0.119269062028607,149.216460906462,27.8046370253911,0.428596566281977,7.63494466338944,0.062785358265439
1665100800,19539.1439216832,1332.54090561075,52.8725113509991,0.51718024960638,116.713951046777,0.0623563216503856,0.122297669712855,146.465986785111,27.4868949629681,0.424183482784606,7.60363770573782,0.0625082570686918
1665187200,19416.1772291058,1315.45911864407,52.8064765214012,0.516515076161339,116.954706879958,0.0616271335030952,0.126215250631333,147.302596687234,26.9589553939991,0.421547647184149,7.44456010948609,0.0620786720346287
1665273600,19428.3671323787,1320.93465400351,53.7922217811148,0.53409273985393,117.051289306888,0.0620814566514061,0.128715454756391,145.598800465698,26.9368041364895,0.422384025534675,7.60681408388671,0.0624020691617844
1665360000,19154.4042346581,1292.04924693162,52.8366102887668,0.498306566756656,111.744101603914,0.059599361202593,0.123980421092655,142.620111016624,24.1159420282705,0.403607342044597,7.45054617259998,0.0628568447211665
1665446400,19039.2820683811,1278.54329719462,51.9539768326895,0.485274008184608,110.982055126408,0.060192683321797,0.115867726091859,144.578930014331,23.7300069769388,0.390335892246685,7.11341770748665,0.0615485907812501
1665532800,19156.9115645821,1294.63398918761,52.2002571602798,0.487722439007051,111.932599481322,0.0598521956869232,0.11628278633366,145.089327417959,23.8185322633876,0.380936426565793,7.14698491675557,0.0617298098243332
1665619200,19387.8336806546,1288.20101256575,51.2557924917508,0.481751902584334,108.98728150616,0.0596286250847458,0.112160688087166,142.820758305691,23.0089595841805,0.377729989892602,7.04087717520594,0.0609991250686692
1665705600,19177.6941031561,1297.32227849211,51.2913248470839,0.488366205410027,107.497454019866,0.0585994378755114,0.11234700533617,140.479543766187,23.1508322211888,0.366565539771915,6.89393842023072,0.0639345931767892
1665792000,19069.8749272355,1274.99698947984,50.4819956965517,0.481693382460767,108.128639966725,0.0586340551414062,0.111944669555145,139.781755151849,22.7873701810597,0.363814086968655,6.88763007648268,0.0618505736481909
1665878400,19261.7497878434,1305.60972296902,51.4700395862177,0.476985421229184,110.327595416865,0.0589570742314342,0.113468844474267,142.871351816265,23.1692268681662,0.370150536693998,7.17375107265709,0.0618122151930541
1665964800,19557.0218106371,1332.3694792519,51.8847636233547,0.480474031052318,110.637667040743,0.0599606597687702,0.114250697722771,143.802962403509,23.8794773603863,0.372413461328901,7.34741356783271,0.0626669219073944
1666051200,19341.4075543542,1311.29945967271,51.9176836569318,0.466326139773284,108.784449804101,0.059833565691266,0.112524692716399,146.171141799408,23.430638311028,0.361865669339059,7.12331227854494,0.0621893946599056
1666137600,19132.1544254822,1284.66447399182,50.982679007265,0.451293517783841,106.059545417753,0.0586864225342289,0.110732730070371,145.200482958817,22.3744039686562,0.350052862918116,6.77985479640743,0.0617727987407807
1666224000,19033.3760239626,1281.90813793103,51.1646067115496,0.446658141249842,106.323717063431,0.059445387936879,0.109954890989747,141.068431617092,21.6453834988262,0.339494055468071,6.65936008129149,0.0621722336564478
1666310400,19174.8763487434,1299.87529164231,51.6392094065535,0.460570402947745,107.009310150681,0.0593664848885724,0.110888844460116,140.841509533656,22.0308252821598,0.348934870155455,6.81473971799956,0.0616788171457537
1666396800,19207.6285078901,1314.30632261835,52.1886827178478,0.46510348977432,108.643809973836,0.0596688114552893,0.111226076225253,142.881919795369,23.2228720113817,0.351381873317573,6.87569233506218,0.0616406458218834
1666483200,19565.4123243717,1363.86034102864,53.8944696492772,0.468999144046424,110.861371637112,0.0602787099179643,0.111908425695705,144.423408034702,23.3933222154508,0.361795547148884,7.06337755331256,0.0618761767659079
1666569600,19341.460210111,1344.55304383402,52.5705564940671,0.453821546266529,107.89702496927,0.0593983306951511,0.11031101747966,143.235559688259,22.6596982425797,0.357892457555519,6.91714012578324,0.0613544208851589
1666656000,20094.9611215663,1461.29032407949,56.0387318081809,0.461098577903932,112.770239797817,0.0627328902274102,0.111880395602804,144.141908463663,24.7382503224102,0.402938374535115,7.07140854433331,0.0623923775618214
1666742400,20797.0308258328,1571.25949210988,56.4003425716466,0.469355033304413,114.761464859807,0.0724240229218082,0.113595095923168,146.965434038303,25.50132443451,0.403349169992395,7.1608751146073,0.0634343104575408
1666828800,20280.1751280538,1514.78292051432,54.7920117995472,0.462347041305383,112.598768069404,0.0771617680406049,0.111169371740318,145.601551191432,24.8287346586037,0.388981846073341,6.90999241373255,0.0629957115875257
1666915200,20604.6138535944,1555.96761455289,55.0027033939246,0.473621536398801,115.583739662638,0.0844784575483027,0.112797822366525,146.871245284375,25.5237957572564,0.404511246867601,7.11766763096563,0.0635758724915396
1667001600,20803.8999205143,1618.89496873174,56.4570548194191,0.469741341673616,118.295764124172,0.11954116743967,0.113355924926214,148.78084522764,25.8372782740673,0.418613863149402,7.58471604273777,0.0638968929478988
1667088000,20616.7033766803,1589.51054997078,55.3386200822897,0.457816422711988,116.121779172693,0.116977303051969,0.111092329810682,147.427264618374,24.4983943927139,0.405295434818987,7.78014495859161,0.0631030071988262
1667174400,20490.8581808884,1571.20387054354,55.1038305952445,0.46430757383735,115.117367807326,0.126580437956239,0.111253924975418,149.202570216721,24.2654145092381,0.406140628028702,7.84857163989802,0.0632982747792899
1667260800,20483.966530976,1580.25594681473,55.1400244238588,0.464779808005878,115.040166152289,0.142428405515249,0.109894588940546,149.888803842004,24.047603044677,0.401166394672501,7.67554386076303,0.0628237454457674
1667347200,20148.2845537697,1519.57743717124,60.3530949069715,0.451286171515523,113.451491956193,0.127850630803249,0.107615032831109,146.837282447575,22.926168056875,0.385534733649673,7.42496756091708,0.0615203480777092
1667433600,20198.1111860316,1529.79641525424,61.868424395258,0.454897206003803,115.582162303321,0.122279359223449,0.108619185380848,148.715299975726,23.9582252900104,0.389155290118182,7.69973955229746,0.0616761785464388
1667520000,21157.2449275278,1644.7656364699,67.5625195055518,0.503501193905813,123.447736255384,0.126082302848035,0.115189105354047,157.661223597218,25.789766030149,0.421443059418142,8.74988999990545,0.0637288132637748
1667606400,21283.4715999416,1627.35012068965,69.8221582647551,0.493471235135633,123.724911520127,0.12432547253493,0.113541270908952,157.443530509626,26.4948044327463,0.426826663611909,8.66810198843171,0.0636038610482662
1667692800,20946.8030359439,1574.97463471654,68.1108200121568,0.471269034196339,116.823286382233,0.114437570498928,0.109304280497939,155.0531991267,24.914347017024,0.40406984184405,8.12798118710339,0.0627899356295954
1667779200,20568.5651183518,1567.4638132671,67.6284288424907,0.465000339874296,117.454280698628,0.11066400038727,0.10963263567068,154.550705476945,24.9881711464708,0.4035392097125,8.86364024653469,0.0622298839456868
1667865600,18520.971163647,1331.86717884278,57.3817629976465,0.406263900178877,103.000582292022,0.0878617724102801,0.0990632129831784,137.854460253948,21.8366501966904,0.372349501896362,7.69217783046848,0.0587357998119005
1667952000,15758.2912819988,1092.99871040327,50.2372359810903,0.329527554655151,88.6752463382896,0.0736123932638036,0.0829047295527762,118.990157572224,18.2145330878484,0.315539550641344,6.19560633365275,0.0532174615742948
1668038400,17541.5602866745,1297.56088690824,60.285962394373,0.394202435932608,102.628214194129,0.0893556397540583,0.0968778292804607,132.705656220902,21.9283027605835,0.367719330185198,7.19317977334195,0.057644316947469
1668124800,16916.8506312098,1280.90110344828,60.9153531476692,0.382364128303562,102.145737444579,0.0841699646405611,0.094662740018534,127.541249405073,21.3361477229763,0.35230684657285,6.97199263990202,0.0555942755297284
1668211200,16771.2426718293,1252.00409994156,59.6849539781548,0.36266096440659,102.050954322483,0.0879849335424513,0.090721983128756,128.160711718623,20.4100762284562,0.338719168099341,6.24076808576663,0.0548522376854488
1668297600,16320.4983375219,1220.14754500292,57.1965306461797,0.337825007985967,99.1963177102788,0.0843099087663666,0.0876398556035602,127.185817075793,19.767117226441,0.327999756052121,6.02747243565203,0.0506957570251647
1668384000,16629.4784146698,1240.72447603741,56.5043188136159,0.37562752888534,103.58908256234,0.0859907169287669,0.0909121346716417,129.824629592279,20.3309450228421,0.331577019119976,6.25792647506726,0.0500581921328329
1668470400,16855.59378609,1249.54837960257,57.9460914621819,0.387804335519767,103.683004619715,0.086735400752466,0.0923090948810557,128.832515638239,20.5219913086207,0.336622508286384,6.41128749110387,0.050577954431958
1668556800,16659.6063345996,1214.79349853887,57.4567713663515,0.375796655657639,104.418387869519,0.0854490207986003,0.089804421248577,132.17287965297,19.9199610075841,0.332522519791704,6.18044134238554,0.0502073552618346
1668643200,16675.1790204559,1199.72255055523,62.1374209221517,0.381970241553579,103.668158707028,0.0844957754654179,0.0902096118456606,132.386265518317,19.5835934333708,0.324465627177508,6.22651816069473,0.0499801826408067
1668729600,16661.5229576271,1209.4787565751,62.4523413258756,0.382128118209696,104.52458780662,0.0844413784072594,0.0891217896058305,133.015746324122,19.5038880413898,0.325348512592558,6.17471678839097,0.0505250944789063
1668816000,16696.0040581531,1218.60619929866,63.8165051239289,0.384264751300367,104.682719166632,0.0844194711697744,0.0902901005955027,134.289623997353,19.5055310688619,0.328278088289893,6.15012808546541,0.0521049785098587
1668902400,16246.8446992987,1139.64296113384,61.8772836744095,0.360691355790568,104.388510067518,0.0770579664110313,0.0863986685116297,129.877057407909,18.1402950246303,0.311700487176489,5.75745488998945,0.0499412697326699
1668988800,15778.0174047341,1107.64197720631,61.4711783701455,0.365282895974737,103.222809468784,0.0746375333021271,0.0843481526725783,126.402157171555,18.0212112505247,0.304425069629956,5.85525721159116,0.0513261626300517
1669075200,16172.8893445354,1134.7735163647,70.2234154082249,0.375280906919694,108.847850425011,0.0784058779152241,0.0869602059864564,133.662578230014,18.4178890447555,0.311752869473638,6.38821773468216,0.0505761863238568
1669161600,16574.0617299825,1183.16671361777,79.1959252516594,0.380889018155157,114.691307681218,0.0817926017943302,0.0885470751746737,134.753222296485,20.2489427489011,0.31810110911582,6.7092868374827,0.0516858839724379
1669248000,16583.5243445354,1202.6865,78.691307566939,0.40101259921776,115.758826416013,0.0814051818468026,0.0898768970559561,136.656627348759,20.1882429653581,0.315867708797089,6.8291750856727,0.0528458631669319
1669334400,16522.3887767388,1199.06187580362,73.9327645758492,0.408778697440348,113.839719513556,0.089471851857076,0.0892053047117879,136.246714152599,20.1029678406371,0.314872141317183,6.84279415098855,0.0529670332786814
1669420800,16448.6413077148,1204.81936440678,76.3404630699446,0.396219534410558,112.360126468045,0.088930838000189,0.0879970858924439,138.739679127129,19.8687946898571,0.313350964355254,7.14201862664884,0.0527734495171321
1669507200,16436.0707688486,1196.86665049679,74.897156605604,0.396354364907916,111.185706657918,0.0996466691824256,0.0901337835197601,136.484416219255,19.8519065772041,0.312742864707597,6.92082856872312,0.0532211342831232
1669593600,16212.5814161309,1168.91699678551,73.9030137085858,0.389668639764018,109.990582791051,0.0950309846927532,0.0872649220591632,134.863636451476,19.3270801739398,0.306279963705083,7.21271250978293,0.0530130804344775
1669680000,16443.0368199883,1217.08083810637,76.1015444438413,0.398142840574258,111.130855301615,0.101862521882717,0.0885991674477486,137.725169760841,19.5316857762868,0.309422229183147,7.32878116916488,0.0533400205650287
1669766400,17176.8986914085,1298.03941963764,79.3623445855213,0.409192467091315,113.459029611794,0.107351938400373,0.0898846226004107,142.151604926289,20.3096371597169,0.319363497229938,7.68980211353264,0.0546639513910136
1669852800,16961.2918042081,1275.71093571011,77.55617432306,0.396240733082251,110.211011764326,0.101437012667025,0.0874423548695454,144.471003094829,19.7268736835295,0.314153581548358,7.68958610776288,0.0541099342569058
1669939200,17075.1091370544,1292.87129018118,77.8631577354764,0.39542496109491,111.943656548824,0.101955798128791,0.0880294353831451,145.439212418511,19.8318899709833,0.319094596623755,7.58373754599583,0.054395097677728
1670025600,16899.5073831093,1240.93125043834,76.6043044980441,0.3878254966122,109.692928745969,0.0998167845305921,0.0862936658277913,145.299967583746,19.2368853645374,0.319212163792599,7.2434753256442,0.0535915719110421
1670112000,17121.7149824664,1280.03346960842,77.0963140595725,0.390193717156475,111.136629127345,0.104247985405211,0.0877992509761626,142.960759843394,19.5078221532246,0.322565819206607,7.4367246343438,0.0531297193941331
1670198400,16961.3517866745,1258.52961747516,80.2049271310078,0.389110604246101,110.387297629473,0.101295501900264,0.0868020248462104,145.240881505111,19.425054232128,0.319320278123836,7.26425324893873,0.0532922955714566
1670284800,17070.5158281707,1270.18564289889,79.6990465035605,0.391693481736138,111.97678230909,0.100105099209739,0.0860351395896188,143.271348017687,19.5357917445799,0.318151107427402,7.11155747063972,0.0536496856068301
1670371200,16848.2518243717,1232.55245441262,77.050274674951,0.383452846205912,109.221782711434,0.0957740700678772,0.084268399217882,143.994455221684,18.7157082576947,0.310424072625344,6.88889067378112,0.0531327904911023
1670457600,17231.4563223261,1281.63305201636,78.4419325252829,0.394599743756335,111.854751571615,0.0986003227389731,0.0855506845405907,147.937953856801,19.1740254651424,0.314756723023386,7.01310440658777,0.0543851564698041
1670544000,17136.1490008767,1263.20861864407,76.3073407415446,0.389056844025312,109.656242973967,0.0966808276185389,0.0850297358854303,149.219316090448,19.1388104484325,0.311723779954913,6.86163097326438,0.0546622889183917
1670630400,17124.2146797195,1266.7714421391,76.365679794796,0.386363784285707,109.079432494112,0.0963579824675043,0.0851457456100809,149.735643739335,19.1342868588067,0.312387979609538,6.84921260514042,0.0548013487531236
1670716800,17094.3606592636,1263.06966656926,76.5845562101886,0.381350555657954,106.286691267916,0.0926843284978304,0.0837906097074321,150.221797854025,18.893322992551,0.307308470329486,6.70707463638663,0.0539043777777333
1670803200,17195.5249962011,1274.78023495032,76.2107431436833,0.38795577379845,106.177885622834,0.0901401369106159,0.0842336650376644,150.88660247494,18.5237348848467,0.306651152069881,6.68157279400749,0.0535057368566057
1670889600,17774.9166320865,1320.40190677966,77.387034903932,0.394832131057265,109.991199372836,0.091015583525786,0.0839737692022631,151.640316964084,19.2645789111816,0.312269529359622,6.90852649826266,0.0544545164503602
1670976000,17809.7240835769,1308.14814056107,75.4602620702185,0.386220372305977,109.132254353413,0.088439573428965,0.0829393391866825,148.597540415124,18.7973951152431,0.308076676462604,6.72901543911777,0.0556306258974648
1671062400,17344.0544569258,1264.12830508475,72.332622937535,0.378478652728243,107.137572323188,0.0845507399707773,0.0817134207438906,149.056705067205,18.1166574472593,0.29958941716982,6.4376195970245,0.0557693853183336
1671148800,16606.1101750438,1164.54822443016,65.9897693473294,0.351228411570407,100.001077745545,0.0755013330699466,0.0744785727730103,141.734186553011,15.8485005389771,0.26316546079496,5.86501893179652,0.0528760157908804
1671235200,16774.3853702513,1187.08355902981,64.9181021752033,0.354209784497099,103.035902512825,0.0792044162682799,0.0756908977953215,143.370712660725,16.175797353725,0.267132120534996,6.02440823954526,0.0548292154078157
1671321600,16776.1159254822,1187.40088690824,64.7068525375176,0.350981698391092,102.199147324766,0.0789246933543559,0.0767139074301906,144.322055401393,15.9973060110665,0.267200851694249,5.98356364273803,0.0538491257197234
1671408000,16424.1313857393,1167.13473611923,63.2197901588257,0.338845366721611,98.6434786557407,0.0713329105015435,0.0733143390387464,143.96331059257,15.123647558305,0.252823290283002,5.79651283986956,0.0536631663481711
1671494400,16901.8169362946,1217.78852659264,65.7747832709946,0.349961437932665,101.947985508553,0.0749203669606399,0.0759932741190979,147.106673994116,15.9571898121411,0.259064477943883,6.01994660300304,0.0550008352880438
1671580800,16800.5329707773,1212.37697340736,65.3427772598853,0.345719908691821,100.242965638486,0.0734876324167384,0.0749989078742869,147.198030954463,16.5733850847735,0.252799062871338,5.97598857759617,0.054822100288878
1671667200,16814.2225791935,1216.84605055523,66.1003766935346,0.349610123192157,101.37489893894,0.0770341914272084,0.0756695479051851,145.509412691724,16.4393436446529,0.256379659389243,6.00106569120611,0.0555428363094534
1671753600,16780.5169798363,1219.86765049679,65.7364252126173,0.354229723374613,101.88044264652,0.0770784555423416,0.0752772398973525,143.166307598955,16.3915049899295,0.259345364434884,5.93853433325261,0.0541810060687057
1671840000,16837.612170076,1220.58067533606,65.7419964506925,0.351897375290722,101.772395025159,0.077621906610892,0.0743261436171618,143.451608625329,16.4605871639433,0.259274642096927,5.91513070096,0.0547277316277618
1671926400,16824.8389736996,1217.7824880187,69.0719330085029,0.345932128068579,101.279910638185,0.0758228585342561,0.0738193394184598,145.164877296108,16.1548955780796,0.259106212222908,5.98688549441254,0.0548083303211564
1672012800,16879.9382273524,1224.37791788428,70.4272041685763,0.365770938955904,103.312421738446,0.0754347620740113,0.0750788165680576,146.499795371627,16.2092071995662,0.264778948067518,6.03312939700313,0.0545312583467348
1672099200,16698.9112708942,1211.57558153127,68.6939586564807,0.368294578088564,101.589338492048,0.0736140587373984,0.0739873647116909,145.205855892783,15.8271755420435,0.260187534981204,5.89137806279049,0.0540827572772777
1672185600,16536.2942001753,1188.10792518995,66.2053200295934,0.356211541894504,98.9945300224594,0.0702866420326596,0.0716138152925437,146.688009964386,15.0916693304881,0.248292506433931,5.67453950726998,0.0540663079605351
1672272000,16630.5931551724,1200.92096843951,66.7224771906927,0.34261540971277,98.3271963435123,0.0709089394371239,0.0718540427079021,145.74921375299,15.7401990866856,0.24394639699201,5.59312250126242,0.053985929227507
1672358400,16593.6888287551,1198.58331034483,67.9394470629325,0.344857409669739,96.5308383054845,0.0682842852717709,0.0722950758555003,146.0324036697,15.5347137713702,0.245158001225968,5.45475618942406,0.0543544991348572
1672444800,16524.2178024547,1195.33087931034,70.0035650054964,0.339407913724412,96.8915117201753,0.0701822629603795,0.0710034592597814,147.257207469641,15.6831222755988,0.245857181540895,5.56126247641535,0.0544536712478063
1672531200,16606.7520432496,1200.00591934541,70.7463513434069,0.338407613943332,96.8616869292724,0.0700602132723938,0.0724903519973208,148.544109401301,15.7582771456872,0.249510492024522,5.62000570218591,0.0547948951163838
1672617600,16688.7192729398,1214.8377685564,74.9145782631921,0.348716293724105,99.3122756377531,0.071468923565739,0.0737835592176114,147.99353937033,16.1268202009385,0.253806973954493,5.68629400438147,0.0551354650399057
1672704000,16670.0773836937,1214.22573816482,75.5744459556186,0.343814818279208,99.5831230919011,0.0704014655625777,0.0736058664005256,148.423552867838,15.8841211571172,0.252530981138719,5.61734288791688,0.0547664379741472
1672790400,16848.3660391584,1255.92211689071,75.361388077777,0.347464113017483,101.448175236633,0.0728888442197592,0.0737145452942662,150.788283017042,19.1425298323718,0.267640049101683,5.8021173782167,0.0547375141055385
1672876800,16824.8001826417,1250.14810315605,74.2228719351134,0.338047985832134,100.996953422103,0.0715090247791473,0.0727703937155758,155.672638266953,18.180960369067,0.268886482975881,5.64403510857585,0.0535612788626681
1672963200,16957.8622738165,1269.2522521917,76.0552707042047,0.344676129383781,101.517031813594,0.0724669407597896,0.0750894192058548,155.493755411432,20.4626863101922,0.278519800526445,5.71125201871924,0.0524740495140436
1673049600,16942.6285891292,1263.50416335476,76.312015543359,0.343668560077644,101.480326549069,0.072161631280716,0.0756129383435349,155.814981697563,20.0247475560689,0.276830201704253,5.82273804653313,0.0519256056314553
1673136000,17059.2399444769,1284.640028346,77.3467050626809,0.344466316712498,103.286450591822,0.0734036150953634,0.0770634269905183,155.149172022587,20.2531714764968,0.294010452743215,5.92358045204849,0.0537751840811907
1673222400,17182.3198521333,1320.62153097604,81.6858627423033,0.348749131663119,107.062835591791,0.0756240567528376,0.0793200281982837,158.645705283461,20.1178549639722,0.316355212636079,6.06238512839831,0.0545942854651576
1673308800,17433.9146320865,1335.65639655172,80.8246067781626,0.351479899595663,107.438221664208,0.0775236818316539,0.0794884271567481,161.528219468228,20.2134546233788,0.322115709663021,6.15144954741155,0.0547529588188659
1673395200,17833.7107656341,1380.51409789597,84.0434805376973,0.372842096854863,109.375629661181,0.0779032678732409,0.0812883367930298,167.87860626968,20.4069528690135,0.320846426066628,6.25601166570263,0.0562824338378667
1673481600,18869.7044842198,1417.14464611338,85.910352523141,0.375181497872596,119.562097142906,0.0802304943656132,0.0815399054945854,166.995188083079,20.8730455642816,0.329532942045072,6.37432725924564,0.0571049124687841
1673568000,19868.7247454705,1449.88405055523,86.2686356738356,0.385384081497693,124.160226326181,0.0843746680047149,0.0844251676712947,170.28862371306,21.5886373033206,0.345018907945765,6.59720634672374,0.0599966134153152
1673654400,21010.9227200468,1551.58092372881,87.7620159413078,0.395718842824004,125.955952484341,0.087396337989712,0.0873102238144586,176.172659014012,22.5485079288322,0.352320138075743,6.8624667377819,0.0618653232262238
1673740800,20876.0085561075,1552.31962039743,87.3715131771817,0.38489233865343,124.888146932054,0.0861738153150756,0.0880571159448051,174.545487601142,22.4578987357503,0.350168303707232,6.68831038184133,0.0624116283331317
1673827200,21180.4119485681,1577.95188194039,85.8122353935516,0.386645219621655,124.033425712605,0.0836433656352267,0.0877518221699622,167.809752918314,21.875553592094,0.349942898209402,6.66883381528223,0.0623976489685058
1673913600,21178.2993962595,1570.19011279953,87.2804481726329,0.387890986283066,122.943828429063,0.083110857317234,0.0866124628314789,172.343080102391,21.9222743977879,0.346302728563888,6.83645132668007,0.0618035520250632
1674000000,20709.6686040327,1519.97825832846,82.95341560757,0.379528884497757,119.447802439385,0.0804303812550115,0.0826438990551985,163.35489406271,20.4766083538337,0.327477351013328,6.3558361771342,0.0590878180616329
1674086400,21071.8334152542,1550.32473816482,84.156116047003,0.393471451593784,121.5299316865,0.0815658758778116,0.0843127329498989,165.418884931276,20.7069342094013,0.338810367370458,6.50816990315929,0.060068146563718
1674172800,22660.7169421391,1658.07273027469,90.3516508976653,0.412720154836475,127.701365495496,0.086420123495033,0.088687894339234,172.919384077387,22.4827053167069,0.362650045286062,6.93808976271754,0.0627986039838182
1674259200,22803.172761543,1628.12569403857,88.4949175682531,0.404002307764929,128.726222151965,0.0850179247817143,0.0905041324389765,172.886220789245,21.8738218099871,0.36900963802333,6.88949239218675,0.061817070932463
1674345600,22716.2771966686,1628.26689450614,87.6271064692529,0.40069646192031,128.663513692491,0.088230959672706,0.0910858275841413,176.76076451228,22.5078947594475,0.37655304767787,6.98027296514519,0.0616760659542636
1674432000,22929.0248936295,1627.93555610754,90.0721968198477,0.424942414249096,133.423281724483,0.0886062984602967,0.0943540181860747,179.365216172613,22.7484412440071,0.375168986828031,7.0247581332144,0.0628190562127246
1674518400,22611.1268787259,1553.74205523086,87.0434928731625,0.406913295744021,128.185633445787,0.0839798000443434,0.0903285342234295,170.812884003517,21.167461897545,0.358547338052625,6.65543191106822,0.0601103055127636
1674604800,23109.0845189947,1607.73188661601,89.3154756877366,0.417098946649718,131.912230787585,0.0865436206929537,0.0924501882989689,173.724584850028,21.8506818637173,0.372963118972752,6.95574933023864,0.0618470617859951
1674691200,23008.6894766219,1601.93506399766,87.4998689825693,0.409966767393609,134.063389308854,0.08624110216671,0.091871113393875,171.239583537234,21.9602536418565,0.379866219937695,7.17705554947099,0.061683893753701
1674777600,23070.4964582116,1598.01924400935,88.8670184830709,0.412368955529869,134.82280539168,0.0870805002825418,0.0925414388488557,180.009486827269,21.9863587745646,0.388694168081103,7.37183894243674,0.0635865181287217
1674864000,23008.8094649328,1570.18742606663,89.3286023846924,0.407316197936648,132.481995839392,0.0875937615193687,0.0926980227604216,185.535229451329,21.692721620783,0.381605535277907,7.19976927879327,0.0630541797361118
1674950400,23774.9963679135,1646.29684132087,95.1103652760319,0.413494191240245,136.659783814351,0.0901615447796807,0.0943841072171687,186.075453353874,22.7107744984317,0.396322387262458,7.38855567737502,0.0637789058674764
1675036800,22799.427261543,1565.98836440678,90.9911808848237,0.39401692451635,130.725339729204,0.0878687267341554,0.089856594277482,176.037073553952,21.3250323200374,0.371842851553325,6.9041574379127,0.0622144659249259
1675123200,23130.0519132087,1584.82108328463,94.2089324506811,0.406189506910933,133.144336315849,0.0957784733271092,0.0906239108441598,177.607657284437,21.6832304712681,0.390736723449631,6.94414759615923,0.0621315850828882
1675209600,23727.2026075395,1641.90211075395,100.585004054338,0.413804765749546,136.361309115648,0.0941885989080306,0.0922384165021026,177.778231843313,22.3873387579714,0.397487455436926,7.22122502529183,0.0631973050926941
1675296000,23505.6048430742,1646.33768264173,98.8412911747516,0.409778333240012,136.675930318781,0.0910783303196786,0.0917297388358085,172.88379577286,22.4305184362897,0.398590102411277,7.11260671910092,0.063838759673606
1675382400,23445.8131773816,1665.60525014611,100.026212124033,0.41194064284265,137.915720890113,0.0929868317830667,0.0927891525951346,171.664769074885,23.1931288142318,0.404462457512455,7.2889625081899,0.0641534025223598
1675468800,23355.5243863238,1671.04695207481,98.6653689559428,0.41238890407746,138.500505261774,0.0961257870722598,0.093246012234649,172.143089773674,23.9472184579116,0.400713449659357,7.25925188532056,0.0639322485794039
1675555200,22957.2251905319,1631.12114172998,96.3805861341843,0.398908729093909,134.545398948608,0.0921502730036878,0.0910386617154455,167.176914079958,22.8867543417152,0.392496210127659,6.98812537911879,0.0640654084325429
1675641600,22745.1650371128,1614.27482232613,95.9416307207332,0.392522266611555,131.362115832526,0.0893936291057861,0.0889340961763852,164.290950565525,22.1103334331664,0.381857817884278,6.82119881048705,0.0630903097718222
1675728000,23266.2692036821,1672.72231092928,100.964303356363,0.40417517164976,136.136524308217,0.0925979778348409,0.0919660378607262,168.12245166005,23.2165612874679,0.398994011069839,7.19899449803962,0.0657779689934858
1675814400,22937.5799453536,1650.23299795441,99.1866802410539,0.398180243226809,131.58329305283,0.090175127685564,0.0909793617973175,165.721674485769,22.6122226272346,0.39415279058298,7.12509294817002,0.0669512186383735
1675900800,21818.1989456458,1545.6244585038,91.9157938427272,0.381895561449571,126.465603784554,0.0814386104970504,0.0855640889582511,152.48464649473,20.8878814588492,0.361788140671097,6.98904332131417,0.0625682003670551
1675987200,21620.5667837522,1514.2499868498,93.4626697312404,0.382046557100524,124.851949061754,0.0809929723063307,0.0856347757106608,154.595513559277,21.0247633102936,0.358177902225532,6.90420653059213,0.0632975293006726
1676073600,21864.8626414378,1540.18145032145,94.3876949761758,0.383583672693843,124.892021738401,0.0823349243912218,0.0862597977734796,161.459418658797,21.4835980483867,0.369238360606122,7.01335281156649,0.0638067461470769
1676160000,21772.1373252484,1513.77351841029,92.3172304071231,0.374572153664362,122.805917829297,0.0820614383148501,0.0850647546752837,159.223024421464,21.0292342875783,0.363885140973139,6.80892747554116,0.0637811847323011
1676246400,21798.7157168323,1506.22274605494,91.0766457182602,0.372226953480273,123.848439234355,0.0821770159124429,0.0851728731138975,156.250563065364,20.6617978268547,0.359571468928517,6.66716648385506,0.0656377432086186
1676332800,22222.415043834,1557.42669579194,95.6447043176252,0.382446992571545,126.776037126058,0.0835925725916376,0.085895072387658,158.597506816831,21.2260180712097,0.386683177841169,6.81431649254592,0.066790022907638
1676419200,24304.6129827586,1672.84323933372,102.73362630806,0.401201749870824,134.528421389646,0.0891720178919849,0.0900254081253127,165.438540522686,22.4407200869411,0.411966690201836,7.26704997729064,0.0707505384298402
1676505600,23742.4488354763,1643.89578404442,99.2480670453173,0.385966565205754,128.24477321928,0.0851292551570413,0.0867567534125803,156.178073647333,21.3990449836393,0.388566348596967,7.03442218318544,0.0669248136833674
1676592000,24607.3356054939,1696.04581063705,100.397916351607,0.395493258083312,133.53140515735,0.0877487728100888,0.0904498439038708,159.745416666176,22.418474159196,0.403761784511981,7.64031833254892,0.0705256807592053
1676678400,24636.5266127995,1690.93641057861,99.7474099051497,0.394397828432002,136.039918658807,0.0890514069541353,0.0921242720604648,161.752502601926,22.6524706678563,0.406110149942184,8.00910783464679,0.0701256666171191
1676764800,24366.9907606663,1683.20734979544,97.7294990723679,0.386360623309868,136.254411065324,0.0870870079348351,0.090766164480655,162.061366180514,22.5646228392712,0.40034662318209,7.97521607597401,0.0705323244720602
1676851200,24797.8430359439,1700.88487288136,95.7947891876096,0.398250705156138,144.309534548634,0.0880656867738165,0.0944347132014352,161.586117602991,23.1685271102478,0.403218366064058,8.00133172782298,0.0718405194422365
1676937600,24400.3893898305,1655.09468264173,93.5838692195199,0.391456961088586,145.137509986798,0.0853234014478568,0.0945432813534395,159.327796986519,22.7421189032822,0.391687217962442,7.62007317076729,0.0694170928376552
1677024000,24163.7389812975,1641.94119491525,95.1071524890893,0.395431432905305,141.721662597277,0.0854237223016362,0.0923062716463234,157.893871028398,22.4602825159838,0.38852869975485,7.70939962226488,0.0694388390876375
1677110400,23910.0342104033,1649.39288398597,94.6368932831768,0.388893745810213,138.766984629596,0.0841263525957744,0.0908555862704097,151.612868820957,22.0840538571911,0.382611091702252,7.94145497480157,0.0695844431828714
1677196800,23175.8242036821,1608.29904324956,91.5160781370932,0.378265144023955,132.848020592625,0.0808596398071303,0.0890694636189587,150.490594537489,21.0971358394166,0.365636708705719,7.44871293930351,0.0678721977145637
1677283200,23159.8154403857,1593.90391671537,93.2260705448135,0.377417084830243,133.145706678934,0.0806437779460368,0.0879594479338147,148.805912924694,20.9680169246236,0.361757975818999,7.37734026880916,0.0677968135608588
1677369600,23542.0964281122,1640.57851431911,95.1855695090086,0.3774656775945,136.187602829984,0.0821431198653656,0.0888664799293489,151.391603257356,21.4087172565819,0.368757516447653,7.48514871691603,0.0695169468579763
1677456000,23504.1894178843,1633.62932583285,94.0152516958889,0.379112547956045,134.983763892779,0.0812804625558962,0.0883189893338143,149.73444721,21.2992987290503,0.3645960704206,7.27484208722784,0.0694127141064298
1677542400,23145.9491277031,1606.66273436587,93.8081433417619,0.377556425651262,131.913861560181,0.0807388540639806,0.087021591442457,150.342689650352,20.7614039951442,0.352012396145585,7.20277657831328,0.0689706983960505
1677628800,23610.6590902981,1661.70797282291,97.6581433364831,0.383783631975884,134.096011111419,0.0819049473152554,0.0879755225478903,152.302973594573,21.2485119290814,0.359935805994851,7.52126507691925,0.0698169270089022
1677715200,23470.0254815897,1647.85497837522,95.161523387822,0.377517305016748,131.675442883885,0.080466619472033,0.0874740783949867,151.183292298244,21.0923221819453,0.34967619362493,7.26876707693103,0.0696842246707352
1677801600,22350.0962340736,1569.16893132671,90.4992800135586,0.377221336554087,125.969302163813,0.076793127194623,0.0854047266737246,144.978688185998,20.2571853429944,0.342236403829123,6.95000884779936,0.0671584606194882
1677888000,22334.2852638808,1565.88301373466,89.0742015225566,0.373265465276969,124.310912243001,0.0743929528472558,0.0835010134273915,146.608195917318,19.9274940364997,0.335722590604373,6.84733455856674,0.0666679753428958
1677974400,22419.8171390999,1563.63009818819,89.8612048077719,0.366659738431155,123.875649016483,0.0746804704309527,0.0826455332066533,149.252354312375,19.7334839109029,0.336493794027172,6.93788176629583,0.0671805452842963
1678060800,22414.7033056692,1567.53606341321,87.4005660929151,0.370125789294928,124.258165508719,0.0748293726598626,0.0835081777401867,153.719491716702,19.6626786543224,0.330455251831242,6.86038939906421,0.0673530281159687
1678147200,22174.6484725307,1560.02789246055,86.1849241209092,0.38023461648921,121.998175805493,0.0738897140858866,0.0825962623059607,150.43229298984,19.1850262889215,0.329920760245826,6.86424724292299,0.0662378370458915
1678233600,21701.3846227352,1534.22761718293,82.8237808768438,0.3893095518114,116.449800602713,0.0712156615322287,0.0818005450068417,143.997118219605,18.2584230345038,0.317901684402652,6.5903473440439,0.0651986533799605
1678320000,20349.8141732905,1436.66890824079,76.5277706454745,0.371941695570028,110.024780305465,0.0658309076177437,0.0769321759037255,142.30583103931,17.0153553287571,0.308761879039204,6.14197827239272,0.0582821401695076
1678406400,20240.406694623,1434.1492194623,72.0321282094612,0.371658280327283,112.065320885754,0.0660059418269117,0.0784094780446692,135.61206001929,17.5136011829489,0.316508168297072,6.24920424101953,0.0576309463548643
1678492800,20585.2343290473,1477.24561835184,69.4768738281617,0.365922207706001,114.146433822682,0.0664457963324046,0.0794184252153427,140.887568699613,17.2512937592721,0.306504433619469,6.19531888639449,0.059188898727696
1678579200,22065.9800359439,1586.49992781999,76.1004241946184,0.372328270391699,120.988218701912,0.0708838865647461,0.082879393710741,150.862368268354,18.7008849644833,0.330704453527498,6.5820103359055,0.0638864642536134
1678665600,24154.4290946815,1677.88656078317,81.696163249766,0.373347736662797,126.969234904702,0.0729900191108366,0.0847109193977884,152.944838392712,19.5911864769134,0.344430742794154,6.77114297676313,0.0671147436191574
1678752000,24769.0175691409,1706.89304383402,84.4807958231418,0.374389762262308,131.441332119544,0.0748038873871022,0.0886511028645311,150.475368271811,20.2446376627408,0.344636297371357,6.97854666853945,0.0671964583825909
1678838400,24409.8017518995,1655.43240093513,76.3497074135731,0.360532034063172,123.470299867761,0.0697943211398057,0.0839655444731579,146.836140820086,18.4303251777299,0.324601638001661,6.55162958886974,0.0653316454344883
1678924800,25043.2388468732,1677.25818614845,79.0608240971954,0.365833691835361,126.123315240604,0.0724527654387419,0.0847572111741975,149.317099682909,18.7657276690176,0.324821361306806,6.68133007379841,0.0653425851387516
1679011200,27450.6282933957,1791.02045382817,85.4037698083478,0.380255209244473,135.530033244183,0.0766212035170174,0.0880039677846111,153.666426553756,20.2600437889787,0.349629415380352,7.22723965452297,0.0677753921352495
1679097600,26985.7359915254,1764.36525336061,82.9797338214551,0.374435759695378,131.318059340544,0.0732240598135764,0.0857034132339301,150.08567478875,20.7927753210337,0.337967813378355,6.93981198316373,0.0659561470778325
1679184000,28185.2043319696,1801.75050058445,84.9794399102942,0.390236166930005,136.351205158263,0.0752139332876876,0.0882928377815676,154.615401923048,21.3046011130326,0.34824583592316,7.14778049628078,0.0669739903803161
1679270400,27834.3361090006,1737.37734073641,78.6730735804998,0.374628025346613,130.874236380832,0.0716479686735559,0.0868044446824921,152.726766657724,19.6319304899406,0.333458276843628,7.07664979741077,0.0652648508289669
1679356800,28172.7950558153,1805.09059409702,82.7344320232508,0.467439080395393,134.552265368167,0.0768278572541711,0.0964893551176133,152.597895766145,20.8961211716005,0.371127068095496,7.40575409500021,0.0672147005181586
1679443200,27341.5571297487,1738.26925452952,87.3714545476326,0.422698922677825,126.211728059535,0.0740483954690032,0.0908591738835154,149.019462447705,20.0992556345826,0.360495409319403,7.17280664046601,0.0598958928461839
1679529600,28387.8897495617,1819.24090590298,93.7087113447433,0.445294184410832,128.934731456622,0.077507378788659,0.092617144814268,156.778348841798,20.8376930270836,0.372355432038229,7.62655048691595,0.0653693434618764
1679616000,27464.1249453536,1751.13301110462,93.2500319962881,0.425111009045884,123.913270892452,0.0746719854303927,0.0888905549901091,161.7658787266,20.2011412496177,0.359924542744152,7.21069804991296,0.0636454760638934
1679702400,27488.954880187,1742.46973699591,91.4390109669634,0.44367465165651,125.010581164172,0.0740115053505011,0.0907096164015614,160.39609886637,20.0069572897758,0.351679102638065,7.07884979174655,0.0636938826164573
1679788800,28049.3916911163,1778.52934570427,93.714304451551,0.449468029188837,125.042882464697,0.0745245531006847,0.0920771058229987,161.850345516175,20.3932236746022,0.356735859521033,7.2735861645084,0.0643238990048498
1679875200,27154.9963702513,1714.87305932203,89.1110487029136,0.47894807706318,120.147045603299,0.0727928942017622,0.0925196571888221,151.962115930827,19.6643979024298,0.345476164959417,6.8730423539299,0.0635658285082964
1679961600,27283.9634029807,1774.92046697838,89.1605299648505,0.516081336357372,121.089666015508,0.0738506789239794,0.0976982572697508,154.498093240699,20.1805194176711,0.368429305249282,6.95636780727263,0.0642538618093854
1680048000,28389.2917784921,1794.74885768556,91.441037830273,0.544472482726372,123.312312152176,0.075761112798354,0.102289426525384,159.298767187047,20.6804141871783,0.382316609617862,7.39315272186533,0.0643688552701358
1680134400,28021.5583009936,1791.79660169492,88.9558428765735,0.534534781514534,121.072618846728,0.0741804828276815,0.106046162768589,155.352351159871,20.2656395620386,0.376506496737469,7.23182814287044,0.0648477383308843
1680220800,28514.6813062537,1824.00190356517,89.7369729344437,0.538954817297498,124.150064839983,0.0772785298886713,0.112104114191785,157.868911889015,20.7779938090431,0.399413929072605,7.6050676447914,0.0656682063319165
1680307200,28494.5638863238,1822.41595762712,92.764227388218,0.509750278567867,126.372035268385,0.0819913329488012,0.108396338166805,156.902303739977,21.286621630564,0.39390784537596,7.54923837050734,0.0664297315309022
1680393600,28161.9980362361,1794.75583547633,93.0200717019822,0.518739351567591,122.967836473828,0.0790674096580607,0.106498454096783,160.533138444222,20.4203493084947,0.381366165227975,7.24976566050632,0.0653747008811794
1680480000,27850.9799436002,1811.18531180596,93.2178381620607,0.497823679693414,128.128239367915,0.0956892696676952,0.10695701398743,157.133001760888,20.7254497371994,0.388086822630414,7.25076965169703,0.0658352418420068
1680566400,28113.9585187025,1868.19117066043,92.4585675817059,0.502928064965161,126.969759407817,0.0949858435908479,0.106009693888111,158.490181494677,21.1039409161315,0.389260457487912,7.36924992452175,0.0657646234812425
1680652800,28190.3116063705,1911.12547106955,92.6135220421102,0.506091144409122,127.255501825149,0.0931554715248956,0.107308380189491,158.167127532675,21.1585592176711,0.392304729325196,7.32849300553735,0.0661396492018641
1680739200,28049.0744763296,1872.08796493279,90.9152812219578,0.503482852494592,126.099772006616,0.0854736154370544,0.105718357770338,156.588250121429,20.684719039351,0.383379165050934,7.19721057602182,0.0661023817560553
1680825600,27936.8042609585,1866.34243366452,90.615637688032,0.513613792214878,124.701156018974,0.0824404799975135,0.106310597538014,156.94501174134,20.4837150214794,0.383489643312404,7.28489278822191,0.0661129333099284
1680912000,27964.0512498539,1851.750106955,90.0485805760494,0.505541007122223,123.81992023418,0.0814149118164631,0.104434459529147,158.289947484529,20.3693681692083,0.385884361730251,7.1475126226346,0.0662020851898992
1680998400,28357.8072703098,1861.1328395675,90.7297783029595,0.505720677952914,125.749216540454,0.0833016900448057,0.104851640668459,160.375663634502,20.5980935300428,0.389507193359491,7.21357514020172,0.0666754879434972
1681084800,29687.5651846873,1912.11599473992,93.9341396160882,0.518615711077115,128.262327725216,0.0850201312750393,0.105778230979783,159.228149694912,20.9978201922645,0.396966405412551,7.35200223571938,0.0673757566054272
1681171200,30247.0959193454,1891.72326592636,94.2017048409041,0.51744962262093,129.133216965686,0.0840807320040705,0.105097660106575,162.007568368092,21.5345857148475,0.401449899122834,7.30837657621757,0.0663832605323813
1681257600,29913.0035463472,1921.77945996493,92.2265176514,0.505489205650369,128.915182544076,0.08346125483258,0.103612256013955,162.220396914363,22.0876630791384,0.405009678822991,7.24167420546506,0.06513028371993
1681344000,30370.82207218,2010.86303623612,94.1518503290234,0.513078250382677,131.178393391721,0.0874039161346996,0.105344089617383,161.855423950152,22.4273129331582,0.425578672891281,7.45861385359101,0.0653080634758069
1681430400,30458.9700414962,2102.23098217417,96.3827735250887,0.523824833916832,132.585079009401,0.0886825510111335,0.107064723324811,161.907423056517,22.4363587412086,0.438301685033174,7.75135794465784,0.0662263900861504
1681516800,30342.0591084161,2094.48822501461,97.0042744361068,0.520675967342216,132.918050323905,0.0890463992852632,0.106620071300347,162.561768797795,22.1326692600066,0.454313051741812,8.02586243148648,0.0660558769222654
1681603200,30312.9308533022,2119.36738223261,100.281044258248,0.521016640671228,134.465580019383,0.0904740215475035,0.107429396845337,163.775898820431,22.2707575663051,0.451929450893359,8.13258083467817,0.0665433466290754
1681689600,29469.5050727645,2076.5863679135,98.6790945123956,0.511253199063855,131.672480104093,0.0914455155485819,0.104162977785027,159.759520508118,21.7179831623011,0.434526148742963,8.17168277963047,0.0657960558795707
1681776000,30366.8723813559,2101.64348246639,101.79451350684,0.53259388937442,133.533690180434,0.0939619280929391,0.105546948333865,162.706033752838,21.8693805793385,0.443504944647343,8.56785671833112,0.0667517407377382
1681862400,28796.7440952659,1936.27672559907,90.2555456964136,0.490743712007882,124.628272991044,0.087389134556036,0.0974633697440635,153.068084085776,20.263426639737,0.414420850045601,7.75434718652217,0.0657872181279203
1681948800,28251.2763790181,1943.00065926359,90.2057732310577,0.474044564663147,122.883029032878,0.0836980991678597,0.0956686280958647,153.831028293994,20.0534693792701,0.400634241729357,7.51491615680249,0.0653971191313487
1682035200,27292.0211052016,1849.59096668615,85.5470862669686,0.44835530804704,119.615445586671,0.0784503493126469,0.092996410419745,151.288883585961,19.3267231073915,0.382370966873287,7.11298001793007,0.0648815214405809
1682121600,27827.5475920514,1875.55641846873,87.0567126655462,0.472211462564826,122.205860936981,0.0803691338661601,0.0955429906805199,157.44763870793,20.2096554675984,0.395941809103256,7.18821114337587,0.0660386137166501
1682208000,27604.6855742256,1862.81730888369,86.8187027611319,0.464245153033457,119.915553329407,0.0788495822567959,0.0945468533339596,157.219897945247,19.7070577553742,0.388753889133769,7.08061190883853,0.0666441474985649
1682294400,27520.1996729982,1842.86772092344,88.4769282621659,0.461728128818646,119.291641971043,0.078797830118836,0.093535552597175,157.64642616633,19.431256021459,0.384089307127417,7.07802196887822,0.0661174189057481
1682380800,28302.6942180012,1868.05564640561,91.1036084342362,0.470053677123809,120.207129643588,0.0798563590962069,0.094935332306597,159.873364644125,19.8090912729263,0.393993724362501,7.27529029603567,0.0658604541531055
1682467200,28384.2340333139,1866.89703068381,88.1368838675891,0.461571600494441,117.569024693459,0.0785225775681314,0.0934559662613826,157.114178001388,19.3382069649644,0.401029639702731,6.9974663147077,0.0652089600268108
1682553600,29465.5514272355,1909.36528959673,89.6912047843213,0.466698897995454,117.076482125347,0.0801585724067572,0.0943479258079282,154.301420557132,19.8246309430341,0.409660762549576,7.16865047596227,0.0657624384160557
1682640000,29350.811886616,1893.93526767972,89.7557280011074,0.47879858278285,118.029034176838,0.0803374878633982,0.0946103629363367,153.340538023765,19.7721831995815,0.404472991395603,7.0509573633379,0.066683564015438
1682726400,29221.5145075979,1905.84894038574,90.9833207975355,0.47773355658527,119.573645964245,0.0815154787219685,0.0957406044830651,154.646352921735,19.790734313338,0.402301440381585,7.18280152077235,0.0679545045953002
1682812800,29362.0867974868,1885.55236995909,88.6993672122224,0.473130601887746,118.326941611896,0.0798480411410231,0.0948190047157165,156.719039295557,19.5076873081604,0.397991316369483,7.05923465961938,0.0674433028079517
1682899200,28114.9531873174,1831.77346551724,86.6817766076599,0.464879109970235,116.958187803742,0.078792823489242,0.0926393227593952,152.658569247299,19.199386518679,0.386749200399659,6.90085672929756,0.0684964344693341
1682985600,28690.5809959088,1872.31188398597,88.2863621540913,0.464887474957743,119.219630541379,0.0788128465443866,0.0935242191283873,152.728794926263,19.2655536204758,0.391508216381644,6.9875468931642,0.069296901737358
1683072000,29045.0427735243,1905.09636908241,88.8585875664454,0.463560410164772,120.193419973193,0.0797480427204956,0.0935814838749623,154.958304529565,19.5652227340851,0.394198261082456,7.12180938613386,0.0691855818048386
1683158400,28855.8574465225,1877.04549620105,88.5018665551641,0.461245472002947,117.388802405504,0.07838376179817,0.0934344965911427,155.759283409172,19.2941705766225,0.387351447292785,6.99415567559555,0.0694398721913713
1683244800,29552.9695236704,1995.59514143776,88.8600342364501,0.46760324317083,120.20544720296,0.0803485894010144,0.0943932562613376,158.318585834567,19.645490296174,0.394513234589402,7.23552918471023,0.071018762223899
1683331200,28899.4629602572,1900.32479427236,83.4435223510678,0.458477613968522,116.989522351993,0.0768362502299526,0.0924990241881055,156.661641311114,18.9867579725122,0.379668450347651,6.93558882593794,0.0702808446312586
1683417600,28761.738434249,1900.28729222677,83.9195583981883,0.452778459033181,116.876233257644,0.0770403453432096,0.0924056776516546,157.904821034798,18.8591837745486,0.378178160438291,6.95043592065622,0.0694429063005771
1683504000,27727.2854091175,1850.24827673875,77.8692143305055,0.428089718032767,111.4555416412,0.0725566825248393,0.089463298665003,153.784065941556,18.2864373207926,0.365459034835315,6.59220742706288,0.0684611101351148
1683590400,27642.4281092928,1848.22007364115,79.9588053379268,0.429009077892007,121.7451517082,0.0731876262129912,0.0890475675983851,155.109083371294,18.7387014569294,0.363440930913504,6.52498339269966,0.0690860161356032
1683676800,27646.004902104,1842.46204091175,81.0758730130374,0.43119611104037,115.911447483612,0.0732328506108518,0.0891367376497683,153.880431238202,18.8789407887228,0.370205329212954,6.59807249718231,0.0694362303746784
1683763200,26986.271065751,1795.59223991818,80.7783854801058,0.421422984736301,113.475798699414,0.0719835790577528,0.0894636267209191,152.618155900704,18.1131179057778,0.359645843413773,6.36055377469917,0.0676811505516299
1683849600,26773.3443591467,1807.86421858562,80.4499630080739,0.430687193630558,114.913432348049,0.0723905058893182,0.0890663525745722,153.64701971667,18.2218034743206,0.369935948414176,6.6226054511533,0.0690543661585771
1683936000,26841.3982913501,1799.58322033898,80.2719983939883,0.424654818463736,113.117297154202,0.0718280727411968,0.0883911981492878,153.091116769886,18.1463998896469,0.365130716442936,6.50498649803112,0.0694637456948638
1684022400,26918.261597896,1799.90850993571,83.3893894257346,0.42564951375202,115.297434065853,0.071986916284262,0.0887109287841982,153.941196970255,18.1207767395568,0.370439351521473,6.54182001414668,0.0693651743486838
1684108800,27231.6216052016,1819.31062916423,87.2461986351951,0.427877195713916,116.34442465686,0.0721003470989643,0.0880981850230033,152.394268569675,18.3189837134889,0.367815929677428,6.64599621550437,0.0703295393181204
1684195200,27025.7181864407,1824.28658240795,89.8405302773483,0.440432032802067,116.852507615426,0.0726899184786041,0.0879061835416132,151.626864182463,18.269219756696,0.367721722617852,6.65662656377204,0.0706055546625759
1684281600,27401.0440610754,1822.18958416131,93.9282656328109,0.448437366467427,118.027169979146,0.0749379566103137,0.0885291112935768,151.470843683162,18.563801567076,0.375275017993429,6.75717100654097,0.0710124498157391
1684368000,26843.2350938048,1803.8054377557,90.6921913997855,0.460311103384509,115.47978879522,0.073581525381922,0.0887586786083797,151.086275938232,18.3698431804769,0.372702995625389,6.53791065291271,0.0703192599198516
1684454400,26889.503631502,1813.16229193454,91.7535759921577,0.46786838829579,115.57859727756,0.0735560436330022,0.0892333710580965,150.5612176549,18.3199182772072,0.368404833956227,6.51261018659236,0.0706860705879365
1684540800,27100.8582878434,1819.32194330801,92.2828742293035,0.468942008694038,116.501193206643,0.073638898007149,0.0887581123428092,150.381234956693,18.3177712880237,0.366252805198438,6.50839349009446,0.0726148290335697
1684627200,26777.0977831677,1806.48285184103,92.3767926002003,0.457800317325563,114.76165245937,0.072181806252755,0.0882093547375643,150.323650997591,17.963919582892,0.360750899516234,6.43573118107995,0.0751853212043119
1684713600,26858.7370637054,1818.20541291642,90.8806716561805,0.461663675080051,114.780590195473,0.0729812901967534,0.0881633655838571,151.441228079594,18.2535602358529,0.367724648155507,6.5307131012357,0.07811054369045
1684800000,27226.8558763881,1854.56284511981,91.5963833932304,0.465214982962507,115.631760626086,0.0728413583472687,0.0881896980054302,151.483499901877,18.3732267432958,0.370266725523472,6.50738708321889,0.0785332686673019
1684886400,26341.4306446522,1801.14089976622,86.0538002168283,0.453422497904721,112.223321702359,0.0707453475382466,0.0865323478166888,150.179617710495,17.791881241064,0.364254136510014,6.33071611318748,0.0768520874759348
1684972800,26484.8359234366,1806.9382106955,86.441870310657,0.453706350723029,111.947326688298,0.0708672239716277,0.0870269364884578,151.219653032602,17.7215928067357,0.358298987020309,6.27721094668584,0.0768041785017104
1685059200,26720.3838071303,1829.23536440678,87.2393387567174,0.468571093420462,113.262587317993,0.0709798642453901,0.0877901821251857,150.650286408764,18.034902012146,0.362608493726914,6.35307804685707,0.0754371937487328
1685145600,26854.5403702513,1830.77384950321,88.648072017667,0.471823241878421,114.024250809846,0.0728337705511944,0.0881177283078469,151.307191784261,18.190309045396,0.366624094088989,6.43830744948313,0.0771977756846848
1685232000,28097.5211259497,1911.28677440093,91.6133556742929,0.482595826964517,116.572613803145,0.0736527110518729,0.0887119232927959,155.428358832415,18.549542224182,0.383001531549797,6.6396635781893,0.0774470164124166
1685318400,27765.0728693746,1894.85833810637,91.0506729751794,0.493858003688283,115.059106260742,0.0732088423899102,0.0893181910591301,154.032507045627,18.3790858140055,0.379086003934913,6.6467987275439,0.0761502846843611
1685404800,27712.4915844535,1900.83276183519,92.2848742733175,0.521846053471411,114.184722509073,0.0723779841211229,0.0908324412579849,153.055452318658,18.2720766729083,0.378061771932834,6.6128568808202,0.0763820814707785
1685491200,27217.6832580362,1872.94246113384,90.5446717285243,0.518338278172614,113.199334128074,0.0716358329323697,0.092585175697275,146.124164099606,17.997655464408,0.374156112850791,6.4805114352984,0.0752757289110492
1685577600,26825.3713451198,1861.87719082408,93.9975254124839,0.507203786366481,113.358279397441,0.0715062978796422,0.0911219187741585,146.792945106954,17.8184580827656,0.364687181776266,6.34736660716501,0.0747448508077982
1685664000,27255.2279941555,1906.95200964348,95.3748620451406,0.524573848141233,114.784849837238,0.0725684922383285,0.0920244215825077,146.027652487163,18.1535395939229,0.37807610958322,6.45766936233406,0.0826191311602034
1685750400,27079.4084643483,1891.8916364699,95.9994185262851,0.51902806242148,114.982388401815,0.0726748513958593,0.0919302578906158,148.535760576091,18.1354178430647,0.375598834502514,6.41536340000599,0.0818745062258243
1685836800,27158.25456955,1892.3073100526,94.5023477058968,0.537034594742185,115.83042555374,0.0725985234269497,0.0914920907029494,148.382736399564,18.2586164011618,0.378182423625545,6.46959925373115,0.0815614723881249
1685923200,25785.8514842198,1812.74285300994,87.8572040350365,0.509591984206393,108.840538349829,0.0666153949405065,0.087900898378906,141.583785734916,17.0227124647937,0.351946587750923,6.06243482003742,0.0782516765227727
1686009600,27213.7705187025,1883.15331735827,90.9055792722737,0.53031360098462,114.606842850944,0.0704140918737816,0.0896361912612646,147.26921535349,17.6063236902815,0.3535826783766,6.25692688586776,0.0781917906104189
1686096000,26339.5790292227,1831.89239801286,88.7747316297228,0.519424366661207,111.043389097524,0.0672672928378003,0.0873255425375661,145.128997085022,16.8975177361773,0.32187071095876,5.90714440636372,0.0766945515102348
1686182400,26521.693600526,1847.23547516072,88.5132405617466,0.524370493303356,111.805804108382,0.0679561589557236,0.087135585262635,142.979481747657,16.9987883109969,0.322847712928533,5.9938595815977,0.077495090150987
1686268800,26470.6775780245,1838.42196376388,89.0872418894,0.536822016565074,110.657144657243,0.0694682216767394,0.0888483230168117,142.758969562086,16.9216976265329,0.293454339182996,5.97990146242921,0.0718806434234858
1686355200,25863.2138506721,1752.90041496201,77.3516382683596,0.50849902863829,103.650213657621,0.0618897137964987,0.0823201299719475,137.946810333082,15.0723485319903,0.276176371974251,5.25676426017885,0.0696665477812462
1686441600,25906.8281516657,1751.8336811806,77.5502559729104,0.520442826026028,102.77171543829,0.0614979182136855,0.0834229219607591,138.439329744181,15.0530994820359,0.272095933767994,5.16503112160215,0.0701601102006079
1686528000,25906.7519354179,1742.45293424898,77.583197785717,0.525553201224731,102.757013616123,0.0614766635030357,0.0830848306758804,140.307587790018,15.157165747579,0.275224997173418,5.16292656333644,0.0709852037098534
1686614400,25880.8599734074,1736.92458503799,77.33657595409,0.519550815976094,105.203583585324,0.0616307477572749,0.0824566603277745,136.887770470362,15.2304391242313,0.274347391195411,5.29088025096212,0.0718734586455655
1686700800,25097.5853796026,1650.15449649328,73.1036596892661,0.479189638384529,101.795990292924,0.0603572973652856,0.079282156653676,133.857400388252,14.7305427199634,0.262616150458827,5.23955859509669,0.0709407178338066
1686787200,25559.1433293396,1663.84364611338,74.3881893140854,0.479328704753951,104.633086219153,0.061457038598914,0.0762429343966074,134.388358002994,15.0386567645286,0.261406848234901,5.2951479832236,0.0708385378927196
1686873600,26331.8200943892,1716.62002104033,76.0169832718673,0.474840759319405,107.997616870563,0.0621020598768793,0.0774462662428053,134.368100044983,15.2303605390059,0.262981640673599,5.31802822676542,0.0704945500964554
1686960000,26514.1713495032,1727.57647136178,76.8708176818212,0.479130474977001,106.603808458892,0.0621810761938026,0.0796385254720757,136.454391334764,15.333940030649,0.266761891710999,5.28141802819623,0.0715605288796824
1687046400,26353.962682934,1720.11903828171,77.1123146356394,0.487417582695709,107.114303518233,0.0620699257960282,0.0794834561922005,137.289986941791,15.2186991361739,0.260766979275989,5.1601254746679,0.0700793669934952
1687132800,26778.0634415547,1734.98348451198,77.3492921420304,0.493414872037363,106.6477485551,0.0623237146504505,0.0799429138289688,138.408594608568,15.356798186511,0.262808125683808,5.11371726462322,0.0699274530665204
1687219200,28305.4204573349,1789.79935710111,80.2258150204559,0.492474560941758,109.815145206088,0.0629990006722612,0.0828586856664489,142.077070203489,15.7879646100986,0.269678880867441,5.2607593579806,0.0705474043330099
1687305600,30099.5153509643,1894.31125803624,85.1974888452245,0.501085069329401,136.161140300572,0.065786003987232,0.0868476082233343,145.591969003696,16.8218819296125,0.287550969581113,5.56612271698519,0.0724940653114414
1687392000,29952.5112866745,1874.36079076563,86.0451588777638,0.49532187555628,134.252122091249,0.0656889491908533,0.0867754808854772,150.166395491116,16.6633698926389,0.290327743230201,5.57163871038777,0.0718500853093031
1687478400,30638.3537644652,1891.57702922268,91.1869762046111,0.496086589983911,179.602695777129,0.0681308710297936,0.0893984303872768,154.199488567672,18.7827775675668,0.295940420225025,6.05866785872888,0.0732040194117229
1687564800,30549.0162872589,1876.10660052601,89.5454452214856,0.487062904032826,213.384737875792,0.0667146018060526,0.0904366067984516,156.420954514732,19.0895709839062,0.289644298056606,6.13799311214094,0.0722486307891833
1687651200,30467.4403705435,1899.80092402104,88.182599700738,0.489967560351233,195.765797580991,0.0667273405006069,0.0915844648010551,163.022619566253,18.3646016436345,0.292077842077088,6.14425553236919,0.0732050686769173
1687737600,30255.8861241964,1857.5683351841,87.1267002366422,0.478890608301109,223.092178570211,0.064673517347172,0.092001350132782,163.512351444229,18.5408534753448,0.280093488218597,6.06106672942584,0.073749788546633
1687824000,30667.0762948568,1888.94404208065,87.8774503587865,0.483764940748169,229.788824001712,0.0654695665029137,0.102111955553401,167.757040117042,18.6505824549643,0.286074031476625,6.18963803115122,0.0743554272066994
1687910400,30104.0432717709,1829.66858649912,83.1758619588317,0.465206800302405,225.720897779261,0.0626093148974795,0.100861235507245,164.728761727887,17.539308404839,0.267226936462864,5.83058839016212,0.0738068278541204
1687996800,30460.792978083,1853.17543687902,84.7990401158299,0.474584024086454,251.516221224839,0.0634413248246151,0.102389590805278,164.14193365799,18.0152711495502,0.275637557050452,5.90739361607286,0.0744814036174051
1688083200,30484.503257744,1934.61751548802,107.955395413412,0.47476976316474,305.651283700076,0.0664456233938167,0.110817612091561,168.237090575161,20.8457047981722,0.287142026421017,6.30906210834869,0.0761237878733579
1688169600,30581.6889655172,1923.13508825248,106.641649566133,0.473027958335023,290.21862130828,0.0684508242751881,0.107197692416624,167.099795717266,20.838257572777,0.291856329907621,6.49864233306016,0.0772323341174415
1688256000,30594.2164736996,1935.59753769725,113.228690165079,0.48458510664836,299.09184325926,0.0679968371988175,0.107098425255497,168.614688328714,20.3980139351904,0.291683517177131,6.52876340782602,0.0759451813377169
1688342400,31135.3575993571,1954.20382291058,106.67827191302,0.48903444894448,287.07500177686,0.0682775065897912,0.105339620609617,168.804309018719,19.9729629030901,0.295962584714303,6.61296065377268,0.0772644096019872
1688428800,30799.9474558738,1938.38063091759,105.147101472767,0.488450077480872,272.727846175833,0.0690686260516051,0.103709812543775,166.441473441684,19.5670784652683,0.293267623641541,6.54352293209693,0.0771057350757837
1688515200,30497.8221282876,1912.14585213325,102.625845880583,0.478136440369524,271.886405696222,0.0670581290958433,0.100509372508011,166.79390128161,19.3700370260937,0.28444175511582,6.30860345511138,0.0770596015373224
1688601600,29979.7298094681,1854.37547632963,95.7764987664514,0.464772825852174,279.440930271824,0.0651669304981845,0.0962312367942318,166.176306829163,18.8315246502422,0.280193188448756,6.10050933447764,0.0772474433547793
1688688000,30329.8829786674,1869.3275622443,98.1588962392377,0.468374079033765,278.250748589843,0.0654150212225652,0.0970348566421011,165.416657237046,19.1871321308251,0.284487580595477,6.15332921186672,0.0787833556295421
1688774400,30263.6196341321,1864.05657831677,97.8100880357818,0.470300002941066,270.045917315575,0.0657390573026913,0.099404813892905,167.332328042749,18.9689175603377,0.29033973878087,6.19580093970223,0.0799949194748367
1688860800,30163.2210563998,1862.63280011689,95.3155631614219,0.468099362730661,265.175258338399,0.0653854709857594,0.0989876126425396,165.877814899129,18.611721907276,0.284365754388684,6.14339490005451,0.0774390682332737
1688947200,30394.6555806546,1880.33877177089,96.673659631043,0.47729329418778,274.596889396297,0.0652110808901603,0.0997975431233088,163.504942244758,18.9295598280843,0.287824690478627,6.16952759244077,0.0775828442043655
1689033600,30616.247094097,1878.36697545295,96.7955817000678,0.476031886929911,274.131487794945,0.0652849184728962,0.0984706040619521,165.322065111395,18.8864237516406,0.292679731114436,6.20813199411506,0.0773322986129466
1689120000,30385.6087852133,1871.59052337814,96.2496250193095,0.471011097669927,282.160341003587,0.0648827496514397,0.0961949609795355,163.701476179341,18.7724648742736,0.288509094223832,6.24702915014824,0.0778591276420264
1689206400,31434.7354704851,2002.01825043834,101.622955685412,0.813427685418494,273.62430582396,0.0703740615680783,0.152838173484819,164.839601793398,20.1745419328562,0.355030237926547,7.03868320122402,0.0815026399091875
1689292800,30310.6720204559,1935.13725511397,94.9854187973472,0.720642247602645,263.387802570814,0.068418158362995,0.134879206259391,160.395969807188,19.0698096013511,0.328582573915131,6.93457371059261,0.0797828855131902
1689379200,30290.8905958504,1930.71778521333,94.6960843366685,0.712952882591895,252.563313381645,0.0719081044502173,0.128032549542342,164.670103274665,19.2342136773484,0.325886504161724,6.91548610588419,0.0808301435624615
1689465600,30249.7729658095,1924.54624693162,93.1370607283425,0.748068578729165,250.621600062085,0.0695417904380199,0.132017856907281,165.46503279972,18.849663942797,0.31482994960841,6.61566035762185,0.0798329305819652
1689552000,30143.7462744009,1912.2863798948,92.2944955080837,0.738984115558682,242.262172834333,0.069916057724454,0.128834425786067,168.218013630086,19.0829405542691,0.312459143259695,7.20646342095165,0.0799536127574146
1689638400,29835.7474076563,1897.39907071888,91.394826196951,0.776467027808427,244.556581280696,0.0685620952769408,0.131222447585009,166.7713360184,18.7375111871077,0.306692547191561,6.92239471380989,0.0797810797586007
1689724800,29913.0294646406,1889.51615166569,92.0242799382555,0.82079454304118,244.332556916317,0.070163830436617,0.155668240335589,165.770533731011,18.7789450087203,0.323188094402807,6.91303960271175,0.0802409044740809
1689811200,29805.6065707189,1891.97682437171,92.4349360783583,0.794448003235408,244.328279547931,0.0705042082959408,0.163758524199389,165.925991622371,18.6858198233699,0.316092043273259,8.3413360814249,0.0806960299362048
1689897600,29919.6934921099,1892.11009234366,94.0473663736355,0.772614438383371,246.197287083471,0.0733233100666511,0.157154994052175,162.154478915623,18.7436746937788,0.313136481655455,8.15170635617264,0.080507649774059
1689984000,29726.0096271186,1861.28420485096,91.8414611580026,0.732561822339282,239.105475005028,0.0702772176404544,0.155606794873055,161.927170550383,18.4460305622701,0.308548605443619,7.86246155008028,0.0838611572357595
1690070400,30066.5724482759,1887.97183430742,93.1639701090187,0.737795285721528,249.853839395248,0.071854053687176,0.156134822947918,163.561126171912,18.7043421302649,0.317054308485187,7.89388999748395,0.0833300516545366
1690156800,29178.3597042665,1849.92425336061,89.1443648413965,0.703439112148149,238.78398175116,0.0743476430147993,0.145829686775908,161.025811651399,18.1153657753149,0.305226767668552,7.59462994228473,0.0814838279549089
1690243200,29221.2548533022,1857.55349269433,89.4604505192305,0.710376183399976,237.392811072439,0.0815731309846517,0.14571630745467,162.707620540633,18.0744898167798,0.303857451028018,7.40442083412745,0.0818943379555584
1690329600,29361.5917580362,1871.16815838691,90.6205404759859,0.715725218710199,241.761165255384,0.0779640355508478,0.155204691050198,163.064035364419,18.3019209873529,0.306617776484032,7.75252501328859,0.0823764561703347
1690416000,29201.6865175336,1859.04174693162,90.3720845670664,0.713361295014563,244.236122760117,0.0775470330189543,0.159118859949442,162.270570043323,18.3287262064757,0.307404353723512,7.98403687064864,0.0825506657860781
1690502400,29316.3130751023,1875.01526972531,91.4877457558203,0.712601462768972,241.477311298833,0.077357067280256,0.160188995380984,163.134775738079,18.4767166937245,0.310222525198576,7.79595415202182,0.0851833688429756
1690588800,29360.376179135,1881.00276534191,94.4205598228476,0.712653377959184,242.022345093135,0.0802839323431479,0.158745867048312,163.442079845654,18.6086417659768,0.31283069502823,7.86011583757873,0.0833278768833099
1690675200,29262.8367337814,1861.50678521333,94.0917169846925,0.704660741535569,252.943022793528,0.0780302301660335,0.156463764856895,160.129448801441,18.8756450933279,0.314264963177446,7.54986344621215,0.0799939489257359
1690761600,29219.8201887785,1856.18514465225,92.1901692235338,0.698876418532658,248.147067704508,0.0778182159286374,0.15054663962058,161.542598150852,18.4952002068996,0.307358326984925,7.54660359966648,0.0779952912892365
1690848000,29499.5875385739,1866.98985067212,93.6889428230656,0.705889081432071,244.129054580677,0.0778262767361584,0.152499869498865,160.23608815748,18.4676592679675,0.309168898428802,7.60675313348885,0.0784723932444834
1690934400,29143.1519620105,1838.2950862069,87.3736709925193,0.684940508881636,229.014535539366,0.0741420279027652,0.143977919585784,159.665853086626,18.0644690205452,0.299008860500627,7.3452124778719,0.076385203723589
1691020800,29192.3448617767,1835.91625482174,82.8240810209608,0.664722617667969,225.428067526733,0.073688578211679,0.139258579417029,160.62560154292,17.9598718608656,0.292540282032105,7.1304168152228,0.0771746946590324
1691107200,29057.2532437171,1826.2735829924,82.0228602700407,0.635707006597548,226.071931772982,0.0733962093775553,0.136682477187015,158.426605936868,17.9023093034322,0.29336229917075,7.12707682751828,0.0766599625585529
1691193600,29053.0956975453,1835.38041437756,83.0973093015684,0.628169250909165,226.619910008529,0.0756354875015111,0.138895969141308,159.599314263032,17.9219387563936,0.293443026820639,7.2213946899883,0.0774186366656267
1691280000,29048.0433275862,1826.94227440093,82.3800861268242,0.622357416885643,222.448799010313,0.0741910118005802,0.138987416421927,159.665163271535,17.8105440219434,0.29177231994061,7.09823329857715,0.0768322267378082
1691366400,29164.3585873758,1825.86593308007,82.2986094323296,0.6206139667574,237.795114704711,0.0733296880141292,0.142522988694738,158.239889696747,17.6658205417359,0.289975408830509,7.29281378421796,0.0767420748157996
1691452800,29779.511383986,1856.70175043834,83.9688658999997,0.641664342392346,239.594057691886,0.0749779144150722,0.143108223206397,158.943695739216,17.948560739226,0.29755980208597,7.44550367207284,0.0767909400023523
1691539200,29582.9442375804,1855.32526271186,84.0359719035007,0.643769341187274,238.112542334077,0.0753178667648492,0.141580810095076,157.338250178462,17.8513178780111,0.301411370026649,7.70313823634956,0.0766780947681967
1691625600,29430.1599117475,1850.89056019871,83.0199910279859,0.633026506759112,231.792994738514,0.0757364778304952,0.13872603898559,156.012744390913,17.7051636009559,0.296003030413866,7.60743138328255,0.0772523895530025
1691712000,29399.784739626,1846.58541788428,83.4714571127495,0.631690530501901,228.884734245905,0.0756659436036554,0.139456451949265,156.844100407937,17.6182422608708,0.293199292308014,7.48673517144438,0.0771424742336575
1691798400,29415.733902104,1848.60640794857,83.3992510070499,0.626942210101817,228.488324983989,0.0767178009988088,0.137789975541325,157.716596532723,17.7228924833324,0.291765062727342,7.440629016143,0.0774500619026121
1691884800,29286.1176110462,1838.95695002922,81.9042987396064,0.625810358923787,228.207761022031,0.0747216779553908,0.137908748279706,158.331128807896,17.5150217018216,0.289196375717336,7.36540338596918,0.0770492470562751
1691971200,29408.9717127411,1843.84205055523,82.0436050453031,0.634506966961712,230.23306769733,0.0747607243063192,0.136013993277395,158.267807120378,17.4963717161248,0.29055249129897,7.41878780610504,0.0774565891086551
1692057600,29167.59721654,1827.12240327294,79.249827572248,0.608920402587029,228.655267684169,0.0707961273705414,0.130153358608586,155.294755131786,16.6939575652152,0.281565865417699,7.03643558407713,0.0762523267838035
1692144000,28754.2924079486,1806.94174839275,74.389132263817,0.587989771096155,207.557312820897,0.067128638767468,0.126585460140269,153.954075987864,16.2069859298391,0.274211201834066,6.74986480524017,0.0745532643530279
1692230400,26660.5627264757,1688.89880537697,65.0414014542252,0.507550142357038,184.70602561826,0.0613200564020739,0.113904352660544,142.076467914424,14.9977855248848,0.257464110436339,6.22646118663887,0.0727896879176412
1692316800,26037.3658474576,1660.65438603156,64.0342259495807,0.505476952650467,187.121058284024,0.0631778370948649,0.116714606188107,143.370983368094,15.4104576007572,0.263744326038862,6.16422485151574,0.0729969243207793
1692403200,26093.981808007,1668.86229748685,64.0598785745628,0.519775983080133,186.989876058206,0.0637439739243973,0.123540236146416,144.166172481066,15.5476799082791,0.26838107403044,6.17128865163021,0.0741011575317939
1692489600,26176.4721642315,1683.56179661017,65.1811408775346,0.539921575088831,188.909889892708,0.0637810059619111,0.129782848084865,147.402754021998,15.5592846738657,0.270692837223267,6.21166975446399,0.0758365973395636
1692576000,26128.9050160725,1667.28708883694,66.967152111202,0.524551518609211,186.060486863368,0.0625301622963934,0.125051733108394,149.417819418191,15.7976065916972,0.263230876695689,6.18021045814105,0.0751615386261938
1692662400,25978.2096914085,1631.88740853302,64.6895162840507,0.520348809994207,184.586815431289,0.0625366733188852,0.12071998366697,145.246327331837,15.5001924759798,0.257964652085333,6.10282111959775,0.0754135043063197
1692748800,26452.1935882525,1678.89443424898,65.5713749201794,0.529679721312971,193.600545257151,0.0637436742287497,0.127589781815915,143.009602869642,16.1729008579905,0.267792004071234,6.34120960574955,0.0775785881789154
1692835200,26126.7943331385,1656.64010169491,64.7639525746577,0.517772676975789,194.132496135824,0.0629957162228613,0.123645695294813,138.481488321719,16.0072828422636,0.265453491281597,6.06783291884782,0.0764862624940739
1692921600,26040.881255114,1652.96844623027,65.0849681714408,0.525778183506056,191.976734775615,0.0630406458223519,0.123758887055279,139.908815130628,15.9810641623492,0.260973692926067,6.00901497074431,0.0771673448055772
1693008000,26006.1740800701,1645.92842226768,64.9835159922169,0.523281592285546,190.113738323406,0.0628368185584552,0.120977633497608,142.944535431101,15.8573334253956,0.26087441655418,6.00017238752033,0.0774148172477098
1693094400,26086.3612594974,1656.75394593805,65.2922018473134,0.523313662651038,198.127632315774,0.063131485546882,0.120770796323364,145.315252488201,16.0009484763696,0.263211769726073,6.02174482921177,0.0774978310752413
1693180800,26103.2765730567,1652.81391934541,65.5611391129617,0.523402047778904,190.193196511211,0.0634531435341977,0.119848142392494,145.520079362419,15.9101657880352,0.267468743281408,5.97921512565234,0.0763563207062577
1693267200,27672.2221306254,1726.95467679719,68.807815695344,0.539798285001472,223.781104082291,0.0663206743082081,0.124140160928362,146.84509881432,16.8597734941227,0.272026578817735,6.18337121935547,0.0772623513730768
1693353600,27298.997779661,1705.04314114553,67.6335463427509,0.528037011095651,215.860472505873,0.0658419715031221,0.120436876013048,141.975277846542,16.0212522518472,0.265806108311948,5.93366857732985,0.0755857971390996
1693440000,25954.8665935126,1645.67690531853,63.916242695463,0.510655841437611,207.529175600998,0.06378656252524,0.11504333145332,142.998688450278,15.4909938083938,0.255087187526006,5.87364180739178,0.0767625813280849
1693526400,25802.7885298071,1628.75344476914,62.97075097746,0.497571068081951,199.383983745375,0.0637837781425279,0.113887496370001,140.825386021765,15.4023003125636,0.255214163121116,5.92434092433942,0.0760198219304536
1693612800,25868.2960976037,1636.88336528346,64.5403430533925,0.498780580658001,195.305205597739,0.0634678324960289,0.113496220553378,140.126243522792,15.4578002782519,0.256240045667701,5.96822482555855,0.0770319548289361
1693699200,25962.5475689655,1635.56472647575,63.873943613741,0.504773154166039,196.394072210977,0.0631438432100476,0.11921815832524,141.007759735417,15.3758130468526,0.255585430396429,6.02953439724224,0.0770058965177973
1693785600,25799.5256870251,1627.41772355348,63.6212269439327,0.507977096198218,193.27413289208,0.0631192701919985,0.124052118794366,141.253443477199,15.3406249932887,0.255998364954285,6.00687615552644,0.0774301924252929
1693872000,25782.3622200468,1632.72254324956,63.0946135375646,0.505521029048345,192.042694601146,0.0639856604163593,0.122094410407923,137.703968572475,15.3778697708972,0.257504382846782,6.13481104372033,0.0774252017345598
1693958400,25754.7902676797,1632.395921391,62.7868246860443,0.50310649033592,193.050723541573,0.0635778871750616,0.123409033065916,142.317329464386,15.486266104297,0.257692965916513,6.28654632499614,0.0788182644071666
1694044800,26210.6045637054,1646.08132933957,63.6064968521343,0.504575401719282,193.185061120042,0.0635560610714503,0.125178572828385,143.384668713852,15.568040848017,0.257429612986078,6.38178600833565,0.0790425606802495
1694131200,25904.6982127411,1636.38499357101,62.5644059165259,0.504891654486525,193.188028058994,0.0636483358616104,0.126769949687297,143.888507518364,15.4064020264925,0.254333700748629,6.27224429052769,0.0791250421352939
1694217600,25894.6205976037,1634.67623524255,63.0836734930691,0.503667805169096,193.08174402727,0.0633846612305074,0.131625200109652,143.43617203108,15.3987393494096,0.253339132772421,6.16282803463314,0.0791633351356933
1694304000,25831.4647802455,1617.41718790181,61.1084018650662,0.497784075093378,190.516890535497,0.061326595766231,0.133607245579876,143.130047772079,15.0962533792774,0.249046157317943,6.01660623025986,0.0782684453111579
1694390400,25135.0393781414,1549.35964874342,58.7238884170222,0.473827833142206,183.769298195084,0.060385215556333,0.128156221339648,140.05680125031,14.6813213565858,0.24145232303406,5.81599674849233,0.0774834809917096
1694476800,25859.7018068381,1594.0094345412,59.9943824975401,0.480629092042444,198.907785489218,0.0609233337610778,0.12129325807514,140.765662442589,14.9823299355558,0.24576266082155,5.96266631284477,0.0807496645293699
1694563200,26226.8667524839,1607.7192194623,61.9794985207284,0.483865968448855,199.763237034103,0.0612540719564292,0.120714200205897,143.015763407571,15.1546522749302,0.248772903747822,6.01934362225775,0.0811525937342948
1694649600,26556.056943308,1627.52328755114,62.8236508741165,0.489577819346286,208.040240071379,0.0621036224458431,0.120206855795596,146.22248852683,15.2666159334153,0.251288750592109,6.15846030600919,0.0838049727604371
1694736000,26672.6160818235,1643.92288106371,65.9894273664893,0.501049820896151,217.398408976715,0.0625951566218024,0.120395258786743,147.374674651545,15.7124276578568,0.250848812718796,6.36129250868721,0.0840785631210405
1694822400,26555.6361031561,1634.72032933957,65.2504589429089,0.499416677406271,214.907069675512,0.0621060304900646,0.11914733763544,144.467061124324,15.6509701725476,0.250117355779111,6.27896099024505,0.0835470848109437
1694908800,26502.4321189363,1620.58054354179,63.5132599526184,0.492271894836937,209.46818923811,0.0614368672876889,0.116121629451512,145.6593255803,15.3861581815293,0.246800592760453,6.13468317877693,0.083293082979172
1694995200,26764.6319064874,1637.64761016949,65.8327909982276,0.50309087531626,217.43975006808,0.0619815198876204,0.118000747133626,145.699199968135,15.686325561379,0.251579637483502,6.5623335185586,0.0841202604084483
1695081600,27215.0504848042,1643.48128784337,67.3355267670274,0.51367468140789,219.078508454399,0.0626925722933291,0.118425276928161,147.679332151643,15.7566621422345,0.255189330648275,6.87785183896301,0.0845706923055001
1695168000,27133.4037235535,1622.66867942724,64.5378690854316,0.521063597302228,215.45669692809,0.0626108400437133,0.11690553021626,148.098620865348,15.5776203978682,0.251425372608313,6.90962149653659,0.0844610250664887
1695254400,26571.5952919345,1584.68828667446,64.7019575245644,0.507034955415689,208.558242997531,0.0613401604248012,0.113782974533451,145.290806246541,15.2183633866861,0.245462155231467,6.68076057889925,0.0830498797019684
1695340800,26581.1476116306,1593.62554763296,64.3042944789575,0.512408554975884,207.92327272452,0.0615228471279947,0.114357941185163,144.967839727434,15.1974815988544,0.244915552509185,6.94004607101069,0.0833734043189582
1695427200,26575.776386616,1592.93375365284,65.0369438282494,0.507371099361248,207.980524159804,0.0614785542695976,0.11410174707778,141.732357124856,15.2595304743369,0.246027012499006,7.19048831525328,0.0836085251105756
1695513600,26286.6410488019,1581.2407817066,63.6297799766076,0.502440049624897,204.872108043533,0.060749698951702,0.11236617722908,143.768722310724,15.0880549652755,0.242917252406843,6.98376991380028,0.0836218817808188
1695600000,26288.8095005845,1587.55197077732,64.2989288057938,0.505149608256683,210.305884867694,0.0608894951654451,0.112910658092083,144.390852706285,15.2178761521876,0.245543031160017,7.463463228917,0.0844832757616687
1695686400,26194.5378880772,1592.03694038574,63.6888529418402,0.501478559323701,214.032290156834,0.0605083468280177,0.111717423867868,144.760723971546,15.0823058513971,0.245304568814882,7.34978788787807,0.0845918377157129
1695772800,26336.0825973115,1596.47206604325,63.4629216821263,0.499219984533449,228.90781347693,0.0604466627289895,0.112211368436981,146.455784482971,15.3285859693224,0.24477925609014,7.64111402104016,0.0853892640642644
1695859200,27033.4254415546,1652.89402893045,65.2849134383369,0.509372275871914,239.356596434229,0.0614738241153542,0.114195762334242,146.074949930057,15.8056977046836,0.248992108344343,7.82428189133885,0.0867210579590488
1695945600,26911.2514739918,1667.55800642899,65.6174295913167,0.520562502167803,235.243463617261,0.0622129403381823,0.112903451950801,146.679127919835,15.8752664784985,0.249303287822254,7.95533850554772,0.0890911341275515
1696032000,26977.6933126826,1671.13527235535,66.0698296729229,0.515398893001986,234.618366264704,0.0621288637481772,0.112344474680879,146.895767353684,16.3768486652,0.253941724053758,8.17920376554093,0.0886498615220827
1696118400,27950.1453594389,1731.54860958504,68.2412554842434,0.524164211910005,242.150668208661,0.0632013252061268,0.11431624220159,149.030685334753,16.6823836276859,0.266111687725365,8.06110409614762,0.0901927572941005
1696204800,27565.8892954413,1663.19262887201,65.9694610900489,0.512381640381573,246.50653646475,0.0620428245198256,0.111614619007498,146.143799206209,16.1827757529493,0.25925422631617,7.45330044569168,0.0875215694833625
1696291200,27439.1422393337,1656.90272647575,65.5254378738481,0.538397573283517,229.643507583721,0.061383218127746,0.114778128599107,147.120965215636,15.6928167617965,0.261106948619012,7.42486974060607,0.0907387307224764
1696377600,27797.251176505,1648.97039859731,64.4805192558333,0.532828038830292,233.479745434534,0.0615157209744286,0.112609627155116,150.572670014825,15.6685674230749,0.259513491191055,7.69690942129793,0.0890111355342084
1696464000,27426.3450926359,1613.01122939801,64.9274722456336,0.523552501332141,231.649228249499,0.0609394054456025,0.110767861463545,149.822636845774,15.4646296359965,0.260221368600533,7.48603364632585,0.0882845851147557
1696550400,27941.9633760959,1645.72665341905,65.5254504952561,0.526045662619573,230.973952264125,0.0613970406950108,0.11185082670733,152.197483867194,15.7303104884634,0.264669314843709,7.64945557588838,0.087179633980169
1696636800,27972.7515704266,1635.14589070719,65.499511236034,0.521902635739168,230.214372158403,0.0614561815472115,0.111122901637681,155.317894660553,15.6562556735218,0.258702206681362,7.53561772735636,0.0881453525509731
1696723200,27936.3261157218,1632.99003798948,65.3161923031321,0.517727291080322,228.028748889513,0.0609725506140169,0.110737183734713,156.129772895133,15.5046447724131,0.256463017367825,7.68553686499075,0.0880044827769201
1696809600,27591.3467618352,1579.55456808884,63.0785275303028,0.502827537661618,218.296233040294,0.0587108476680677,0.106004321975293,154.390927720466,15.0337339281723,0.251586005579294,7.2795919388366,0.086175382091273
1696896000,27419.7971803039,1568.32793717125,63.6848525100751,0.497597212159774,212.909561082149,0.0590575981614035,0.104347201814041,152.287341950798,14.9651994841685,0.249231205766537,7.27344407411719,0.0862856901020939
1696982400,26828.1725710111,1565.31241496201,61.4616672847266,0.488388200622182,213.799634886695,0.0584125990225913,0.103188980140366,153.739253224945,14.9225184523836,0.247686215208462,7.39203445418503,0.0860270618592603
1697068800,26741.3405990649,1538.10105201636,61.0856975846209,0.483070205608778,213.962423972137,0.0578591589032711,0.102300255925935,152.420434158566,14.7682683978789,0.245725745862343,7.19358108216791,0.0848815987904628
1697155200,26842.4467703098,1550.26081034483,61.5007582295321,0.485578301147408,216.975829043362,0.0583456219988353,0.102897921962209,153.628910464537,14.8393908612514,0.245876197771626,7.2528599627113,0.0854543533633587
1697241600,26861.9892375804,1555.66229076563,61.6486906272991,0.486607129846035,214.532986797272,0.0598707050584878,0.10430675609033,152.793357055894,15.0071421378299,0.247020660789504,7.32411001946684,0.0850415710534989
1697328000,27130.3067092344,1556.29597632963,61.5861432463583,0.48767646807531,215.110191163114,0.0593204504999415,0.106205163870287,152.517093093899,14.9405254286527,0.247038893509977,7.42034588299855,0.0867292732425954
1697414400,28506.7936741671,1600.99388457043,63.3293601562637,0.498112371542085,231.529518002077,0.0600882445012405,0.107581054432335,152.555484707795,15.2629155878488,0.251596904488286,7.54350538501147,0.0889312256499308
1697500800,28433.2051522501,1565.29439362946,62.1530387858754,0.491569129428875,226.928677177833,0.0591005639482481,0.103047296516987,150.718049558356,14.9603345812004,0.24665919405909,7.33672393834256,0.0885442570250766
1697587200,28328.0750195792,1563.40930859147,60.1760033543678,0.488045685954561,227.162012629342,0.0586465724369851,0.103340485172782,149.848313617829,14.8296763210055,0.243160564142029,7.36185768052032,0.0892380953784607
1697673600,28690.358041204,1566.42841876096,61.7373667970193,0.519353188763061,227.282223785179,0.0588338663867929,0.107289375916361,152.271447699742,14.7938403986616,0.246611024360653,7.30403230853213,0.0899720291605408
1697760000,29704.9853673291,1605.57386294565,63.414907832484,0.516776725291505,240.853137562129,0.0599908634800841,0.107660286139802,154.960792535899,15.3159899185641,0.251408649031085,7.58451176872748,0.0907539084316374
1697846400,29922.5464044418,1628.75319929866,64.735191853873,0.520865079728267,243.432310039186,0.0611694159136549,0.110678438650713,157.812656090669,15.7239124061832,0.258441611451072,8.90487672991943,0.0915665475859144
1697932800,29984.1593196961,1663.03004091175,65.1472323889301,0.522671474155575,243.30627324397,0.0616204475093752,0.110781344625301,158.917368617019,15.8265803870806,0.263857075880267,10.1064499029489,0.0904037981557363
1698019200,32954.1690482174,1763.06074313267,68.9282135735072,0.546034042468979,260.320199051459,0.0669578626228001,0.115664261487282,160.502957763985,16.5977786980642,0.27908129458642,10.5219429646958,0.0921882943649492
1698105600,33880.9566537113,1784.6231823495,69.0150914202671,0.558617227271411,251.63664569494,0.0665480641954868,0.114429881042328,158.08035527089,16.4605375499452,0.279103408859458,10.3947748969678,0.0923107766615271
1698192000,34488.6589210988,1786.28815692577,68.6652557607869,0.554621048284544,254.020158083239,0.0684132058041726,0.114151778678336,160.190263772891,16.3808851626014,0.280418817461172,10.9981355571827,0.0934729464984862
1698278400,34181.4922521917,1804.61282933957,68.8807566729822,0.553544369930069,247.49467237722,0.0718243216108978,0.113101791869488,159.646017143144,16.5878575584238,0.287547439738296,10.9705879926837,0.0928477784158271
1698364800,33896.938528346,1780.84673845704,67.0015808856752,0.545647833943867,239.304270393539,0.0678093391075481,0.112029191696997,160.987909484632,16.0766376312432,0.28918032930487,11.1805413716373,0.0935950371306432
1698451200,34091.5890327294,1776.20995675044,67.734674653607,0.544983456752166,244.907682170471,0.068971975606453,0.113914994884208,162.152212253723,16.2297826746308,0.290944323879742,10.9134801701184,0.0943281475674508
1698537600,34574.3377206312,1797.71945149036,68.8441248198955,0.55659746889931,246.597487921151,0.0694348295326777,0.116028988231363,173.398628183746,16.650738808872,0.295683946085726,11.1245792312989,0.0949306794076609
1698624000,34495.1050207481,1809.38564757452,69.2385405017665,0.57827175121328,246.006692972987,0.0696264601627152,0.119046741264117,172.650702143338,16.7859913831969,0.302729541236674,11.2196670436033,0.095606646283471
1698710400,34636.4264736996,1813.54269783752,68.8342165795714,0.599270392374807,244.629207581684,0.0681014484931328,0.121148461083391,172.160047351023,17.4185078332939,0.292520275966666,11.3292281016982,0.0971301150080614
1698796800,35431.9794532437,1846.08104295733,69.8700358490525,0.609206011700807,244.88209125061,0.0687338484523936,0.122382459465401,171.093850532301,17.7847365616656,0.307160405571637,11.6092634357197,0.100257659171607
1698883200,34882.9173366452,1799.2211244886,69.345185208411,0.605837261338978,235.269178098114,0.0678620797441727,0.119767789503646,170.968932729296,17.2984503053479,0.32347155313602,10.9839234568206,0.0992053465981267
1698969600,34708.2218804792,1832.61355727645,69.4555193283265,0.612359431924305,237.539596257219,0.0681059496863745,0.122441883420943,170.645204194767,17.2576902243887,0.328153066258276,11.5014892710843,0.0972494171547377
1699056000,35091.0763062537,1859.52932407949,70.4135081402318,0.616516241248303,240.113185029567,0.0691322450827941,0.123775692347434,168.613475567883,17.533872573772,0.328787084488846,11.5136188438527,0.0977828847073417
1699142400,35105.0420265926,1896.54958766803,71.6648639516497,0.657945543753543,238.612364959073,0.07123358400507,0.125699170328748,169.735982740893,18.0439334964016,0.343544872224932,12.2226641680594,0.0982141219579352
1699228800,35017.7151484512,1898.86499298656,74.5185081715402,0.715140089610656,243.048729733121,0.0760632004540107,0.130948259958491,165.43275115057,18.4909391155515,0.363347514131122,13.0296464003471,0.0976988224620642
1699315200,35418.4768901227,1886.19089158387,73.5132267706824,0.685663822195298,243.769350371694,0.0734382378010183,0.12656526410757,165.961878397274,18.1308650979495,0.351021630129749,13.0426689866303,0.0966302221021562
1699401600,35797.8946090006,1892.6552150789,73.2230784683441,0.68815266027622,246.242777752165,0.0756187445451121,0.128061304683436,167.414329335329,18.4007298534032,0.358801628892719,14.9135445399091,0.0984532015797782
1699488000,36675.3264333723,2115.80718468732,73.2972844985717,0.666011758117584,239.541737160966,0.0731149815195355,0.122551022605353,170.076809797029,20.4449466728009,0.366911920644886,14.6138142558443,0.0988611158275187
1699574400,37367.4943722969,2080.74105844535,73.3042072774329,0.660571115703437,239.989976695158,0.075330118072239,0.123834749691817,171.579392458516,20.7940971016035,0.385503889911269,15.512794655899,0.106273105301242
1699660800,36979.9312405026,2046.32508503799,75.0010015943513,0.661690360765541,235.874807839507,0.0780799959080508,0.124692984756985,169.022907991694,19.9925303340666,0.38368615125519,16.3648243570379,0.10793038340392
1699747200,37053.3410514319,2044.94616014027,74.8254051561943,0.661076047282942,236.40255117595,0.0778967443102054,0.124208096876989,171.251591228765,20.0411985641785,0.382859100387827,15.9784447793116,0.108436214225861
1699833600,36543.2680870836,2062.53573699591,71.5508958292674,0.669271837459007,234.536852173745,0.0748058916791953,0.122371696640008,163.052761386542,20.1287340958766,0.358447554035008,14.4207166679787,0.107107185179065
1699920000,35590.6835645821,1982.44437434249,70.6592306177075,0.630672702845281,231.729913840229,0.0725621899369349,0.118034756767827,163.486405565769,19.1203002625386,0.358432333850334,13.9921837493948,0.102206903907274
1700006400,37840.5534894798,2056.27591466978,74.1951082884578,0.648840714076928,237.834692623704,0.0762028472824044,0.1215527656056,160.454601951581,19.8313128273948,0.378672310372735,15.0753184276844,0.103885844706337
1700092800,36160.4044509059,1959.63886236119,70.9689083837728,0.610842771620457,233.870969393916,0.0782782766364423,0.11818081283865,160.660646184837,19.2495607297718,0.368594426830583,13.8448887710423,0.102308153976398
1700179200,36569.7120534775,1958.85209994155,70.186702970959,0.613490242360515,229.115873928535,0.0859760687605085,0.118023582698508,162.66620645808,19.3581682390711,0.366467607224637,13.6883541342479,0.103698063092001
1700265600,36577.4249617183,1962.39401081239,69.854290389958,0.610762319719788,227.43270186577,0.0802579273245219,0.119257487751865,160.718722136611,19.218620611146,0.377179729615402,13.7409370929004,0.102972308737539
1700352000,37442.7285119813,2009.78161805961,70.6068994402843,0.627552168172925,230.452352159376,0.0804061334965621,0.121148641710923,164.116433094864,19.5995597588635,0.384346917741982,14.9336779981639,0.103488778288899
1700438400,37516.0503708358,2024.27034190532,69.5246210154812,0.613144149199962,226.586255920697,0.0778376774467054,0.119780172265768,163.405210893739,19.4809942976857,0.38011565337931,14.4550173668661,0.101068986924161
1700524800,36035.0330862069,1945.5181244886,66.5282379462737,0.581744684558344,217.027914071352,0.0722317819479837,0.114162830477292,159.524174428945,18.1984945588158,0.359823372060663,13.565637992834,0.0962780665564923
1700611200,37403.0347168323,2064.39985739334,68.6088781226295,0.611870453573845,223.94761498059,0.0757000255562637,0.118078945686474,163.477174989482,19.0103546558386,0.380009080632282,14.2408554643479,0.101199369172881
1700697600,37311.7192156634,2063.22440122735,69.5354078764475,0.620616131570472,225.365873359992,0.0761968676312022,0.117272872123344,166.424530728539,18.9296364482552,0.384131987022251,14.3981436377869,0.102086680432604
1700784000,37718.7841630625,2079.30062361192,70.7380297036601,0.621478693143289,226.562902530601,0.078229173287976,0.117921691364794,170.34844480164,19.1881008351471,0.385926267252124,14.4459569372801,0.104688853359489
1700870400,37800.1260932203,2084.53667621274,71.8171895599877,0.622442427277283,227.431246294851,0.0789063592988628,0.120878747130787,171.96610314633,19.4394084576173,0.394301818258999,14.7335539779352,0.10828108978185
1700956800,37482.7055260082,2065.37363062537,70.0884571807967,0.616939848738998,226.749291879343,0.078446958465585,0.120023492130123,169.671420655196,19.1239881395349,0.388032726393261,14.7856936762505,0.107882564411248
1701043200,37229.2452197545,2027.24106779661,69.2199897396709,0.603460784591969,223.278083156801,0.0785817734926549,0.116320397518115,165.736534356548,18.5595629939532,0.377425137737286,14.2040664312422,0.102110025017588
1701129600,37828.4655911748,2049.73816247808,69.6843727423312,0.611217799072755,223.438763798116,0.080722240578799,0.118434631227863,167.593386124895,18.8377159939209,0.385229101321196,14.5216826828001,0.102990258727794
1701216000,37846.8531227352,2028.84542109877,70.0019729965876,0.609351032548758,223.268309149082,0.0805534656022435,0.118533348025356,165.993095354373,18.7429533933001,0.381728376645917,14.5148744282072,0.103516648259267
1701302400,37712.7114789597,2051.0453308007,69.418189617106,0.606015955951999,221.477324371351,0.0833488985842817,0.118249336406655,169.797955198953,18.6392955381632,0.375593023900436,14.3885646835432,0.103506391329565
1701388800,38703.5536820573,2086.10865020456,71.5223840533682,0.612988075057107,225.214452785745,0.083902856560493,0.119730458278198,171.618136962567,18.876262651032,0.383571695920855,14.9683677762361,0.103198574294101
1701475200,39462.2799272355,2164.74958825248,72.2687405197892,0.61991117774449,227.968167650555,0.0862857791817088,0.12140729909453,172.752226740093,19.5636757716006,0.397026947796088,15.9936586599905,0.103254146645567
1701561600,39978.2226104617,2193.55490765634,72.2198951290783,0.623937810600007,229.975905726918,0.0856763218828016,0.122008021745799,172.270186970123,19.7965055504407,0.395104730465885,15.7660340531689,0.103198619681289
1701648000,41910.2994815897,2238.0204748685,72.674350713392,0.623547345107847,250.862752418685,0.0914615819696732,0.12209797829023,170.135602988366,19.8707980112077,0.406186866443199,15.7230047437463,0.103689482501314
1701734400,44067.0054763296,2291.50846785506,74.0167417933559,0.621703936501556,251.360766913513,0.0941036291026183,0.122395371403068,171.503372217012,20.254173284894,0.424926119994735,15.7166499588472,0.103629670970952
1701820800,43745.8343907072,2231.62348100526,72.4735408535115,0.639028164052433,244.695560599986,0.0949104705335311,0.125158227029877,170.816027663472,20.2750954134024,0.443491426863189,15.2965831498483,0.104786200643751
1701907200,43282.6182261835,2354.39729836353,74.0231206769273,0.642941707862699,246.76225282995,0.0955822419620455,0.126003833139083,172.846726252802,21.9494077086506,0.455803787751894,15.68169184684,0.104153488099262
1701993600,44205.0522089421,2359.29733576856,78.1238225938547,0.672087139586504,253.446443962506,0.10136304779382,0.132256716733664,174.341409510623,22.2589946145558,0.548012852264576,16.9112130604607,0.106700443992232
1702080000,43740.0063927528,2341.9603766803,76.5205891230323,0.661305003623511,252.63880505838,0.0986225422220194,0.133762523781981,175.153657375939,22.1185265466862,0.578510899533243,16.2389640084429,0.106747897407485
1702166400,43732.7120900059,2351.04702162478,77.1042579573017,0.66116438615851,250.74400091134,0.101754804899383,0.133007018781609,175.615319463445,21.9469910776303,0.593992954874898,16.3226404427342,0.107736376308321
1702252800,41209.8947904734,2221.86452425482,72.5646347121652,0.619362676274816,230.204438115605,0.0941823286162476,0.12336962547909,171.860885905087,20.1353008526039,0.551052560827586,14.765813478475,0.103715832098699
1702339200,41467.2735698422,2201.24024839275,72.4827468028606,0.619384426842703,232.099169936438,0.093794600407143,0.123018961826177,170.680513992921,20.3085674572285,0.574525534615211,14.5134122954537,0.103618054342948
1702425600,42939.0607583285,2260.86859175921,73.2022080324305,0.628952410054311,235.62289817848,0.0965323296193692,0.124927004256533,169.281663829764,20.7528154884325,0.664265396802575,14.776086743748,0.104247837676723
1702512000,43033.1371560491,2319.55548042081,73.0173009589265,0.632322236355546,237.327464780591,0.0982138638546429,0.127595589346505,168.122389140976,20.8945272675952,0.64373273566234,15.4129150433048,0.106023468948231
1702598400,41978.0970195792,2221.4636277031,70.9311782057155,0.615593789717664,226.746001377727,0.0929796481821838,0.122964787479935,168.34555240757,19.9196468471116,0.602799154105239,14.3271092315407,0.101581274558438
1702684800,42203.2140450029,2224.69860870836,72.0576391202464,0.619190914216685,229.467577266975,0.0966111034549515,0.124617955130868,168.808642132268,20.7173373464084,0.606165122648878,14.3078053601247,0.102710529718567
1702771200,41428.6657855056,2200.06795558153,71.1462362583019,0.609985019370371,225.781262977811,0.0928471941235655,0.122250344836748,167.781673695466,19.9675857188658,0.579582794785541,13.9964994142338,0.102058053154053
1702857600,42635.7331911163,2215.89467299825,70.7766922624205,0.612269540955251,227.852581532269,0.0920071780569024,0.121113304868013,173.639779056465,19.8946541146167,0.599930258743569,14.6393214974403,0.100904685235708
1702944000,42271.863025716,2176.07665926359,70.515410879654,0.604439430916017,224.960635349114,0.09013970222746,0.119323476172755,170.600091112977,19.6309106039789,0.575289566427578,14.0761207368168,0.100489968656783
1703030400,43605.1555549386,2195.89209263589,69.7302425979445,0.616479480924533,229.334170223607,0.0913130410455303,0.121698090366616,174.536712534125,20.1606068026915,0.588537757354921,14.1982648731376,0.102628456754829
1703116800,43870.2382340736,2237.71803623612,70.8656344739332,0.623482973102122,233.098358031731,0.0950047518518689,0.124417321257084,173.236633093036,20.6488086206389,0.635133772411431,15.2560517421926,0.10460990707084
1703203200,44009.5016551724,2326.30142402104,73.7023027424058,0.625079328651602,238.624812156653,0.0951485673613216,0.126628984750687,176.569169373428,21.8911399200696,0.623394123328516,15.4812570978554,0.105084549272014
1703289600,43768.8067518995,2311.02396814728,72.4647277738921,0.619819226048895,233.196580301174,0.0936232348498711,0.126700574366947,178.461283952314,21.4766625246828,0.614873123269496,15.7275089560631,0.106783362851182
1703376000,43097.8093258329,2268.21977440094,71.1869727927371,0.613699305356446,229.047867363953,0.0918598511853541,0.1260008615171,171.665904778794,20.9001982746258,0.593858949514189,15.3203215145007,0.106374764936386
1703462400,43623.7504029807,2274.25886966686,72.3220105080979,0.646145630406531,234.984389957288,0.0945048726083284,0.130972838758728,174.365479760745,21.4814800286518,0.625963270424179,15.6255564665345,0.105953976432494
1703548800,42491.1229079486,2229.44579982466,73.0492107175187,0.621311451372336,229.030150792972,0.0913157752757513,0.125874105937527,173.891404633109,20.8005992594151,0.607901928499138,15.0704218271975,0.103031064090626
1703635200,43436.9594269433,2378.56683167738,75.6829942555837,0.634749602332927,262.607918248727,0.0935647875727521,0.13093195026768,175.192697191134,22.6349721895709,0.633964850478466,16.635844704571,0.105353271917597
1703721600,42670.6797180012,2351.43687638808,76.8880605152435,0.635191589340286,261.864708334295,0.0919896696224004,0.13254831707855,174.81462671409,22.5313091605524,0.619620488202935,16.0848266777492,0.105628696648063
1703808000,41998.6033442431,2295.94371127995,73.2167266832967,0.622025838684371,253.886019567151,0.0908476474142055,0.129289492658978,166.750342048758,22.3441573695246,0.606768734386873,15.5024177963524,0.105528248924595
1703894400,42204.4917744009,2293.75403945061,73.3104492897378,0.621672035949839,271.34625348927,0.0901284100944368,0.132694276878592,166.071452361804,22.2977874481939,0.60237160326243,15.1878643745825,0.105942980774308
1703980800,42217.1587913501,2279.07572355348,72.7032010841009,0.613564570738795,258.812317176344,0.0892560888625986,0.128604905433537,164.611310209523,21.8938776760739,0.592148262903645,14.9312784494098,0.107728258973902
1704067200,44049.4735534775,2347.43826125073,74.6571181969348,0.629882784726034,266.369891191201,0.0919552987003159,0.131973721814403,169.343383485578,22.4695573875658,0.622637718338931,15.5194150339939,0.107763681691334
1704153600,44941.160493571,2357.63096084161,73.0337457888484,0.626559071154332,256.92817566737,0.0911932046315547,0.12939333604342,167.569120119754,22.0243926017674,0.606322035342668,15.164375175363,0.108578841824835
1704240000,42773.6515423729,2207.34334979544,65.1573585394187,0.581317597809797,233.523001292527,0.081883162935507,0.120301998467305,154.098742849612,20.0089864626195,0.556057725389011,14.1377123860123,0.106650924683311
1704326400,44250.7452670953,2272.18009088253,66.4745886176846,0.587577725638338,239.416621100196,0.0841270929886253,0.121643362521453,164.032171300219,20.5138363840871,0.570430953432053,14.5460197324264,0.10704855383001
1704412800,44146.3222022209,2267.64338778492,65.9457969128499,0.575861553190141,239.665377760859,0.0827194305457218,0.118927807558893,155.85830314496,20.1123466386066,0.539746722640252,14.0577479407715,0.10439989023768
1704499200,43917.9798147282,2238.93393980129,65.5947330314642,0.567333617447582,235.618674965417,0.0804382921882011,0.119804598033615,152.430479786907,19.8602365962624,0.521273299108969,13.3905471868832,0.103790959235815
1704585600,43844.195949737,2218.46866306254,64.1240834214012,0.550454771191672,231.513785063149,0.0778827937726855,0.115125159503058,145.975346596808,19.1788001791821,0.492431297717029,13.1005107604731,0.102817991567755
1704672000,46981.3242995324,2332.30309205143,67.9043444594595,0.578635601106278,254.46104583591,0.0813877647261589,0.11973925240944,147.963632008781,20.3506236166862,0.540905521005944,14.1585170183627,0.10421364629852
1704758400,46084.005795149,2339.66153652835,66.7984807196593,0.567282769500302,244.873438606485,0.0791308904371721,0.11627731842011,144.464304313514,21.0031259698096,0.510718864548233,13.6803278119866,0.102683754414339
1704844800,46818.1592764465,2590.84570981882,70.2127989535095,0.603176724586433,255.624516338092,0.0833627572991337,0.121078459734707,149.556619178568,26.1264234469832,0.572398099165556,15.1063586342639,0.105426642224571
1704931200,46380.8708082992,2618.69897837522,71.9504905529461,0.602212416866718,276.083903261345,0.0845543903962029,0.123523524223682,152.6432704301,29.5731379554453,0.581778490526076,15.0262679332042,0.106186020140155
1705017600,42817.4305356517,2519.14196843951,72.8151845991944,0.57009152045727,258.858946818685,0.0799600228091522,0.118793722881154,151.719322641996,28.9649052814753,0.546550877502906,14.0824382529843,0.106705780167032
1705104000,42846.9544699006,2580.01773290473,71.9828409861695,0.575007470053303,254.507257957469,0.080944112148192,0.120113338515969,155.65981514674,28.637636776961,0.549074933666166,14.3699035924907,0.11419802632124
1705190400,41888.1513068381,2479.10104091175,69.8854123861439,0.577435482323425,246.586734893195,0.0800444561449866,0.118295716017142,154.104023604067,26.4211956325608,0.526649458024654,14.8421077932628,0.11143706542758
1705276800,42528.9192489772,2512.73806808884,69.2385068152989,0.575783460543738,250.437859176877,0.0811229469105127,0.118151597558706,157.68798818834,26.7060543095557,0.528037306394659,15.1898437124036,0.108680693068235
1705363200,43171.4472241379,2590.58586411455,69.5750203014949,0.576519519138227,251.972552812573,0.0813780880420625,0.118704885415242,157.299005945944,27.3391700898091,0.536521081015912,15.2794206528076,0.108122294687844
1705449600,42689.304327294,2524.52326651081,69.2731402986324,0.567873991107646,243.744799070428,0.0803331304857777,0.118602415722898,157.505152954352,26.1310473113208,0.526234851417616,15.6771368978134,0.108218710332391
1705536000,41261.9076177674,2466.73101315021,67.9970280945189,0.551593255566526,237.361777315811,0.0779979159550239,0.114198911121904,153.517544014355,24.4260001409089,0.502039460893885,14.6542330644401,0.108003074353473
1705622400,41606.8535330216,2490.05942811222,71.1660766281469,0.544203329309495,236.191801143279,0.0785287732039196,0.113912481066622,158.223401606048,25.2631158380699,0.501372474292158,16.134226899178,0.110255520429433
1705708800,41668.6904102864,2469.73605902981,71.2780969942765,0.552635155394473,239.027134823089,0.0882604965968769,0.115358571446425,156.521130777025,24.688645359389,0.514819972561367,15.7369462283203,0.109867740233113
1705795200,41537.1123562244,2454.59006867329,71.7128564190619,0.546958284312406,237.360594990476,0.0851931092396384,0.115559046247716,157.542162921966,24.5541090329688,0.503375342932076,15.404437235659,0.108944465782448
1705881600,39577.0998603156,2312.20573436587,67.1988796744646,0.526564074165799,234.526378963054,0.0803382686657205,0.112613109838615,150.555014765972,22.8877880834434,0.478100337316936,14.5416587820557,0.109118316948715
1705968000,39737.3143617767,2238.99027849211,65.3621386680191,0.51712923046692,229.150918706128,0.078067599536096,0.111481939002212,149.895297581284,22.9926850225595,0.475883862267761,14.2551804504941,0.10704265331381
1706054400,40101.8568980129,2233.65031472823,66.1618519197641,0.518116595130858,236.443547432845,0.079000878321771,0.112591988491096,152.732863129368,22.9926688843757,0.476198580785926,14.2116325816679,0.10869979438513
1706140800,39917.6611461134,2218.09818790181,65.5021477751339,0.513691054374364,236.786395732458,0.0778946640321822,0.111785268302615,157.47630453321,23.2545777775584,0.465818962150762,13.7650243842344,0.112136777253987
1706227200,41860.7310458796,2266.88314348334,66.976198934397,0.531450507657271,241.758995705966,0.0798109667934973,0.115649240901077,159.456277042201,23.889768764653,0.484801411740103,14.1647497887684,0.11448308173487
1706313600,42125.3014155465,2266.63358649912,68.0720405781411,0.530246577817319,243.852733795276,0.080133616678399,0.116268336831738,160.34045692558,23.9884118520762,0.485915326761221,14.3471974505611,0.112344598774257
1706400000,41983.0202744009,2255.09584307423,68.3546394893333,0.523608647141742,236.729845111738,0.0787457833149662,0.113708187710726,160.510084502868,23.486274845836,0.488836210384052,14.4354045984218,0.112185084094623
1706486400,43218.3470821157,2314.929449737,68.4331941577915,0.535351981633824,241.258603841221,0.0815085555486267,0.116360482724904,167.672587902925,24.7103953358732,0.524933046334897,14.9913337567321,0.113058270461998
1706572800,42950.0541277031,2348.3221987142,67.5487295673781,0.510311784694537,237.70355311918,0.0798700594544748,0.11293060508371,160.500780103399,25.3981816379291,0.515443423793451,15.454957682114,0.112171177374261
1706659200,42589.4708059614,2284.19509848042,66.7492706994982,0.502911266738053,234.359675458432,0.0787325598668585,0.10996507466412,165.501082841331,24.3926775893188,0.498983586327001,15.3786124096176,0.11221072673775
1706745600,43020.3596548802,2300.17150613676,67.4849596530038,0.505636956181253,236.561074157895,0.0792201041606392,0.10978487653634,166.390842467447,24.3633690698822,0.506007623023935,17.1211820115749,0.115444757766413
1706832000,43155.3852030976,2306.20428988895,67.9694563807609,0.509689620334488,236.132110613536,0.0792273046001874,0.110400089156576,168.5285604411,25.111182414349,0.513877620740355,17.7574298822894,0.116216417206982
1706918400,42982.3789979544,2294.85958562244,68.8207575460115,0.52002205810184,238.053159457662,0.0787165219869732,0.111053720409264,165.238926854513,24.8686266235574,0.512827738233251,17.6305500477065,0.117207005165336
1707004800,42576.2913050847,2287.55248538866,66.8276442794916,0.503147019370088,235.175390077562,0.0782003797755245,0.109209417589531,165.745651121599,24.9249695985118,0.494817377798078,18.1767841993584,0.118290206025749
1707091200,42619.2742738165,2296.7951823495,67.5951372071777,0.505933744916645,235.331447274828,0.0781295096692222,0.108315090180551,165.044167519035,24.2639912152286,0.492591649780792,19.0959645430624,0.118844688973218
1707177600,43102.7062632963,2374.23775832846,68.3318455927524,0.505416136519758,235.211214159111,0.0785160813441559,0.108151773983517,104.576713605885,24.7773171923971,0.498699574133045,18.3062644476989,0.120986735205894
1707264000,44253.0314731151,2424.69836703682,68.5779178343655,0.513415031551273,240.470512264526,0.0800343162233106,0.109059615543881,131.55691963346,25.2159372346051,0.501690497081492,18.908296268559,0.123508973253694
1707350400,45332.09157218,2421.88923232028,70.165536142503,0.514222049522897,244.49331488939,0.0798932706309171,0.109857298765489,128.427507631338,25.6827302375281,0.528168014689086,18.2377705872605,0.122002651499778
1707436800,47176.9665137347,2490.79084073641,70.7390319207156,0.525943351354849,250.468820637729,0.0815520722868189,0.112134090426517,122.22545471447,26.2120071627205,0.541125319681762,18.5019202354476,0.123791249841738
1707523200,47792.8972156634,2500.52634102864,70.7878612948575,0.52410803885828,247.74809602476,0.0814430248403867,0.111632196434236,119.36695249238,25.8956160292966,0.551166161571686,18.975227689265,0.124360878397631
1707609600,48200.7986057861,2504.4711899474,71.5325011735638,0.525833852536067,276.516965806483,0.0811415837460706,0.11107006252576,120.796694146106,25.8651311574372,0.541083840533742,20.1253906546431,0.124247846928662
1707696000,49989.80371654,2654.8437238457,72.9620233510994,0.53170322320125,280.754268453438,0.0822497747429967,0.113045487248786,126.491563828299,27.0514516585912,0.559517339427815,20.4829989527496,0.125078636323563
1707782400,49628.0941528346,2638.38654091175,68.9721800717865,0.525244226324347,270.412049141632,0.0810564225141203,0.111048461768661,128.449800696668,26.2211547091784,0.544727082979232,19.8692083967225,0.126962080168243
1707868800,51844.2929193454,2779.39197662186,69.954250663312,0.538775933640762,280.898488033155,0.0856364119744947,0.114345977708999,127.835812796993,26.9081978125432,0.577111991120682,20.2861838444011,0.129647808972679
1707955200,51939.1472919345,2825.4183603156,69.8372840505686,0.563450074627672,270.60613993985,0.0853588533699016,0.116762091416564,126.183536684494,26.81453319662,0.606246892804678,19.9382149203748,0.131230128195042
1708041600,52157.3123977206,2802.71410578609,70.522978257091,0.564864183081232,274.638608787349,0.0859462806655109,0.115430537683086,122.965184039346,26.7840135476818,0.597774406301548,19.5533595594803,0.132873333911063
1708128000,51674.8158521333,2786.64820397429,69.9592056978062,0.550140451358589,267.425449153792,0.08365530331786,0.114207165055326,120.584625317094,26.0843309845601,0.608273932605147,20.0563079651655,0.135998503947014
1708214400,52148.0645365283,2877.23226680304,70.8242376097508,0.557357090158404,270.56790372051,0.0852438391834588,0.115955794341357,122.311583371445,26.5634706126182,0.619910082755911,20.1359118820441,0.135240143477496
1708300800,51804.8051537113,2948.52049386324,71.4360969284326,0.563243775395374,272.93768575996,0.0896406206286537,0.118636115996542,113.526337724316,27.4312934037434,0.631809098680693,19.849828252872,0.136445546990991
1708387200,52308.0531712449,3014.12615604909,69.6889581163556,0.56380651580934,265.652520413982,0.086203713705344,0.117798787062865,123.869270976961,27.0969701001063,0.623320371229236,19.3373358536517,0.139279650992771
1708473600,51744.321808007,2965.02309906487,68.9007659241093,0.548536693461609,262.868872080215,0.0845447459228705,0.114334487304884,122.165297828402,26.049307598277,0.597984665565969,18.5452187858864,0.139605702589894
1708560000,51292.3252574518,2972.48551987142,68.7775701816451,0.541073068348411,260.169200829631,0.0841349291440874,0.115261695072186,123.989124639716,25.8250510235345,0.586873290310458,18.1306145019067,0.138957702659854
1708646400,50789.1431759205,2923.20721975453,68.762510609362,0.534448022976478,264.472268556946,0.0843057634310528,0.114791690673288,123.7812034523,25.4249307704793,0.583061718296552,17.932232062357,0.138171148292531
1708732800,51578.2349164231,2990.13751957919,70.3943072592052,0.545086829297687,267.575316657874,0.0861255032548577,0.116496793262059,123.707309046689,26.1205305091487,0.596668200965774,18.5195270779861,0.13748315631822
1708819200,51746.4789669784,3111.73178638223,70.092580921681,0.542651177501423,267.825258937342,0.0861334562264771,0.116458100340497,128.358930994537,27.1747635067278,0.591588945475898,18.7021004680733,0.137584231290978
1708905600,54551.8259184687,3175.87239129164,72.0525332462793,0.551091722158445,275.237726629161,0.0895615436536591,0.117893848675643,133.216420404287,27.8129212141874,0.618330057096665,19.1062000094205,0.139932952746737
1708992000,57049.888220339,3244.34883255406,74.1044638320565,0.588027337503422,293.349935234295,0.0982907693502439,0.122640602699502,138.585886568244,28.1112033305105,0.624635383740333,19.0669429567015,0.142898095960417
1709078400,62460.740619813,3376.60128696669,74.8010159143647,0.576271431500101,296.991246453931,0.116884955387889,0.120987790359325,134.645609043656,29.6167777592926,0.631220910651309,19.402576693404,0.142274350667251
1709164800,61394.7818515488,3350.23638281707,79.9762725982793,0.587796415792781,298.517021100696,0.118223304289547,0.122003718900526,137.962052647644,28.9310244783749,0.65766268857218,19.2862607935654,0.140678791940752
1709251200,62524.401817066,3438.18769988311,84.9065639633239,0.602022145813522,316.089082576763,0.140244176953498,0.127150611822348,144.604263574745,30.2931293146636,0.711780075252077,20.0556933504451,0.141599933427642
1709337600,62049.6145637054,3420.33950701344,93.964786591168,0.642594765795083,496.66985585939,0.142833994423302,0.137879057700006,145.908183250921,34.1338501336938,0.740441242368107,21.4267787192638,0.141223775599294
1709424000,62991.4422913501,3482.48343074226,90.6942223660338,0.62702303689414,471.059024064286,0.154076080187301,0.135488709088462,151.53032945217,33.4878135989661,0.728057643228461,20.4972965505128,0.140623920147053
1709510400,68091.8388243717,3630.73033343074,88.8772168527939,0.64978204655202,467.165579625302,0.182350668389708,0.146019448892502,149.599500714899,35.9563519482609,0.772324260410118,20.4514503339083,0.140412055237053
1709596800,63950.524329924,3552.95023524255,82.0485766926555,0.593358132825757,401.228723532275,0.153966455864431,0.132224895305386,141.557138506014,34.2831028680706,0.691734339710067,18.9463347022972,0.136035678083755
1709683200,66103.7215400351,3820.764292519,85.6776384799324,0.612908990952464,415.959923704944,0.15836191632912,0.137950632063824,143.566892941934,37.2184955344999,0.734336745753296,20.0875983233605,0.13779314802504
1709769600,67070.3791484512,3868.68848305085,88.3946719013857,0.630035838896099,432.299456307367,0.156990550294938,0.142170785812253,144.451687302338,38.0254300433431,0.745771986814117,20.138375249826,0.137393110854371
1709856000,68343.7149552893,3895.41697779077,88.3015759295496,0.62185373413166,436.569160313205,0.165316389129199,0.141791221831924,147.43134679603,38.1012481557318,0.724806468084518,19.7514268588844,0.136964902893538
1709942400,68502.5053392753,3914.19767445938,90.9043054536652,0.622133416317084,433.866203515727,0.179348213099182,0.142665080640784,143.971988402557,37.348878347428,0.744363720363262,20.0408360374967,0.136112121103327
1710028800,68882.2513395675,3872.30338077148,87.2573501726877,0.607275547534216,421.865257550781,0.169086902054257,0.13961604864622,146.156540906685,36.0437736951953,0.714154419714521,21.6140618159216,0.133862069269647
1710115200,72198.0875341905,4072.90353009936,103.843876329283,0.720378774407595,448.766908383708,0.181021940677488,0.157385219943652,145.18814994238,38.0873129443771,0.776830616922181,21.3353346669828,0.133743394310568
1710201600,71432.7283018702,3971.09591408533,97.4829376855732,0.688337801291605,432.246666441021,0.167794404200527,0.149247081563763,145.547084112669,36.8247346944211,0.747058684271647,20.6269948720864,0.131402477631098
1710288000,73081.5759053185,4004.5978722969,97.2225886852515,0.689356998396281,442.132449783284,0.169195760506124,0.150881391751205,149.876544914542,36.5343833070593,0.762783097109735,20.7479702991332,0.132011734854681
1710374400,71505.2729076563,3882.89582524839,94.1694859085665,0.669736650997114,440.75511130071,0.177458007518364,0.144699016844267,146.707969616481,35.1623077580256,0.75107212107145,20.9554135964489,0.128988993788169
1710460800,69424.9141753361,3736.92063383986,89.7170361722506,0.634561260823746,416.766744010204,0.162985699351994,0.136699738564712,142.162738996419,33.2568909327065,0.726382310055202,19.5887635041997,0.126372129771834
1710547200,65433.6819006429,3519.47903243717,83.8700441784233,0.602089991373962,388.119344200808,0.141672458710051,0.128902274409958,138.912647592823,30.6046082840856,0.6591066352128,18.0872800028738,0.125091780482849
1710633600,68285.0891691993,3638.45260432496,85.6967655537373,0.618303107363875,401.661659442636,0.153839416844241,0.131883894476589,141.209232369253,31.869877350889,0.678595263458881,18.6052720697914,0.12613948543021
1710720000,67770.8865245471,3529.94917767387,87.0007682777709,0.652098911621009,400.829137508396,0.144302065786925,0.135344887882429,141.202969986238,31.4096858419372,0.662612341981782,18.3803030646718,0.124102204414395
1710806400,61969.3075394506,3165.8325338983,78.3050816607194,0.582961955610243,357.090485179273,0.128396255979319,0.120385414264719,133.725646494764,27.6032552374711,0.585715533003971,16.7619133892294,0.111916631368716
1710892800,67848.1076396844,3519.0726811806,84.8435301743584,0.612055441722201,408.926121643317,0.151466522158876,0.130889928356018,139.908794886766,30.6101348089773,0.639789805362594,18.398120629185,0.120945961572087
1710979200,65454.7357232612,3489.54293863238,85.7018855633816,0.640375978198561,413.529852778716,0.154998681084516,0.133083233429318,138.29304604698,30.2989594119294,0.631972697598376,18.4020863615776,0.12102007091844
1711065600,63486.4849997078,3316.85662302747,83.1130168415544,0.610081294498075,427.165734593716,0.152145344032706,0.127922447930994,134.723443854593,29.1801717698654,0.611680638522579,18.186232715208,0.116981602454734
1711152000,64361.2429047341,3354.71804412624,85.7506157444815,0.619207935618041,457.867863954227,0.163095074838909,0.133175964444286,139.051253971726,30.4038653062279,0.62667333348394,18.1431352045643,0.118743987901042
1711238400,67289.5658310929,3455.31273378142,89.8448369124964,0.633678951271094,483.884287065966,0.176718237994734,0.135047684446906,142.306187650043,31.5926961221997,0.64614065199827,18.5530687013496,0.120193753786287
1711324800,70042.0204237288,3595.95377440094,90.489957068314,0.641217894569925,489.351596902833,0.175628330846339,0.136773189516573,142.381463561319,32.3270855349134,0.657670122862231,19.3582331154818,0.120523110379297
1711411200,70071.0472144945,3593.26549181765,95.7371721783261,0.632569606931053,481.367273576489,0.182248349067706,0.13832595030125,134.934120326489,32.1961163285014,0.665542588739919,20.0098986908106,0.120824552284817
1711497600,69267.8879815897,3498.33240648743,93.5945791902891,0.611216383171944,541.133036256117,0.189125376571232,0.133591639029967,137.391175008989,31.758046260424,0.646862902244474,19.2959788479707,0.119374291935321
1711584000,70826.8968714202,3566.1563798948,94.2798565086335,0.625126917557908,567.981573235441,0.21973046228129,0.138177690904704,133.998643634747,32.561893059209,0.651208250957616,19.1881953178864,0.120412435565641
1711670400,69917.0430070134,3516.30310140269,109.247476942674,0.630825017254535,621.252210654246,0.212875126611088,0.142772209217939,132.815123987695,34.2749583310504,0.66456236628387,19.0162150623104,0.120032843196524
1711756800,69663.0119073641,3506.18175686733,102.551056107081,0.620788331653639,597.020783716933,0.199703934786444,0.138895173570323,127.514115708433,32.9189220631319,0.64395295539749,18.9254048848532,0.122524010184535
1711843200,71227.4517939801,3644.72632057276,105.204578544908,0.62903128182556,679.771819921495,0.220192384073436,0.140914727173601,126.703579259094,34.3473710937288,0.65022271250462,19.1153546392788,0.122903516392077
1711929600,69791.6277305669,3510.49059088252,99.5702641168195,0.612527518575918,649.054788111876,0.205596192496736,0.13576601758402,121.585062612009,32.7790181550284,0.622391984928048,18.4061177997645,0.120602894525234
1712016000,65533.7548351841,3283.00576212741,107.106046344676,0.586076797202627,641.276712943326,0.183168638112693,0.128843313887354,122.110421527284,30.0708590339833,0.581491546715029,18.016645558639,0.116721875146833
1712102400,66130.2162393337,3317.26652045587,98.7501761629506,0.575619330974223,595.45941425631,0.175934772485135,0.126394277222858,128.974443132894,30.6837228146491,0.57218764097816,17.7216675738568,0.117271589947256
1712188800,68438.135024547,3327.80180274693,97.6579775676103,0.592667347282534,649.131050417798,0.179471906189228,0.1288659531375,131.539596040692,32.6388382132535,0.58172556840624,17.7497242850146,0.119154102900828
1712275200,67904.9094766219,3323.68147399182,98.1205091654659,0.58784224767216,659.220714821047,0.177771473529225,0.127585031118439,127.170863798046,33.208315605276,0.575024877504916,17.3685660303335,0.117996839252955
1712361600,69136.0710783168,3368.21936294565,101.52179237546,0.594293273924131,697.303918857402,0.186150435104341,0.129379851943494,132.042904204947,33.4893255268495,0.585524557399821,17.6066010000151,0.119700471992168
1712448000,69392.6830108124,3447.5169082408,101.151479266151,0.594311934372785,684.518662655781,0.199223181710096,0.12924529639845,131.343401641305,33.7817231529815,0.588439786873911,17.8992100226593,0.120467955899577
1712534400,71712.7972840444,3700.18461426067,103.43104540315,0.616250987801884,681.18943083949,0.20282566129409,0.133500992322486,136.2860542401,35.6425351256649,0.614026817048588,18.1141241658966,0.123010335879535
1712620800,69074.5418638223,3499.24437755699,97.4088971638272,0.614224632416862,672.634187988619,0.188327581744029,0.132098559125452,133.153969693297,32.7805155401267,0.591888153171442,17.3487824830647,0.121084432151938
1712707200,70579.4456767972,3541.31580829924,96.7779926741409,0.617576155778025,627.809400140361,0.199896339650504,0.129555479429428,133.476066100818,33.4753861267633,0.585826003807868,17.4086759745716,0.119163822422334
1712793600,70046.5536057861,3504.10413237873,98.6357320958229,0.608486100343816,613.60505607864,0.193872672390803,0.130179129933963,133.423352001719,33.7376419001304,0.585729992179708,17.5216837996167,0.120330761812351
1712880000,67098.113691993,3234.93164260666,86.1653428202881,0.547076814140551,533.353434117073,0.174294068051621,0.114970908457716,122.875688413049,29.4882089969502,0.50313531776356,15.1321931023828,0.114738556394923
1712966400,64551.6482875512,3030.38006370544,77.7998904330816,0.480373071478196,482.600699116752,0.153801426139758,0.105617720877983,115.987570898722,25.5930862010845,0.448339750549217,13.375742520571,0.110327707204613
1713052800,65648.8099602572,3158.85037901812,80.0116772105919,0.505057434648882,524.551624033431,0.162885790720714,0.110800349763691,122.011485319017,27.0495715257897,0.469978105212899,14.1577689351926,0.112612543383478
1713139200,63393.325166277,3103.08803565167,78.0895078630178,0.497173326396985,507.485675860185,0.161590058420565,0.107478043900521,123.187882886364,26.4444842745214,0.460294859742485,13.5828722449867,0.111487464404412
1713225600,63784.8203340152,3088.46737171245,79.9888743960382,0.497058741087548,488.223188725949,0.156437476515602,0.109764175625541,122.718759094003,26.2540613264259,0.459527758118977,13.517957021108,0.111937052035332
1713312000,61324.2184286967,2984.85811309176,80.2258146659679,0.494818712420976,464.534806014273,0.147673156587256,0.107519245524299,117.386954190376,25.4453766777529,0.444240691189996,13.1447072138053,0.109797757868594
1713398400,63510.14500263,3067.80594067797,80.876963457587,0.502737834549422,483.623555816647,0.152145807896264,0.110580526970617,116.453138855764,26.1633819993378,0.457970963428325,13.9004981917264,0.109323807620674
1713484800,63762.6310300994,3055.9694956166,80.8695190092555,0.503096051403713,476.632397404166,0.154800287999955,0.111596817686284,116.825915575187,26.0626359587509,0.468406711382128,13.9365342866484,0.10992160052953
1713571200,64907.9928366452,3155.52894243133,85.0722760341129,0.528829660596995,515.638338038936,0.162684896930087,0.115900817376286,121.406353609085,27.89176270518,0.505557764969634,14.9415656784208,0.111064368454878
1713657600,64968.192619813,3147.65961542957,84.1767823978486,0.524697715341209,502.95376403689,0.15823291350462,0.113840354178206,118.841039329618,27.4758886663004,0.499237258151639,15.0678021524195,0.111328723855003
1713744000,66944.5960911748,3205.79751431911,85.5480079618341,0.557294155308318,523.499165768041,0.161536084371468,0.118335323429216,121.483058015112,28.3943547139859,0.517540969110686,15.5017440309172,0.112369723902635
1713830400,66385.3002919345,3217.77177995324,85.0705232870922,0.54513069443483,505.437519636955,0.15981754725364,0.117356120165889,121.380225372055,28.1743485669399,0.500186513473358,15.1922017098571,0.113261812768659
1713916800,64189.9679064874,3133.02161046172,83.0717451218615,0.526058197106959,478.130374085831,0.151034006451788,0.114210973422507,118.680280078181,26.3309187324258,0.474104137417068,14.5031458385634,0.113136050215989
1714003200,64515.3874725307,3158.31867445938,83.8417137728062,0.525416671412721,478.816486744741,0.151597026662638,0.113781978860201,119.826649242271,26.4709120875363,0.470597527220688,14.5924956844958,0.117198051702365
1714089600,63777.4715002922,3129.83962390415,87.8181919612515,0.525538627672182,481.793816411045,0.147764049903175,0.113950007505265,120.363439674659,27.1190403033704,0.462606079165787,14.4820247232476,0.120067195806003
1714176000,63429.3099649328,3253.06380333138,83.8230576993845,0.518100731106439,477.374911692047,0.147720620264388,0.114369785697441,122.706838837521,27.7572338590678,0.466954038296864,14.2504787877328,0.119832196110452
1714262400,62978.5770049678,3262.86946580947,83.9158486663348,0.509989798338751,470.099080845715,0.14667375186233,0.112206777571728,126.738148371677,27.9900613258594,0.460022404371378,13.7911892011188,0.121349783732293
1714348800,63908.3888766803,3220.45092109877,83.7060748228215,0.515737472247241,466.986497296961,0.143865825792531,0.112279689957282,128.936849441479,27.6639816463407,0.45766267119627,14.0984906078981,0.119114983194713
1714435200,60636.3261633548,3012.4375447107,79.5252979336957,0.499664701727715,433.446736199833,0.133167486587713,0.107629532088952,119.008586580093,25.3912476646895,0.440821131987305,13.1224741353183,0.119391189873877
1714521600,58141.7772799532,2970.35463997662,79.9078375781728,0.516003283479292,423.224014773789,0.129851140381871,0.110712592996276,122.952604209328,25.4771250933449,0.44903265865544,13.3112471950865,0.12024217281918
1714608000,59170.1088936295,2988.55618001169,80.1654350364315,0.519026929656854,429.65733545755,0.132430462112486,0.110439485973174,123.247143664489,25.7016073407317,0.458388305275591,13.5999691882557,0.12230925772904
1714694400,62983.6554783752,3107.4065829924,82.0172642117178,0.532126917909849,454.124127520849,0.146540589595408,0.111869182618395,125.013644714928,27.0176052788542,0.46793451693579,14.1217056375819,0.123124225415417
1714780800,63881.1305429573,3116.85577060199,81.6913277815996,0.530359462760309,463.785599255017,0.160130433778174,0.111074019677435,123.393557712524,26.9738889012844,0.463262235013977,14.322833005724,0.122346705708741
1714867200,64067.5959918177,3138.82202250146,81.3730017339391,0.529821799863745,469.03630737127,0.160773572265993,0.110958655978613,134.220904575157,27.6630701905108,0.45826223503263,14.3704617471929,0.121040378380248
1714953600,63228.1031341321,3067.52578550555,80.7869736606971,0.540322792287207,473.48388385034,0.156651654409375,0.109827265045163,130.604395283706,27.0462021576681,0.454161320528687,14.5129086054842,0.118662478033414
1715040000,62396.999720339,3014.6582182934,80.8453784136131,0.524810134548151,471.623980469778,0.150307065918087,0.108183919091612,127.399145337931,27.1746648565464,0.442278004703226,14.0331963498905,0.120588102485764
1715126400,61079.27442782,2970.40599883109,81.4075641352163,0.516722354472005,447.271326044258,0.142902032396872,0.107280133005145,131.624163782941,27.1220202329527,0.452294660444041,13.8804165383848,0.122817634301881
1715212800,62998.4903381064,3034.47790239626,83.0144325513531,0.520604462498458,455.200179529362,0.151762168929084,0.108259903722365,132.641119581809,27.6427475972255,0.462888266312322,14.2292610955338,0.126163589816083
1715299200,60896.6418880772,2910.85627527762,80.2358196616529,0.502323364484669,426.95198253666,0.144050961670253,0.10631162734056,132.824301591565,26.43642725307,0.44837823190586,13.5765779225305,0.127218179239372
1715385600,60843.5729240211,2911.31118176505,81.3970091441989,0.505833898917928,429.597540453661,0.143069316719915,0.105853201105982,132.011041114703,26.4695535644037,0.439059713924942,13.3241782685842,0.12643014528962
1715472000,61431.2746879018,2930.52381063705,81.3487179100269,0.499395986997035,433.188909994508,0.141173524026062,0.104578414549624,133.147383444617,26.7226416474517,0.43751405939838,13.5482597663036,0.127239805061379
1715558400,62886.9394491526,2948.49537142022,80.6328270799416,0.504954451462696,437.500063989959,0.148500769254561,0.103928890709632,135.403281455212,26.3114373887785,0.436473361401556,13.3811473505923,0.125667170541429
1715644800,61555.5670046756,2881.04924284044,78.7295256253891,0.499725568010979,428.603241152984,0.145070959933962,0.101813749969169,131.992635485919,25.3209254988101,0.427571782822188,12.9774177734461,0.12531653929877
1715731200,66281.5322542373,3028.85788924606,82.4726277210849,0.518694037866615,464.370838257992,0.155747426807692,0.106707633139451,134.303457783374,27.0916183363095,0.452824720366726,13.9044336374062,0.126281673443315
1715817600,65269.2603246639,2941.34486236119,82.4269934546545,0.515557378394526,444.986339114266,0.14966929839851,0.106635946094555,133.83282136836,27.2474079880927,0.459877197500014,15.5002719565165,0.125054910157974
1715904000,66956.4409476914,3092.48875365283,84.1207536823844,0.52383773833608,466.604473608836,0.155680373266274,0.108827511579283,134.886081886518,28.3034039306645,0.481525289374075,16.2468606894076,0.124470388713837
1715990400,66977.6006914085,3122.58925452952,83.8636747651705,0.521086897607236,475.893244841578,0.153062484914509,0.108043360188837,135.995024894345,28.6102554056441,0.482102553327825,16.2978246866868,0.123044228318483
1716076800,66259.4704260666,3070.15583752192,82.1994697298076,0.50934491109673,484.830268030851,0.148969711712434,0.105503024108882,134.522595883728,27.6036625522459,0.46758211085714,16.5755377369468,0.121186610869985
1716163200,71202.2025902981,3661.91130683811,88.604155532883,0.536542245596722,514.364538798831,0.16481537150278,0.112158915306073,135.022951236031,32.2435611206858,0.500769728573449,17.3207244569459,0.124274170507439
1716249600,70217.2546914085,3796.88597720631,88.2230986955518,0.536956106561056,515.329436453822,0.170063485028435,0.112224136905973,136.098133255073,31.7727599701912,0.494793666294762,16.7234073190799,0.123611857735783
1716336000,69074.9141350088,3740.96768877849,85.7139423398874,0.52628912788051,498.254169765362,0.165827794964783,0.110594843898644,138.373754640538,30.4288825725263,0.483085759740221,16.3259626880122,0.120006733303559
1716422400,67758.7306586791,3766.94141028638,85.3014064050378,0.527852850603385,490.104143925332,0.159283613990915,0.108819199061093,138.505720359678,32.2189058720387,0.464394977444953,16.5388530038521,0.11504082303953
1716508800,68608.998279661,3728.02142022209,84.9016252843051,0.535277680411648,494.949775321941,0.16365957391724,0.110146668258625,140.922893311745,31.6073502845835,0.459135504167523,17.2438058473051,0.115423433511012
1716595200,69282.7925976037,3748.06725365284,84.8903018103878,0.541385168391794,493.143839063378,0.172144924903355,0.110816851782894,141.217636729756,31.6591336739777,0.462044892004076,17.4193616878959,0.113747154865917
1716681600,68445.0069532437,3824.52689099942,83.9144000356078,0.528237630125753,484.389203160244,0.166209046645342,0.108681696719483,142.541914930882,31.7226579517814,0.458276659791802,17.058393242232,0.113096578521869
1716768000,69347.815260374,3887.71309000584,85.2150719884344,0.533822501739219,488.754133020052,0.168911641899229,0.110296114709767,141.032514910048,31.9029566464998,0.467567859556813,18.7614598151441,0.112362125367534
1716854400,68342.8204488603,3844.94370251315,83.4067970531758,0.528362239329403,470.258875757588,0.16515002605667,0.107733990055945,141.625090963862,31.4242383314356,0.457001229160293,18.5107784484772,0.11114260283593
1716940800,67584.2632402104,3769.94606195208,83.5685477066633,0.523344858377551,466.391598160494,0.16391277149199,0.106593291650691,140.258779300816,30.4572024650461,0.451216976169599,18.4821631148639,0.11199034279207
1717027200,68375.4760260082,3747.58575832846,84.4329944863961,0.519160902534993,465.191826701716,0.159534899486086,0.106874931073882,146.333469461819,29.8073984206545,0.446428977772618,17.9452887049485,0.111981784472851
1717113600,67377.7626122151,3755.48389596727,83.1202908153614,0.517495605394592,454.623615255219,0.158878856235841,0.106259477447432,148.378929386361,29.5944497901307,0.447004378081265,18.3935565378876,0.112040201040591
1717200000,67714.3526399766,3813.36246522501,83.3498867664339,0.518333154452743,462.580115176415,0.160168642114945,0.106308426191368,148.736639521052,29.5375035309533,0.450134990631736,18.3986180662565,0.112582808369678
1717286400,67805.4855742256,3781.31107510228,83.0622060708555,0.513445961193543,458.3305900178,0.157088992671712,0.10514919890806,152.592452417615,28.952952071518,0.44661395936013,18.1503417212725,0.114792107619709
1717372800,68833.3028351841,3767.48563822326,82.8170319777494,0.520111844233759,464.959350507427,0.158281763945122,0.105321515328799,155.146612184639,28.6390058533791,0.457149369930392,17.5858544859087,0.113484375569483
1717459200,70554.0894330801,3812.18925131502,83.5750113646891,0.525526502861291,477.005222879671,0.161376294010803,0.106357850190022,159.895645361833,29.6725829243969,0.46132583978058,17.7178969606447,0.114497260098239
1717545600,71087.4433158971,3863.33180479252,85.3614726996888,0.525544747534892,494.116814899925,0.163232614787913,0.106924368085575,163.003983416626,29.7864869220377,0.461051175516428,17.7329033624145,0.11459496466353
1717632000,70788.5013755114,3811.85764231444,84.2272277325268,0.521699397483931,495.691680331628,0.160264873950186,0.105310797604072,165.626296974699,29.0875193440736,0.458060186403768,17.2823814102407,0.114749133457612
1717718400,69338.1573240795,3679.91953915839,80.0821314352264,0.499048646706782,478.441259309245,0.148167654028529,0.100243215072868,154.127518509662,27.0938925441423,0.449649977364149,16.3248199247655,0.112692635403777
1717804800,69310.1092618352,3680.01974547049,80.000478110871,0.493119893943866,469.850753681878,0.145882608616426,0.0982728066979449,168.372714006745,26.8346961318829,0.436285789623648,15.9324127855115,0.11474374993338
1717891200,69644.0190894214,3705.6370295149,80.4243969561515,0.498548688239828,474.34617450068,0.14680671261001,0.099775800192634,173.900406655567,26.9611802020485,0.443982863952772,16.3402706916769,0.116891492371067
1717977600,69465.9362478083,3666.16929456458,79.594639438406,0.496305982467779,468.579221120563,0.144693620997696,0.0999435206653954,178.429054272322,26.603609263978,0.440498877131532,15.8908979304328,0.117515596215091
1718064000,67368.263506429,3497.70045324372,77.3083814440148,0.480285484023768,446.509906346514,0.138145287471926,0.0967755115347274,174.665441266085,25.6716514731022,0.421554821606768,14.9815546052785,0.116559528097154
1718150400,68213.8346838106,3560.79752922268,78.4376941493193,0.491310038810615,454.134335811431,0.145915038632971,0.1000577736537,181.424097781777,26.1137177909696,0.437759648293519,15.9933822864934,0.116431589119455
1718236800,66783.4902767388,3470.07002191701,79.0966659784115,0.477176832634475,431.768968289996,0.141163915202182,0.0974818169859082,172.267267774651,25.2926439865453,0.421244535547684,15.1397337031599,0.116854155270111
1718323200,65982.1865195792,3479.90397691409,77.4652795187558,0.473951854771109,421.4235108045,0.134883357778099,0.0966404200147779,170.497649894318,25.140158638844,0.411415494883478,14.7313996429244,0.116391443420172
1718409600,66204.904308007,3567.76231297487,79.1841177810379,0.491165984373134,429.714978051315,0.136649533325416,0.0981974368631952,177.348124900017,25.6408137806979,0.413775231916686,14.8674488167604,0.115233389248705
1718496000,66622.5999336645,3619.69397223846,78.8587952613359,0.488633557858741,428.096377881838,0.136924059478228,0.0989692582878113,177.155640052667,25.4534982448223,0.41618745542472,15.1152037696918,0.117159331070638
1718582400,66483.8785260082,3509.52888807715,76.6488105473808,0.504809510220961,420.136264022993,0.129050509854774,0.0967701843123944,173.433137177696,24.095845877183,0.401900987185229,14.5450395364238,0.116797577978289
1718668800,65112.1230020456,3477.65919520748,72.5212782267258,0.490585902788446,388.703623341342,0.122010175687539,0.0912034740620056,170.105034493421,23.0422256557463,0.383414946341991,13.9302327148285,0.115313207715315
1718755200,64878.7141525424,3557.56530420807,73.6918135581553,0.492746840401245,388.022201022063,0.12222297636024,0.0931949464352757,168.236829848062,23.9325049507015,0.383367362209211,14.3049115869971,0.115775666122853
1718841600,64897.7011542957,3512.66682817066,74.7984071803594,0.488725215380875,390.139192411625,0.124410685745337,0.0939157441925578,169.648297226722,24.0512903401242,0.384226202955499,14.264427747687,0.116726778308502
1718928000,64086.0489228521,3518.29662799532,74.080396222613,0.48895937553813,382.859856038871,0.124017338366863,0.0920244405571798,159.494838452601,23.5520135299917,0.376231468821902,13.8605674026102,0.118328476959243
1719014400,64258.135506429,3496.20113588545,74.5607812270461,0.486616680926566,392.295337707563,0.123833657950191,0.0909283007004543,166.806179316922,23.397198113884,0.384825264341117,13.4911081590834,0.119604264339472
1719100800,63345.0218760959,3419.96013325541,73.5510848066227,0.479465410047575,382.249740757933,0.122287094838184,0.0895495680962031,164.056379792074,22.623155572259,0.38015124146676,13.1983736296078,0.11920062646958
1719187200,60258.9554374635,3347.67256312098,69.6261069479943,0.473727969536093,361.967369708133,0.118858551056086,0.0891134705276954,158.754047304751,22.9688304005274,0.377276072767524,13.5935527774399,0.119008635489207
1719273600,61739.6658477498,3392.701764173,71.2739638166271,0.475180716516375,387.796666912236,0.125868871999332,0.0916929251969874,162.655417390018,23.4700954523128,0.391589321229895,14.1880407095018,0.121904843427765
1719360000,60794.4760584454,3368.95722998247,70.9665103815787,0.469730140837921,373.671667485339,0.122718771861788,0.0902595442925567,164.311021799466,23.6504262073644,0.384686323310938,13.9152119940354,0.122518010328504
1719446400,61569.9234275278,3443.80289129164,73.0571679764643,0.474455662550277,388.748808675277,0.126869284777724,0.0913496471886465,165.789024738724,24.0302711182878,0.390540678168031,14.3635199063932,0.121848250769755
1719532800,60303.3147364115,3372.74825394506,72.7930728273411,0.470703115413543,385.352831937369,0.12284187976946,0.0909023259220749,167.83511082257,23.3687328036432,0.385044408825803,13.7515405356347,0.122954062338661
1719619200,60889.3298430742,3373.51496990064,75.0328717237026,0.471701715115734,380.593769760295,0.121671644562144,0.0899465031404924,165.549204537099,23.1204693622194,0.383811555273226,13.502419775282,0.125394351997771
1719705600,62763.2796861485,3437.88873202805,75.2827356226926,0.475725811914426,393.547343672808,0.124461684626249,0.0910344740081454,167.784263713518,23.6840677392788,0.392410197895632,14.2612463238373,0.124549654031848
1719792000,62835.3997647575,3437.63577878434,74.3074147833718,0.47646678529518,384.068167314404,0.123399441977988,0.0914000500624281,168.378789524521,23.2086150210852,0.402593256945809,14.3217779154377,0.127794008897447
1719878400,62028.6170385739,3418.16105698422,75.8339203280107,0.484294456439168,382.291788553604,0.124943607814426,0.0934093981701136,168.599576273778,23.2568045308037,0.417707175292234,14.4133669645533,0.129029243510226
1719964800,60216.3920859147,3294.66166656926,71.9474060711001,0.466758450523845,373.024988271388,0.118367599727014,0.0902613252303258,165.245248566299,22.5314641147602,0.406296480033042,13.6171188165445,0.128644705299886
1720051200,57418.2420213326,3080.69562215079,65.6869252971799,0.436166600504617,333.645163776991,0.105404733195321,0.087642307460358,156.880883533736,20.910381502155,0.365070009037785,12.6682764689875,0.127547418154623
1720137600,56720.9881256575,2986.23631122151,61.9660581407644,0.425839712281776,326.202591197555,0.105798966344385,0.0855595699865346,154.988374872241,20.2922975675474,0.350021329814554,12.3292094572067,0.12695796047073
1720224000,58259.221773232,3067.92395236704,65.4314305654741,0.448904805735627,342.70372232817,0.11347371654262,0.0905284227125469,158.321669021729,21.2172545563958,0.371168459506891,13.1827740649891,0.129814871333245
1720310400,56112.5725587376,2932.87202893045,62.1460343425829,0.420749585233088,313.549187255243,0.104517482269342,0.0840846295439326,150.292489061375,19.792332031822,0.347716391504051,12.3733868293525,0.124718732966363
1720396800,56691.9149061952,3020.46501139684,64.8689463203074,0.431492146057961,333.508187439563,0.107631802312458,0.0855717936093333,153.719957720202,20.4082730115175,0.369210957482461,13.1189265151596,0.126186836894206
1720483200,57981.4320967271,3064.17542840444,65.3153953069089,0.435849518400188,331.105331853363,0.107432750881831,0.0878276841520096,155.039921328168,20.6140244732698,0.37529782180978,12.813880088382,0.129827991028487
1720569600,57722.0113527177,3101.14742080655,66.8883927873082,0.43883659964898,340.468255892381,0.107883949142648,0.0874485196687789,155.846074611825,20.980338068487,0.388121282998165,12.7964043175224,0.131539635352756
1720656000,57307.712738457,3096.83160753945,67.4600736548483,0.448687468591978,346.603420201967,0.106528480521802,0.0887162761818732,158.723172314552,20.6589347797904,0.394839788589021,12.3408449866034,0.134486938596793
1720742400,57859.1202819988,3130.37477936879,69.2738221064588,0.474700356837176,368.220141018458,0.107515808808379,0.0912114110014677,159.521651510434,21.4540100503338,0.414043588025101,12.7223979480484,0.137193926089045
1720828800,59329.0372016365,3181.85794126242,69.891200726166,0.527067877107841,376.262519537349,0.112347439605918,0.102317730146561,157.405089379091,22.4384140841101,0.440868816564055,13.0359526891446,0.139485489311442
1720915200,61015.0339412624,3256.67111513735,70.1046128502734,0.523691489498799,378.250599083621,0.115857756062604,0.104774746538931,159.681474586423,22.6211119437658,0.433115109086433,13.466591628868,0.137710590477008
1721001600,64734.7611697837,3487.98836323787,72.3737288167852,0.536590241439633,399.660989582193,0.124904027512716,0.10449641733361,159.019476936031,23.9184111649632,0.443969928642494,14.4099387190847,0.13730210010585
1721088000,65118.8266583869,3446.72606838106,73.1281788083659,0.578489659805821,387.107603249613,0.124864964180854,0.106786521530395,161.811980226127,23.6140260090277,0.438017514138857,14.2286676471341,0.134059525832078
1721174400,64201.3707805377,3394.09970572764,71.5313161536318,0.628510713909832,376.17520834442,0.121997858790331,0.110214979697856,160.33184833389,22.9978785582551,0.437596094149938,13.7715332941426,0.133627331867075
1721260800,63984.3022022209,3431.12034132087,71.5792330676223,0.570128973348482,383.351830356529,0.119606593743208,0.10326488443827,160.950178993517,23.0313288056713,0.424513897836743,13.6091041360511,0.134375252456019
1721347200,66755.7833828171,3507.49268585623,73.4640160914712,0.572194566305975,391.047406203858,0.125604603026392,0.105282999122624,161.341899827265,23.6178602851497,0.438642679817885,14.0670658692972,0.134671618487657
1721433600,67185.4978112215,3520.56696551724,73.084554265932,0.594898208040581,395.175653543753,0.134347959983107,0.105282536051928,163.324299426738,23.927402780736,0.43730470695292,14.2602800106134,0.134716316245787
1721520000,68056.6201215663,3530.48212887201,73.9500718029735,0.596860949202576,400.319799306227,0.14018066710036,0.105274311120274,164.337360088138,24.1720581573092,0.446604032841002,14.834257426784,0.134244551554234
1721606400,67535.1976738749,3441.93899883109,71.2804212575797,0.605783741172087,385.795022447343,0.13786588077878,0.103405943799191,161.191561587691,23.3906537702247,0.426769386625988,13.9405569778039,0.132488309208818
1721692800,65916.4081616014,3482.72823085915,72.8655695337625,0.59752129435469,366.436037318885,0.130297223509747,0.100918236053814,160.622679032824,24.0608468047108,0.410205932699937,13.8987574995484,0.134075567192601
1721779200,65353.3857784921,3331.71999532437,71.0989153726164,0.615756577033658,361.504426981465,0.127694968156442,0.102644511316647,160.073498686818,22.8384252301759,0.406328907643674,13.3496193154625,0.134240684986596
1721865600,65722.0611917007,3173.71819579193,68.8024622631963,0.598500063107563,361.599187041798,0.125100576461447,0.10205989163185,162.21241047242,22.0779483159175,0.394009211869374,12.9254158056552,0.135365176383646
1721952000,67912.2433091759,3278.93203009936,71.334643409992,0.603392652970623,377.208413869797,0.134433506862303,0.103177531092568,161.803707442024,22.9504588354533,0.417670284640798,13.5427187508505,0.137481129320866
1722038400,68077.3730812391,3254.27405669199,71.4163018910569,0.597827811852129,392.988512722502,0.13197870763433,0.101705415637515,162.567576353017,22.8856770240557,0.418540508278567,13.596012746243,0.137193670570751
1722124800,68170.6691309176,3270.68860987726,71.0905358509077,0.600915496203572,416.342051942632,0.129730536940798,0.100163315359267,164.562754116926,22.618968296239,0.407083888926642,13.2825536417282,0.138718437500793
1722211200,66867.167277031,3323.15159877265,73.834160930496,0.601981286524968,441.109543936347,0.128573743421146,0.0992730172547784,161.571743116461,22.8688387379216,0.404111642290784,13.5462045662509,0.137692434026387
1722297600,66186.9146861484,3276.18640619521,71.6155700565071,0.626628623544999,433.193341268719,0.125516095488848,0.102347127804696,157.892088091947,22.241289235062,0.401377391231209,13.1514226067334,0.132954869569878
1722384000,64690.6340385739,3231.75860724722,70.2649293849798,0.625632376313514,415.892582653374,0.122054512568911,0.100718285028073,157.731738700172,21.7944361410058,0.388794225165351,12.8207270470341,0.128770024512492
1722470400,65178.0554891876,3203.2800251315,69.4703514881796,0.596407552275689,412.316909487082,0.119046687836617,0.0992664035240008,156.527437555982,21.5529231013217,0.392018817913328,12.9056738950545,0.128154344401591
1722556800,61506.7698877849,2985.00033752192,64.9128712664959,0.560748697905617,383.676388875215,0.111367922494047,0.0954945041352385,158.251728290454,20.2152816245271,0.363884028296766,11.8965491361235,0.123410582704087
1722643200,60688.2444272355,2904.77563267095,64.5022738374267,0.555908927820725,364.265543347952,0.108097458449954,0.093450867609558,148.234895999298,19.6747948756038,0.363421212499056,11.706125481651,0.125225984337788
1722729600,58306.2644786675,2698.46006575102,62.5589479923746,0.524705299150124,332.317836939395,0.104035146690572,0.0882752711586271,150.408314055384,18.9668857078442,0.345151393292369,10.8936858745964,0.12629077741732
1722816000,54343.6276773816,2434.27117241379,56.3356475740531,0.491987477614169,311.33600440303,0.0949396265972628,0.0883087072596686,145.969581257933,17.7604061378475,0.31454671606763,9.5404239481002,0.12168775410293
1722902400,56047.4712866744,2458.63231122151,58.2960338707085,0.505358651495359,315.146107986274,0.0963288680183239,0.09221661639863,147.737948266881,18.1229909771819,0.330448914591545,10.0505802488797,0.123454758779639
1722988800,55129.7410376973,2346.30540765634,56.1223980667665,0.605670134697321,312.921456359695,0.095685062799365,0.101732394144438,145.702270547317,18.124813435771,0.324075479076821,9.51130846476807,0.124799482225105
1723075200,61908.7896724138,2686.68575102279,61.3611082158897,0.616724902242948,356.963626636404,0.107090069646529,0.102865362939876,158.541662201481,19.8658263583775,0.351898615278994,10.7247904370128,0.127083162955333
1723161600,60720.9407594974,2592.96081472823,60.5246100614192,0.580321859545746,346.731481259618,0.103631443283346,0.0998244256880916,152.882428306585,19.3894036608094,0.34758013333732,10.5156384893416,0.128200441349153
1723248000,60871.5550727645,2606.88256078317,61.1344111460033,0.585333890547075,354.427878674483,0.105096748635019,0.101248128034516,150.260841612075,19.3628550574354,0.345802873018509,10.5483263858595,0.129089107598585
1723334400,58836.1043722969,2559.00334541204,59.6226576044942,0.552133457734327,330.231874023248,0.100619561548066,0.0978380791655236,149.107954994369,18.4303549425515,0.328514289986046,10.0110834414001,0.12774836586496
1723420800,59394.1629538282,2728.85513383986,61.4722195449764,0.569272905586602,352.808399028253,0.107911357710109,0.0987699204280597,150.383571061989,19.1790047093396,0.3387815714824,10.5554840250822,0.126762510609079
1723507200,60536.2457846289,2702.50437317358,63.3437063647786,0.576067000285561,351.529858142646,0.106390772338089,0.0992598080401046,147.512759963291,19.1425096206448,0.33987602036355,10.5690884316048,0.128822208971407
1723593600,58840.6466797195,2666.7787238457,64.037747457863,0.569141527934465,338.339223189245,0.102648736400496,0.0967012444686955,151.217206788092,18.8552791416194,0.33548268598627,10.4049803726362,0.130536004530997
1723680000,57644.1876879018,2573.75496990064,65.2522093976063,0.561183130926886,334.779553993206,0.100299880747698,0.095565204952445,149.175851658565,18.5704953663671,0.325578980738534,10.1778330201443,0.130153006124905
1723766400,58927.2765087668,2594.49798275862,66.4502462754422,0.56430177254367,338.311251828162,0.100354842354649,0.0948449103785193,148.756132925757,18.7393649012152,0.330097405927651,10.1381827254983,0.134096399547473
1723852800,59414.6743351841,2612.18551811806,67.5873668841267,0.565899318720031,340.935370039655,0.102725572357569,0.095539250149553,149.96551667155,18.7445931567465,0.336539514827998,10.1470353451016,0.134837415509417
1723939200,58793.2061458212,2624.79728404442,66.428798178637,0.566397207482209,334.696313142425,0.100529742840184,0.0936275468644558,151.246384036614,18.6508361024869,0.335378490950038,10.1436805346513,0.135268904781315
1724025600,59411.5190169492,2631.95879164231,66.2776648947961,0.598151981206893,337.881848776327,0.101125522306387,0.0959547201800775,155.003899172414,18.9465624793424,0.336431286539498,10.1623229626533,0.143163116123719
1724112000,59123.3002662186,2578.04840677966,64.5539047066721,0.594331797570506,335.409632600973,0.103190955705098,0.0976727106680179,159.739259547081,18.9094942248482,0.343747657993267,10.2533709922762,0.160363280051816
1724198400,61133.0256493279,2628.34121654003,64.3772053539329,0.600008963143923,349.279273718381,0.106114671525517,0.0986017260835197,162.017858380244,19.4869050321134,0.368864083150227,11.2087899089682,0.15391556433729
1724284800,60394.4737749854,2623.24894301578,63.7835562545891,0.597612247972914,346.415956667752,0.105331448230196,0.0990444324679359,168.815344652094,19.4955940235618,0.376390793126521,11.4568972514137,0.155567102802243
1724371200,64106.8029152543,2766.0674465225,66.2430117286997,0.611464831707958,365.437908525493,0.113166323524929,0.101880131717527,173.310871950647,20.6240841561054,0.39079835671056,12.080795388199,0.158579652089928
1724457600,64023.226703682,2762.00674167154,66.488627793358,0.61261898832702,362.877819958873,0.112346139536894,0.102471441033147,168.922921499559,20.6030662806436,0.393731697922532,12.3217935539715,0.158823778180323
1724544000,64498.0183413209,2758.14644067797,65.0341488205652,0.601674268586163,357.402398049159,0.11016385967841,0.101197349610396,167.239421205262,20.1670716678834,0.386274316972346,12.1525331322675,0.166695719407589
1724630400,62983.4427729398,2686.35025511397,63.3092954428669,0.588199244923363,342.785743628271,0.10539591357736,0.0971824607446136,166.878415187029,19.4893661942038,0.367656077626147,11.889036034097,0.161828423248775
1724716800,59548.0076215663,2461.3474126242,60.5230397476969,0.567841240307806,324.545953188035,0.0990078602698883,0.0938462281176005,156.053239683818,18.30061278698,0.350435552926789,11.1627384693658,0.158002511993712
1724803200,59100.7747548217,2529.46513705435,61.8720078028765,0.570263826893976,322.599832579504,0.0996438097420242,0.0929276067717118,158.034772489421,18.583749043685,0.350394454722651,11.1922982842284,0.15817247171795
1724889600,59339.7909947399,2527.16763500877,62.3429495639371,0.56141682942206,321.994928480894,0.100318061069602,0.0930336803180472,161.705998887391,18.4669647335586,0.355655919663685,10.9248294438411,0.159963599267149
1724976000,59142.9399640561,2526.79224634717,65.0023141567508,0.566759367827946,325.198073112179,0.101648316321747,0.0932133986935034,168.265762335159,18.5875324572672,0.347080970552993,11.119274522866,0.159909625051191
1725062400,58959.926273232,2513.39798889538,65.0350937296327,0.565971679815896,322.16014846717,0.101276077651901,0.0925356986645731,169.078662350332,18.3866242590679,0.344923537957577,11.0166258317669,0.157698973289508
1725148800,57349.0807180012,2425.94320368206,63.5172307385479,0.5475271845917,312.597606442376,0.095369459318509,0.0899588805694468,169.354770935258,17.6269634442513,0.33138250950931,10.3526869602135,0.155491352416028
1725235200,59159.0238877849,2538.60750350672,65.2825065411896,0.567686653537833,323.723464727232,0.0991268142180427,0.0924091604254795,170.041380541467,18.2781463719048,0.336106726885827,10.7619341384937,0.154085351724774
1725321600,57637.7754444769,2439.80527352425,64.6248878660327,0.559269848838282,310.370244664337,0.0969566187151072,0.091550901554791,173.147834984075,17.7125386582807,0.31968093572376,10.3359153529712,0.150479986629027
1725408000,58033.3989704851,2452.92774605494,65.4735199471448,0.558611561748783,315.366031801489,0.0981266407410117,0.0917489044025295,171.132978876625,18.0846723019529,0.323744102000185,10.3492620167738,0.149950409556969
1725494400,56112.9529400935,2367.16648305085,66.0255598432001,0.544040760252272,307.253212902437,0.0983545372910198,0.0902618714307002,172.689915953691,17.600120131816,0.324845331340006,10.0122936816713,0.149822362716289
1725580800,53838.9534623028,2220.58200146113,62.9290650113955,0.521082764569447,294.341891225357,0.0923107772873449,0.0880439384714399,165.286119024019,17.2689132861375,0.31434857082483,9.5623536113965,0.147822383837696
1725667200,54066.4399248977,2269.68727060199,62.0008696475253,0.524373219503976,299.072120105839,0.0950524618652138,0.0884810913019839,166.754188662855,17.5960215732607,0.324384608628107,10.0077803795763,0.151444515257997
1725753600,54859.2584082408,2300.06839947399,60.9475179814698,0.529479146081574,305.58255415343,0.0960833007529526,0.0899150551886848,171.603922351083,17.9591713264439,0.33844362254604,10.3405893916742,0.15314274806347
1725840000,57135.7814371712,2362.04203156049,61.4871627708766,0.539957087651001,322.807699340913,0.103866817734914,0.0931267769706593,170.934512348307,18.3784827905019,0.343783956092033,10.5614849476427,0.154522834333343
1725926400,57664.4998214494,2389.51632524839,61.6131834855942,0.541183267081027,329.724353036711,0.102787439198027,0.0940435510423359,167.252508548318,18.5938049769685,0.343631035609538,10.5954880708484,0.153081881475894
1726012800,57409.1950663355,2342.307735827,62.1518551547289,0.535340379147806,337.425918323483,0.101389596158446,0.0929098025298378,173.426943103847,18.4692603257545,0.352882477337032,10.4050329552269,0.153302968180621
1726099200,58124.6418065459,2362.33115809468,62.8351662114956,0.562231059076459,333.037263852337,0.102841121254767,0.0948830175807343,172.617195471587,18.5495327130044,0.356249284301715,10.7793879315199,0.151970280583502
1726185600,60536.8814503215,2442.77219959088,64.9208117865502,0.572288985402198,335.546108725682,0.106849296204965,0.0963592119584265,170.347797777842,18.8417716961944,0.360635404000613,11.43336933854,0.149086773691741
1726272000,60007.1702507306,2417.18522063121,66.0120278184514,0.596906980195688,327.211610735094,0.105461645392801,0.0971768254965098,169.228431665873,18.5979755614369,0.35440071572623,11.2928131089905,0.147472783243372
1726358400,59129.9197536528,2319.29052425482,63.3484425404646,0.571278615946029,316.503786521557,0.102879032651316,0.0951613891873719,170.250638753893,17.8206988947568,0.338202609765583,10.8344799354877,0.14877820347451
1726444800,58227.46421654,2295.19158971362,62.5594483897326,0.585419352181453,311.904103068979,0.0996566472611948,0.0949362656052361,170.169062955251,17.7414607139291,0.329871916583707,10.549107842038,0.148813012724041
1726531200,60238.2177255991,2337.065764173,63.6648822604111,0.584470258943764,313.76148037956,0.100982595977217,0.0945137362270875,172.418458763116,17.9755657543503,0.333736453769787,10.6113001618653,0.149920976497575
1726617600,61306.2337317358,2358.79472209234,64.5987967209551,0.584400433377064,319.850330207591,0.103164310977044,0.0956640723123528,171.277800501417,18.2168319169723,0.341556579451997,10.8052169690332,0.149445996942082
1726704000,62994.6096528346,2468.43390606955,65.5224269717488,0.587617769377963,340.398103199267,0.105184850349813,0.0960096865791352,175.328531716506,18.792392747477,0.351017316597885,11.2181561056086,0.151393434124033
1726790400,63153.9518270018,2554.7331440678,65.2216314234278,0.58521254576939,335.377530162047,0.105384898620692,0.0961823856219835,175.705412199645,18.9521907107107,0.352090888554533,11.4134210746516,0.152007672427442
1726876800,63367.7296078317,2604.74345555231,66.9467050100232,0.598112245307,345.512743276905,0.11002593341085,0.0979929985897042,177.208014699213,19.3604283986439,0.358412969625109,11.4794643375872,0.152188918499795
1726963200,63571.9521729983,2581.10804656926,68.5281558240392,0.5875120498942,342.637174012593,0.106278539484026,0.0960453510808256,176.651077334686,18.8844780267338,0.351525553903146,11.1213195653084,0.151830951496968
1727049600,63336.0126347165,2647.93771518995,67.0433603495174,0.585288321192466,342.477241642631,0.108116250259268,0.0962450789179019,171.918683666308,19.0986588017842,0.363632515249109,11.3925496486916,0.152365352387254
1727136000,64342.7891113384,2655.48809611338,66.7122796859795,0.591432671824313,348.27928580278,0.109709435410932,0.0967853121079193,168.905360864688,19.416156301162,0.387234679887757,12.1597871930511,0.151227983814897
1727222400,63059.6269167154,2574.79220370544,66.5605362886619,0.5832392390867,342.816215259063,0.108400498108874,0.0958788141584697,165.091885722155,19.2834112878517,0.380153026640547,12.1002562292857,0.149908598789834
1727308800,65057.7861461134,2629.70874305085,68.4011339378964,0.589764918579765,351.595715409768,0.117887904169762,0.0978753674548221,163.780858950953,20.2654367210433,0.400871489070886,12.5229114786049,0.153202031752694
1727395200,65767.7132542373,2698.19885336645,71.0810056068954,0.588636314550471,358.855295884338,0.123804562275952,0.0994075145393066,163.895134078233,20.8473817189868,0.402085753629794,12.6901446596756,0.155099676272303
1727481600,65770.5276478667,2674.69768520748,69.8608577699459,0.61387071906041,352.503868199359,0.128329721231898,0.0995020199689115,158.24558326163,20.5375577602064,0.399651510936453,12.902045052465,0.154979157553377
1727568000,65617.7610689655,2656.30026287259,69.3401466897658,0.641539841615235,352.525194718302,0.124851988707332,0.101583881871942,153.130096333589,20.446977456902,0.397171448602036,12.4724981332753,0.156515579253834
1727654400,63260.0425482174,2596.25469104617,66.7530191988342,0.613209811814985,337.20428216151,0.114316508197308,0.0987085556402764,154.239411854768,19.4502635627957,0.373565069967632,11.8333669288655,0.156039317407095
1727740800,60858.2487086499,2449.82723258913,63.375689914201,0.597293423991586,318.031954153178,0.106925448992153,0.0938224944259467,144.445333986484,18.4157765332517,0.351993387862611,11.0260804291721,0.153600369586633
1727827200,60686.0993135593,2368.07953022209,62.9156487057733,0.540555034186415,316.230475694984,0.10488230006071,0.0908150175309092,136.744196562423,17.9530886316454,0.343923135000909,10.6567330959374,0.154476876119055
1727913600,60765.2367498539,2349.50757675044,63.4023952803852,0.522430066594062,320.067404126416,0.105096003478815,0.0902061689539445,144.516904404312,18.5064507557475,0.345193205295001,10.6450176718302,0.157569590184128
1728000000,62052.5100496785,2415.12854195208,64.9071236110127,0.533927791906448,323.939997558325,0.10906114233193,0.0917838449490816,148.497893317296,18.7467682750484,0.351295472520636,11.0581490194114,0.156522957257997
1728086400,62030.4538977206,2414.33166548802,66.1918918826555,0.529520688136595,321.291034181678,0.109460583334007,0.0920511537429288,153.060222436222,18.5352459731679,0.35033329156491,11.2445744119642,0.153541203253881
1728172800,62789.8814555815,2438.50270520748,67.1093056723531,0.533620776444484,324.43821778374,0.111472232949201,0.0923610088987816,147.668215886902,18.7490973916568,0.357468369617807,11.2752743247007,0.154240755331433
1728259200,62416.508829924,2426.58129005845,64.9655496935305,0.53099877805307,325.084483342172,0.109328461066037,0.091349233341953,144.794685431415,18.6273293269125,0.352355430827315,11.1819669642572,0.155932108795403
1728345600,62126.3273769725,2439.58985277615,65.6158904357987,0.530029633380362,328.22680337653,0.106890078410591,0.0898064055457048,149.170397110861,18.310953797555,0.344050220957919,10.8183318410507,0.159751462216174
1728432000,60615.2581917008,2367.17415046172,64.5395766695337,0.524443673711354,320.544218792897,0.107835063631012,0.0897502555471303,147.172516104059,18.0967643921554,0.339579009770291,10.5265074975753,0.160430227059338
1728518400,60221.1172869667,2382.12349206897,64.2256508362811,0.52963738086621,322.348351782133,0.105960033618484,0.0898997575913736,152.641636102443,18.1669589015234,0.338678939478353,10.5370375586612,0.158680138637127
1728604800,62462.539962595,2437.69309236119,65.5084161650185,0.538421937893791,326.927739066477,0.110827943122676,0.0916844672620557,151.7481584376,18.5758795007021,0.351289046074746,10.9068976908018,0.159844032947187
1728691200,63202.8806992987,2478.24114976622,66.2123291299333,0.53957696698889,329.53224474052,0.111371223306577,0.0918146009448962,150.431232953967,18.7693553542923,0.353288519156328,11.0146096615172,0.162590357155356
1728777600,62759.431113384,2465.13859485681,64.7007311618306,0.531204464626582,320.842989546043,0.111236715768953,0.090221534186606,149.027896608572,18.5316335885338,0.347536125117783,10.7219430143155,0.162445301662077
1728864000,66089.7587410871,2630.9286433197,66.9552371288279,0.547858612525707,365.146397514636,0.11671816533596,0.0933117675954854,156.670800288583,19.4786444096911,0.363736135499625,11.2620313230365,0.160481365086115
1728950400,66933.974833723,2600.52300350088,70.5841036562452,0.540746016404357,354.038729260119,0.116897770300165,0.0928450441819857,153.102364202395,19.3160109731695,0.357725017999511,11.3926486690994,0.1587834685571
1729036800,67662.9534038574,2611.98719444185,69.9973218405818,0.548719647306587,365.4869747312,0.125932259199921,0.0954579261501712,155.794622060064,19.3848227672263,0.353120912350576,11.2467007808512,0.159919804034615
1729123200,67337.9075482174,2603.24426974869,72.9781534827752,0.543761898813774,369.95539434649,0.129012500865229,0.0950887801229316,157.952276872075,19.0322534790118,0.343132135475771,11.0187218670586,0.159552591048443
1729209600,68390.5375625365,2641.44743767972,73.3093460167417,0.546228591137604,367.035944696358,0.137461798822993,0.0966246478574154,160.229447744009,19.3445508229352,0.35047101768468,11.466047823171,0.158764732507277
1729296000,68357.8982963179,2649.70135015196,74.9643008457535,0.54417682079066,364.003373326445,0.144678836725127,0.0970737200954947,160.313370215857,19.8874052308476,0.351704967280308,11.4231853974011,0.157109148003386
1729382400,69012.3532089421,2746.1167819813,74.2276797103465,0.54731604961261,369.358432057797,0.142264676221723,0.0971413712303452,163.339232744546,20.1805645946633,0.364638357291084,11.9801176485476,0.156678114277269
1729468800,67440.4625058445,2667.32642119229,70.7296677665273,0.544780922051498,363.965981879499,0.143756641716272,0.0955188291830685,154.913196841742,19.4333066784949,0.3611963197617,11.7108589521053,0.158331441883754
1729555200,67425.7553211572,2623.28308167154,69.9212335071861,0.533745964008768,357.437314090211,0.139731804388135,0.0951425542237284,157.220174563614,19.0501067813746,0.364199441867178,11.9891136408375,0.160188271330798
1729641600,66647.2866642315,2521.68281196376,70.0689464488712,0.525645078174875,347.773208597824,0.139559113322786,0.0944398891111342,156.648772301753,18.6197802669662,0.349708707189548,11.3164508486704,0.160190819596037
1729728000,68130.9948369374,2532.13962009936,70.9995326387501,0.531383777574153,367.178184773545,0.142159873053411,0.09664216416572,157.038609113668,18.8517171115926,0.346118893358343,11.5643796445274,0.16450316425845
1729814400,66261.5376861485,2415.20924174167,68.2163271116498,0.499100542221935,346.962141489926,0.130329490109429,0.0927993231179044,156.789519448618,18.0889918814435,0.323703301733091,11.0263750970584,0.162253453976719
1729900800,67023.3399611338,2480.57950252484,68.3505419124865,0.512372263305126,348.050253096653,0.137370903065917,0.0940884498086776,160.185086512041,18.1976309870884,0.333229126411289,10.9998957813436,0.164892389947447
1729987200,68000.1475008767,2508.49473361192,71.0233485142012,0.516653779922597,352.307094141623,0.144504794160567,0.0942173282438791,163.228567712588,18.4013303798696,0.339866031808279,11.002695994649,0.163912669423084
1730073600,69862.5205470485,2566.18526073057,70.7578609251422,0.519173384519502,365.502727512892,0.161079125156475,0.0942392513980144,162.93556716332,18.9959389526902,0.343840665443226,11.1855211566564,0.163991690750404
1730160000,72678.7866201052,2635.21967112799,74.0374776448865,0.527757638948773,385.397236124235,0.175590077437426,0.0966342304301665,162.361724176721,19.4165767381437,0.355645355658897,11.7781730734462,0.166195901750646
1730246400,72450.2843819404,2660.86723967855,71.916102221105,0.523437994425145,370.463517067884,0.168648876228379,0.0949448294147898,161.994688389857,19.4894250992025,0.355534354643704,12.394372550702,0.169360907786613
1730332800,70367.0819576271,2517.78620227937,69.2706355157097,0.509609048467293,358.815030730745,0.161709637058436,0.0924762408279072,156.131994157403,18.5993460894776,0.342065238698447,11.4382635907589,0.168205383031357
1730419200,69483.5830303916,2512.4960977031,70.2048209367832,0.512792309679322,349.543615211324,0.159093463479228,0.0930111028959021,156.274621152561,18.4524481138772,0.356785674530633,11.2586779322123,0.167328428846782
1730505600,69241.6794865576,2488.87335008767,69.0699775842506,0.509314642177834,352.871870778261,0.158537498993126,0.0925590784219522,154.088115127206,18.0830874678878,0.346907385905071,11.1571343884335,0.165963656705759
1730592000,68742.7546227352,2454.59679184687,66.8507946204117,0.502673631839285,340.449882593082,0.151439104530204,0.0905773904768256,156.696608042004,17.7727053079182,0.334064053632449,10.7535994335533,0.165151862657251
1730678400,67779.0969795441,2396.6696369024,65.4552634859339,0.502721716478322,328.933868917515,0.157665135949443,0.0911208437226694,157.683861014694,17.583080674563,0.32585448222727,10.2476695530858,0.162841736936411
1730764800,69538.0241729982,2428.97334286967,65.6896819615494,0.513953251480997,343.591739858052,0.170904253452604,0.09350398521973,157.996429264989,18.2408705774737,0.334155280684077,10.8591276760786,0.160148812921716
1730851200,75696.0366192285,2722.98460712741,71.1185942749199,0.543288333212422,378.789816072256,0.196985362851776,0.0971879430933989,161.302644760807,19.6702206854249,0.363200794369111,12.1862537543189,0.162587911590199
1730937600,75972.2955546464,2891.87561452952,71.5230334810795,0.554633134442109,377.5629112166,0.192785545619683,0.101882744018389,163.164935858883,20.2487689002538,0.401324252665607,12.5872236591349,0.160287581524695
1731024000,76507.4474012273,2960.26662137931,72.7789794766413,0.553718456770469,377.610235021382,0.202161999200692,0.101187738256491,165.750720763838,20.4070694758111,0.444304846500357,13.6975170640787,0.161026024777288
1731110400,76799.2527469316,3139.9864959322,74.0153520505823,0.559790163304514,403.851736795155,0.218385264185431,0.102152762134909,163.67195563782,21.7627246840107,0.486348328071298,13.7763224272792,0.16197321684214
1731196800,80409.2865666277,3187.53665137931,76.3704382626377,0.588877022260909,440.448828310468,0.276206966900255,0.108357396627287,162.218418260365,23.0719177974805,0.589033099298981,14.2616197379766,0.164016431956076
1731283200,88859.998448568,3370.23970491526,79.8758057722535,0.619779888373845,473.041373387532,0.34446524010768,0.114327868032714,157.497261477026,24.2832497447923,0.612369368693091,14.8344657519818,0.167813093339937
1731369600,88048.7488877849,3255.13258195208,77.264277872103,0.710514543219755,435.939248509706,0.385040385205233,0.13596457409459,151.07246874667,22.9172338395269,0.575723061831397,14.0491853052453,0.188201893984715
1731456000,90369.3819693162,3190.90423042081,75.4866013265134,0.690791718792237,439.352132442388,0.399462054331095,0.124293681407639,150.380275029991,22.0772145916827,0.579142176084358,13.4663266791582,0.177089745381236
1731542400,87204.2569827586,3056.41021270018,81.9384518377653,0.771997669042591,413.854061303627,0.360837106323382,0.130353952884581,146.318362346381,21.7615083654246,0.577414558833461,12.9476568663482,0.176495575177151
1731628800,91139.0844427236,3097.45939781999,83.7035379311589,0.891829861542283,431.410116233151,0.379557526219645,0.145694907897091,141.48630037942,22.9831137780123,0.697753442752148,13.8280695548875,0.18969703464344
1731715200,90567.6957568673,3134.3861396201,95.1619695693258,1.12656295416103,462.611445666759,0.363311624774131,0.217060822013487,150.607123378233,26.6848268099288,0.739416584744625,14.5216426672422,0.200137341308025
1731801600,89732.9704292811,3070.19103244594,86.9283215936855,1.0592600425337,430.819930636884,0.36498788112387,0.197635994320673,156.441482958849,25.6045211961542,0.702449074915949,13.7421364009162,0.199313933790378
1731888000,90587.6965534775,3188.88800258329,88.8714369708686,1.11842283488512,450.418006130772,0.371221698710495,0.233978100458044,155.724031420174,26.7573335698633,0.7359398609011,15.1520019020442,0.201492810913417
1731974400,92254.1385800701,3111.79278153127,86.7817797407534,1.10193930194231,446.978701426429,0.390347408459773,0.232237613091361,162.312620721238,26.1466668516771,0.738314367701147,14.6445850574187,0.199746786338132
1732060800,94160.0406858562,3073.4292378609,83.7679235443347,1.1063788707978,441.224817771614,0.378922041038118,0.248329587895104,160.935565625016,25.3940518585165,0.803848228932444,14.2871420326325,0.195179013788429
1732147200,98545.5688798948,3365.32873022794,89.3856809188426,1.22759872889217,486.399425522952,0.387211064251374,0.258535475960504,160.86106840012,27.4527568177406,0.818137016250033,14.9160437582703,0.198601379365511
1732233600,98938.3495450029,3325.37564151958,91.7276635228231,1.46265166340083,489.289335894925,0.411469422430684,0.341635169093518,161.912461384792,28.4165037938455,1.0069302097713,16.4050751213107,0.204701277917611
1732320000,97707.0484590883,3397.37147417884,99.2296040725241,1.47206683252063,508.807444614234,0.430887542775229,0.510205945208505,161.547372373815,29.6608030232781,1.06894132373237,17.4293631620273,0.211976298486692
1732406400,97980.2082819988,3363.87790965517,97.151876727886,1.43725663271819,515.577027228672,0.430914537310196,0.542428828966467,162.559753006723,28.9204816744839,1.02621692706994,17.994115992215,0.208916623073966
1732492800,93343.0290745178,3429.90259469608,92.6216469719688,1.41860006444663,493.288286884666,0.393616354430699,0.485642411016393,156.545346949826,29.892063735113,0.949502322378946,17.4768134212297,0.196321614045848
1732579200,91875.5699593805,3324.46444980713,92.521438845818,1.39897996803758,491.699222552051,0.384625944378009,0.438643778412457,160.613493597075,28.2765157007419,0.958384862433357,17.2952504358063,0.19389367976691
1732665600,95989.0802273524,3669.22970552893,97.4656645987914,1.4730995053187,520.278263434343,0.402003022324498,0.482901562848512,155.942002939206,32.9824136001771,1.0122597213065,18.7389589613545,0.201461391750223
1732752000,95737.9402822911,3584.20799540035,95.8314909373934,1.53034286039043,511.853426579577,0.402527956310164,0.496177183267147,159.700438419671,31.9785775541192,1.03315629509835,17.9871891919481,0.203345396990095
1732838400,97398.9417399182,3595.61403426067,103.574481077571,1.80072846726813,518.526085788884,0.425642739922701,0.540744214532364,159.30760202354,31.9527227365645,1.07151715129228,18.3023073199398,0.204562665215385
1732924800,96463.6248980129,3713.2009461017,102.675595937251,1.93706635721928,525.042564206792,0.422311284757106,0.526833543957383,163.092268909879,32.8213622276075,1.07923541343057,19.079252381504,0.205369290307066
1733011200,97469.6044529515,3716.08112306254,119.750320849695,2.25397027572323,532.133346385678,0.442531858104985,0.552299483285191,162.696718099916,33.2581201014186,1.14888749854228,18.947863636248,0.207396354617535
1733097600,95726.4417258913,3637.08652127411,134.662572407886,2.72664862867931,536.58794895394,0.423965942420445,0.53840558169014,174.040405483018,33.8508446300857,1.19977492325402,24.9916512373729,0.219642070651886
1733184000,96010.8774228521,3623.91165189363,132.395509313773,2.54050873259326,580.778319823737,0.408890555816616,0.511024575648887,200.606620184871,34.924459252001,1.19964815588407,24.3076177296713,0.418151730866368
1733270400,98920.2528255406,3844.66120870544,133.386918569487,2.33872818012382,581.791129021868,0.427135670083817,0.48643721324767,195.120248750486,37.6271996333857,1.18229311708397,24.0364793321633,0.328578609188853
1733356800,96949.6644117475,3794.68684265926,136.163351815693,2.25318562724993,589.663730265903,0.428626960035923,0.471667351498183,192.845790249109,35.7353015326882,1.16490348793355,23.2745896420353,0.321402825338227
1733443200,99953.1056580947,4013.46741083577,136.010048967973,2.41564537730086,619.810519295587,0.435611044385079,0.494359257069987,198.769044047888,38.541077188865,1.23107847834472,25.800246972943,0.324372186095974
1733529600,99977.7002282291,4006.19300609585,133.7997703876,2.58973778101091,610.55209890648,0.454731038864816,0.50242478381126,200.83389929405,37.3678170193613,1.21324866973334,24.8388481677702,0.319891564311574
1733616000,100798.98356429,4001.64654687317,134.830417749213,2.60686088206281,620.949279629851,0.465420698203816,0.493319151714733,222.252489203413,37.0342933913523,1.19298508577364,26.1640864254088,0.318146518979186
1733702400,97390.1988597311,3714.17625189363,110.460240277501,2.22405764104908,552.802783117579,0.414373589651746,0.412022875610881,175.63524721178,31.421899518165,1.00646656094522,22.3509840090665,0.261780324529299
1733788800,96835.5017387493,3632.35232690824,109.911882789866,2.3713742580297,516.665902215189,0.394382129917968,0.434572206701331,178.272986213435,30.3096981732965,1.02079182931736,22.2709501929297,0.270670510253395
1733875200,101310.201899766,3836.84683938632,117.836098878843,2.41641494335498,548.391255091186,0.415512968474518,0.438010332910746,199.443668456118,33.6767366476406,1.0905463669782,24.1062662950301,0.282498743726665
1733961600,100090.890479544,3877.04927477499,119.199112783194,2.3434748497235,539.871193420033,0.405972922416574,0.424572632464483,199.481011846251,33.7726205565492,1.12256052038446,28.8268401291164,0.296462205315306
1734048000,101289.823976914,3905.45213670953,123.90249848446,2.42471336939245,539.947691721202,0.407146357799469,0.436424585005189,206.628845599093,33.9177637032082,1.11639121679073,28.7428526047582,0.290047810106302
1734134400,101366.87166803,3868.60262611338,118.141742112026,2.39963644057168,533.611580603897,0.39813161591215,0.424702919999053,208.726846900153,32.5699563722511,1.06030739515459,29.0738767889907,0.282129848073795
1734220800,104551.367141146,3947.67114785506,120.983643165553,2.44429182418864,546.040282131148,0.406975028268765,0.430582085558994,220.489162063295,33.6142753481747,1.10127890447857,29.3346956917068,0.285091439900364
1734307200,105855.672229982,3995.17742504968,118.275826883325,2.48852597862434,538.595755095125,0.401769560718802,0.420034874232635,211.277122886829,33.2665564448258,1.07994422858325,28.804761499833,0.296513609973833
1734393600,106115.910582992,3877.73844905319,124.030131065948,2.55381585026501,529.307548395462,0.393859912196652,0.427263667729613,214.294277528271,32.3515810871947,1.0511407378811,27.8390846233651,0.27905698885129
1734480000,100469.770656926,3636.53763153127,109.010832968073,2.31034770093664,481.691259779292,0.358541477761637,0.396652184730775,213.537191033009,29.5135841039789,0.971511050873924,24.9458449892773,0.258568714030266
1734566400,97697.045779661,3429.8707307481,100.02494144353,2.25572170396224,440.917965168941,0.316193191582731,0.371466299177034,195.847035856473,26.9210255759767,0.886340860922144,22.9095330506988,0.251922468725011
1734652800,97617.4422051432,3471.52409931619,101.414226508673,2.27476674234782,448.961992744146,0.317827831528221,0.374410398173581,196.723697638851,27.4514848535447,0.950374984401118,23.385404758443,0.248507921933265
1734739200,97093.0190832846,3328.83602427236,101.121421345067,2.23287928288473,454.595868117365,0.320384014779468,0.354482873871552,182.783721754084,25.9822821792622,0.90249705517454,22.0305280443394,0.24430480699806
1734825600,95149.1058252484,3278.34651976037,99.5878395189932,2.20181711775617,445.297741654405,0.312344422286689,0.356440883926488,190.754037460253,25.9840584222458,0.883397249078437,22.0684056311054,0.244056331777672
1734912000,94800.7562060199,3422.51642397428,106.405324219451,2.25616805308059,460.732389529896,0.324067417385073,0.369784105112534,190.921491979211,27.4998497998508,0.924983018309533,24.4790559591151,0.252409733515739
1734998400,98637.7330543542,3494.74814554646,108.303242675076,2.32475779839394,470.327278240955,0.336910216495006,0.401616046509023,189.53528091655,27.9598915540503,0.936332261653625,25.4884825472946,0.256266023552402
1735084800,99235.3678869082,3490.75329557276,109.39318196678,2.29540341394369,464.238100453624,0.334166746920117,0.382515356345872,191.038206914681,27.272131294089,0.916059393733051,24.429640829918,0.257586787089263
1735171200,95628.3030902981,3325.23435792519,102.033939647264,2.1536635709591,436.720843205623,0.311610792488526,0.354097283640193,189.240163048739,25.8131995659042,0.85824355865764,22.6362967925173,0.253102580210131
1735257600,94219.9821461134,3322.09507143191,100.229080196715,2.13909701741814,439.447962719276,0.31077438584119,0.348801173714499,192.361645260259,25.8766532961363,0.872944579980511,21.4763129196913,0.258660913780359
1735344000,95123.5811098773,3397.09541658095,100.578586817927,2.18216264460022,450.817148560762,0.323820043203708,0.355543307296375,196.758713579875,26.5162979344129,0.887865541950969,21.9692050571487,0.257896816108072
1735430400,93457.5783202806,3346.92836869959,98.0120879297277,2.08970777006433,437.461224944458,0.313864127469164,0.337307375952361,191.983021283597,25.4727619992378,0.85648045419566,20.8930256846738,0.256980534833582
1735516800,92523.163085038,3355.46704853302,99.0570510433235,2.05449106425893,443.192634649265,0.312933128205495,0.330794157404591,190.463335386972,25.3718675623071,0.857827466496555,20.5373880528417,0.252642694180347
1735603200,93389.7326016949,3332.45484545295,102.974783431693,2.07793931423552,433.892488435371,0.315561994021735,0.331146356578064,193.144974586698,24.9943076471832,0.842953674769493,19.9739459248184,0.254132331073878
1735689600,94455.7965718878,3350.89031195207,104.774930088965,2.32038287115018,449.399485765146,0.324371688664993,0.422847741642372,195.250384015708,25.7572043714406,0.915813572293524,21.5783406350673,0.255307482185841
1735776000,96851.393682934,3447.58794734074,105.205037311131,2.40340283573674,461.287446936944,0.33853522610507,0.434360089050774,196.987804043908,26.8640358604538,0.961728988103544,22.040077517595,0.265081197910303
1735862400,98120.6846759205,3606.25034468732,112.875448443374,2.45578134796648,473.088088856535,0.380095320688078,0.449699862234733,200.880391427713,28.3996586817987,1.09366379562443,23.3930287036508,0.269819970273581
1735948800,98230.0478571011,3657.79189278784,111.209882513055,2.42167742289663,477.903892889892,0.394159871078109,0.45090634268268,193.94441635431,28.3972098503909,1.07147775308277,23.6357381542363,0.269893226127446
1736035200,98414.8120964348,3638.22340260082,115.330374798227,2.40449349519232,471.061215196597,0.382312092522556,0.442022495659918,197.173602653216,28.1320253701163,1.09635066465415,23.6319692099077,0.262687849762128
1736121600,102179.560366745,3683.0759798422,113.840439430952,2.41709920488733,481.846229762887,0.387200294388729,0.445237079679768,203.683748766323,28.5545373340466,1.09347362794876,23.7751292601497,0.268524109409237
1736208000,96974.9957857978,3382.56745979544,103.0232414116,2.28008704478301,438.105661063218,0.349577343519907,0.419616297049004,194.31343981453,25.9991387891455,0.995621012805505,21.464478680121,0.252919985064001
1736294400,95039.2809210988,3325.54302042957,101.546827240187,2.3750678026343,434.403775799994,0.342404377424092,0.426149317361778,200.278931286567,25.2608577627771,0.947926348493875,20.4831043038345,0.250448955683653
1736380800,92346.1691589714,3217.33715208065,102.283399666234,2.27757956092071,421.474115602519,0.320921895468229,0.392312508841391,190.441406802401,24.8610912625746,0.905593766612853,19.6443062743698,0.240010262669028
1736467200,94759.1196358854,3269.77400255991,104.42365851721,2.34198813621758,449.533041684438,0.334273254493641,0.41489886222499,199.339568864112,25.7176661284141,0.931816113929492,20.2957804830728,0.244416084466066
1736553600,94606.5080099357,3286.37892827002,104.50782641554,2.57162756126492,441.26914944567,0.341714544687048,0.445084890520628,198.119186112742,25.5799291333145,0.997749709842324,20.2133828272529,0.241163256691669
1736640000,94353.7752586207,3258.17217992402,102.166989280537,2.50065921397187,447.225385272172,0.335170990391272,0.422144133169812,199.727253762709,25.2006770670246,0.967592800381565,19.773147862815,0.232741722259222
1736726400,94375.7299102864,3133.13948922852,98.4405769697373,2.52096305896774,427.779826596386,0.337866727860683,0.419371352232894,202.582704331354,24.565606252736,0.944604851192537,19.3846487967692,0.222735307212984
1736812800,96569.475726768,3226.57956712449,102.290970917488,2.66681034926936,438.271472834962,0.356522671996168,0.429624641221261,205.505712719937,25.4165832740662,0.995597538976793,20.3307173241188,0.220975015794092
1736899200,100172.405985096,3441.04207023963,117.114090440623,3.15723083835029,460.759744503163,0.385481222670558,0.489673824795137,207.792145076082,27.098145664517,1.08055961464018,22.0620857553672,0.237615153669538
1736985600,99977.7298234951,3303.13442745763,123.880151154962,3.22990846805579,461.549104896189,0.377088460404423,0.481721074662779,221.000096602546,26.6674237513999,1.08918029969127,22.9623695914236,0.237056056802294
1737072000,104296.588034191,3478.9034330976,136.616124524307,3.29709238350835,490.189331742948,0.414688203670663,0.487582973808534,231.363125011787,28.314246437059,1.13630444519266,25.1029991539273,0.249087151584092
1737158400,104398.156261251,3303.37311349503,125.141384363883,3.26011837078266,465.598779571174,0.396027950547909,0.486279482280274,215.961230201917,26.8654367584948,1.09273729960856,24.0280373013355,0.241816749143484
1737244800,100954.572281999,3204.0508971128,114.732819648355,2.94753222338867,426.614237991766,0.357008600451282,0.431281135045425,202.891142079127,25.3940699318097,0.988859919247619,24.2186583052826,0.228371315880985
1737331200,102588.998699006,3285.42927070719,118.692732238087,3.11709666303398,432.544174061484,0.356426774493149,0.448073797341499,209.348109835703,25.8784731181131,1.01243775673625,25.2167157798993,0.238997272829129
1737417600,105987.888705435,3322.64100092051,118.667153253479,3.1643902386959,446.34248672816,0.371075956540929,0.44179974513837,213.300731726438,27.1072203840315,1.00309723091262,26.5667227492893,0.244648648434919
1737504000,103791.128861485,3239.67506596143,115.185292303461,3.17035738815664,435.139674496685,0.362213666083585,0.42815336031577,222.694113967565,26.8080750219263,0.981530118456101,25.2924093139123,0.253507195971226
1737590400,104184.616743717,3335.84164436002,116.354824586329,3.12753428427364,437.495188482211,0.352748937280501,0.432249451032992,220.977806404262,28.9796936408457,0.989651166566495,25.6817710037342,0.25282813329552
1737676800,104716.12488194,3310.42760140269,118.455033826534,3.09676847989801,430.559959704608,0.350049990860163,0.430338181311029,220.908144696021,27.3603769744389,0.970376867228079,25.1859954693327,0.254193845901084
1737763200,104866.085348919,3323.46523758036,123.81882653466,3.11462173085135,445.85486885695,0.354744971603286,0.417918212364856,221.456409198866,27.0953626081367,0.978652928166007,24.9469223673642,0.253561250878961
1737849600,102833.369273232,3241.02101870251,117.909653201305,3.02812878738078,426.100845276629,0.336758345593937,0.407463012622796,219.131065952081,26.2243101953867,0.955569127214996,25.0411678685152,0.246892563481033
1737936000,101907.44629661,3170.49577498539,114.64795387283,3.04077551343279,426.325358631894,0.332398307456154,0.405814805885,214.000326969084,25.9008221115755,0.931733672682547,24.0665510610843,0.246245636896061
1738022400,101138.144066043,3070.75965838691,109.919821290786,3.05469531985291,409.356562789517,0.318187788553581,0.393122708694796,218.164304199362,24.8936564659201,0.913590433754287,22.5461268932504,0.239800767066981
1738108800,103918.795458796,3123.69937434249,116.137781011361,3.07794471490396,416.566594954894,0.325839214065491,0.394143318501871,221.906155323716,25.6327734322543,0.944948626942827,23.7738398643119,0.240737513937469
1738195200,104987.446410871,3255.85057013442,129.963500667715,3.13936910265295,435.790246994617,0.332162059141983,0.431534510707405,232.032980050273,26.3509044615768,0.96377686696941,24.5767653577338,0.252394064757583
1738281600,102263.043670953,3292.62381677382,128.172077937039,3.0360788021857,423.529127183794,0.32861110409929,0.4139706859704,238.762920974632,26.825704569518,0.942271802340878,25.0901353449156,0.253793792549773
1738368000,100610.290439801,3119.95137697253,118.922740254323,2.87463475049715,404.137979902377,0.307626418454179,0.392879904424484,234.090832733876,24.9855274982816,0.896353581467199,23.0328493774636,0.244469703382028
1738454400,97424.7809000584,2844.25948714202,108.303987772011,2.54729022728693,355.9650522843,0.262894046555251,0.349772113668639,219.736027778014,22.2883976046358,0.789282885605664,20.1879127758058,0.224305174186362
1738540800,101582.408702221,2877.57988457043,106.981401509231,2.69351233624457,353.070938704668,0.285725513300065,0.369971594869611,226.11922738883,22.04362511665,0.811143111043027,21.6696781723864,0.229151780012839
1738627200,97848.1497592051,2723.61294798364,101.358311279944,2.52857532942575,329.977451001964,0.263651469892193,0.341193278960772,219.791556758462,20.6319451141319,0.743549189461074,20.000320038852,0.224170843116523
1738713600,96559.3327562829,2780.85938369375,103.143560045406,2.38088215474636,327.573886792148,0.255911948787979,0.326664109581136,227.014591575452,20.654560453665,0.732804861361635,19.1598141066561,0.222455093521443
1738800000,96541.3006811806,2685.1318766803,101.38561848162,2.32313229927305,315.997071497841,0.248038434923173,0.317976357560625,221.566618519659,19.6844719331653,0.704657356176838,18.5693724018603,0.23151856413201
1738886400,96384.1109836353,2612.95292606663,102.818164847993,2.3879722429995,317.466241666307,0.245674434869257,0.326174780464756,204.385244123954,19.717716015998,0.704262687743881,18.2834031453005,0.229754120608762
1738972800,96603.318157218,2637.15946142607,104.67832709955,2.42580941523803,323.689075910555,0.253278226341988,0.332711044219992,213.735586753865,20.1672846789107,0.702524046023416,18.4670704283986,0.232219558794819
1739059200,96309.7532405026,2623.44384395091,107.229693098033,2.38953548280742,323.84113742919,0.248325821287136,0.313815155725098,220.102799230692,20.1095160361748,0.679578834966578,18.1742367195059,0.233412705417886
1739145600,97375.2253535944,2658.91628872005,119.53887167087,2.41824090839867,328.627938461969,0.254363892891382,0.311899588183314,222.491120244504,20.6311329384621,0.708298668151609,18.7274419818052,0.246390416115215
1739232000,95806.2580385739,2603.96649620105,119.673018517985,2.41873475469833,331.484280144838,0.253512053377467,0.318928509351598,222.357897968944,20.266374371115,0.780231225188864,18.6449195351688,0.241227943628219
1739318400,97756.4976548802,2738.64540035067,121.818109853108,2.47078407227391,343.140399186823,0.263710241578728,0.332267678435842,226.900041723333,21.3672479214796,0.796895724865419,19.1669574539144,0.243394967472251
1739404800,96534.7406332554,2674.91159789597,125.761609501774,2.54167892272128,335.269142946199,0.261970232111397,0.335806201562527,224.020754854849,21.1318380160209,0.808838555059874,18.5393212870443,0.234159843501613
1739491200,97414.3589821742,2725.08277761543,125.159401535499,2.73522163703133,341.431218745905,0.271484772709905,0.35004953939276,228.81606051867,21.3904812827287,0.799593512262622,19.3797834363628,0.231289289105211
1739577600,97583.2431767972,2694.22497194623,133.330103044438,2.76115560860025,333.011138343652,0.271884889126567,0.349014890758674,230.986187994082,20.8157669143473,0.781699894143633,18.9691043274437,0.237455564081438
1739664000,96182.2661706604,2662.06831794272,125.585490301154,2.73303518309331,326.679950699631,0.265826069240497,0.343197635329995,229.883139981285,20.4495757112748,0.77326426298271,18.7418248071596,0.24291391283474
1739750400,95790.5109985389,2743.38311601403,122.520083425557,2.65506373847171,323.818407762242,0.25806967818654,0.333786800806177,237.860184787757,20.9059446855561,0.806332627383832,19.0773014410824,0.238612641913588
1739836800,95444.031886616,2667.12430099357,129.169323609173,2.55887847202807,315.855426189546,0.250540106311391,0.323154699854595,238.08482693952,20.1550478978827,0.753631351877095,17.8389532791941,0.238820396763214
1739923200,96647.9132977791,2718.18351461134,135.389263491947,2.73503497204725,322.639428380734,0.254638279160465,0.340170457203288,239.727033948155,21.1987945103509,0.772996726675443,17.9882540772193,0.242380130270406
1740009600,98392.2197247224,2740.71687375804,130.021846990759,2.69290824942656,326.248660095666,0.254764480317567,0.345232127007809,229.429002749337,20.9693224234847,0.80418907236263,18.3098758984938,0.246563437576377
1740096000,96048.9937247224,2655.73961426067,127.708766439918,2.56925997890092,313.420352079031,0.239163258788702,0.325593929507693,233.038786703407,20.0604353642612,0.761307332063157,17.3831854234095,0.237251013920376
1740182400,96605.7091057861,2766.35815897136,126.104289612708,2.57769831427681,321.365209573427,0.24693580304727,0.334694830244626,234.669395849854,20.5015424991825,0.774804570617159,17.776422107194,0.2374102353111
1740268800,96091.6329774985,2821.85990298071,129.733626840696,2.57216236796651,327.670386843907,0.242577240679212,0.333011049701048,236.350489324916,20.7438313415438,0.768973992481668,17.6042550946889,0.245820853848668
1740355200,91869.6543430742,2519.49570543542,114.590170921091,2.2848043739653,292.457628810738,0.211034609048792,0.298842072576505,227.743261389016,18.6673865479032,0.68353913165357,15.3143929706168,0.240573131897278
1740441600,88769.7356265342,2499.3732150789,115.013323627139,2.3288148801432,292.250983449305,0.211778279737084,0.29646178443697,216.527642635715,18.9133035726851,0.685174990613775,15.3374316744712,0.231231905341266
1740528000,83987.89564173,2330.42813296318,125.918628290927,2.19420368939583,294.057760924512,0.202979873670678,0.285916069073263,213.027748118089,18.7319883289071,0.645714066292945,15.2413224440107,0.227105611507647
1740614400,84625.4191364699,2298.49650789012,126.573028635012,2.19666683776573,296.35716664185,0.206547925098167,0.28278182860367,208.607253948769,18.6737375744233,0.645017666392601,15.1092562109983,0.227879029455151
1740700800,84243.7779114553,2229.92881355932,128.530435452833,2.14161184106585,316.05044590421,0.201570869630499,0.285923862898792,216.625257397416,19.5356868197418,0.632722766102768,14.799794756477,0.232858268885556
1740787200,85844.3685628288,2208.95361747516,124.053533823125,2.18541434014851,310.75664409647,0.205935975742774,0.311075088616599,223.100072648686,19.014755951182,0.658727784121119,14.8005233849652,0.233540147667933
1740873600,94328.0094444769,2519.34991642314,127.662662709221,2.93077213561367,334.043244623479,0.239431372819908,0.350638571358155,229.498620085256,20.9825545628549,1.11498711490368,17.3511296517613,0.243857828082842
1740960000,86315.9305511397,2153.5997773232,110.246969299473,2.39999446496445,322.455947507974,0.199746959913288,0.293322838219846,218.931844276338,18.7960155510934,0.860320367886795,14.537537352132,0.231144302774783
1741046400,87323.690650789,2170.0642106955,103.194983182178,2.4574369604984,320.07609775202,0.198745346563363,0.295020320462291,223.727253436663,18.9457132424811,0.941674589376816,14.8553150348055,0.242154533211549
1741132800,90619.4090976038,2241.06894506137,104.830677027179,2.50270815783649,393.387731651024,0.204758605912488,0.300269508888681,227.590953241783,20.5634764658353,0.979394418178055,16.4717751817623,0.243750156693976
1741219200,90222.0693275862,2206.33553331385,103.492244524022,2.60260998713661,395.318395746291,0.202262917441581,0.296968965115239,228.407212302706,20.0296332281093,0.90955834733578,17.1182900041676,0.240234405454441
1741305600,86553.5921937464,2134.73876709527,103.2362977957,2.37367715183407,389.493766192299,0.197539630697219,0.282920452273605,217.847529381465,20.3424798743675,0.815043703446472,15.9050514526902,0.243513871414732
1741392000,86171.2789362946,2199.74715371128,102.283794291079,2.32584513025845,385.667094026621,0.192073419638318,0.276222116450585,220.648050459216,20.1821881340606,0.804810342977603,15.2484002507488,0.243999808908356
1741478400,80647.7964108709,2015.69220105202,94.4660895438913,2.13335174211444,358.615825546223,0.167716013394069,0.262787292292567,211.237123773193,17.8750154251735,0.719474670441381,13.7661199527716,0.232438448300667
1741564800,79005.9601291642,1879.69313354763,87.7971551756631,2.03301161711499,333.173840933263,0.155007048178239,0.244149815829919,201.871831549417,16.9260372476635,0.67607432780765,12.740703760769,0.229710940052246
1741651200,82747.1601917008,1923.01249590883,90.4845656523513,2.16982322335813,340.567162532234,0.164654070622326,0.255398298270343,212.175602465984,17.8714519962698,0.722747873445223,13.1403046081828,0.224478618101441
1741737600,83630.1581101695,1906.5185295149,91.4327443058137,2.23363575962631,354.948296669146,0.171884652254234,0.258999839326203,207.988529139121,17.9941043712904,0.733756944628448,13.4586160441178,0.222844068259244
1741824000,81110.2890490941,1863.52630742256,88.0231080103429,2.25141693632839,326.589434166726,0.165105937438683,0.272795646295781,206.942997501782,17.8862169145939,0.702325238379811,13.0388949375269,0.224840224569883
1741910400,84105.8335517241,1914.70355201636,91.5662791104675,2.35953271214213,330.392420782132,0.172112620905117,0.276796268297152,210.158472371591,18.0309940105345,0.739764544820233,13.7235406696743,0.22230363907519
1741996800,84352.8773018703,1939.64274050263,92.4800641583151,2.39040230329713,342.912078553081,0.176025776035043,0.274601503654819,212.898820424622,17.9632297996675,0.747862804471732,14.0334364551024,0.221767943558568
1742083200,82492.1028287551,1884.69832144945,90.2691937994254,2.29749622066513,333.408973765558,0.168020621035785,0.262827046056468,208.994408522126,17.4614042158605,0.70511766203651,13.3444241349608,0.211665142239699
1742169600,84013.947518118,1927.87450613676,92.353852340147,2.34058270037677,337.272683696996,0.173525037878429,0.272979731595311,212.35924052959,17.8650473710709,0.717826984918479,14.0241433770174,0.220524750755467
1742256000,82680.8065514319,1930.50927673875,89.971043287979,2.28692022018165,335.4208627921,0.168050532126553,0.273084280878439,208.879715864968,17.6708324442652,0.702287242990811,13.9020803920332,0.236838754534493
1742342400,86774.23507218,2056.96594564582,94.01192704926,2.54927656015986,345.820348690985,0.177718506609679,0.290602925585742,207.720629684566,18.5366222132251,0.743613945031963,14.9794464218993,0.231055515800132
1742428800,84124.9712878434,1978.2045458796,93.0866948120179,2.42841977148111,333.143990381894,0.169177548527867,0.280818302765695,210.857436472124,17.8259037499576,0.716031140866843,14.1850180279658,0.234861694246217
1742515200,84069.4081800117,1966.1050710111,91.1651088209412,2.38125755942898,324.315915220373,0.167203102370918,0.277002751350127,213.03146891507,17.7146956162608,0.705191852672533,13.9744798474044,0.233309758284318
1742601600,83821.220305377,1978.73242548217,91.2175686034906,2.36678692762088,321.660182718551,0.167037868333128,0.273947317567585,214.695706454656,17.6513521536697,0.699898962214735,14.2045479824671,0.237231004689452
1742688000,85760.8814506137,1997.88425306838,91.3704149001526,2.43126147934138,325.03545663697,0.171982964124126,0.282280053282322,216.438360522167,17.7665479237128,0.707974598075431,14.4124221009327,0.229882032897855
1742774400,87322.5718568089,2073.91071683226,93.5317833146689,2.44280335792138,331.883979680521,0.182566680188327,0.289323526414805,218.853612424205,18.2870641978365,0.729364053260491,15.0546370901667,0.228079652429136
1742860800,87422.8426084161,2065.10749736996,94.306602479099,2.44898620898732,335.571550445961,0.190423104683519,0.29335829788994,219.53441602778,18.4163261881198,0.74418351271999,15.4222181861513,0.227040125153318
1742947200,86836.6760955582,2005.4321364699,92.1623613440665,2.34413930976248,333.53979897762,0.194555538243826,0.285244384983867,223.290204036421,17.9806310802098,0.726002886562089,15.1991669523778,0.230929987527246
1743033600,87211.3240169492,2003.37026212741,92.8776971552706,2.33880015351279,324.502711056924,0.190812753595066,0.286857337612752,224.922866943924,17.7966549220208,0.738106373073549,15.5034544745469,0.23497549970425
1743120000,84309.0783550555,1896.0268603156,87.3320738027841,2.20245563419243,307.242080699476,0.180308483789305,0.274096012081753,217.756667510267,17.1415568161098,0.705232208859757,14.249536936,0.232386866838508
1743206400,82497.1792472238,1823.59882349503,85.1553233359308,2.13026698266952,302.331644135403,0.168921493209475,0.266923456317398,215.639751197372,16.5438333733412,0.671855941848106,13.5052796567849,0.232342711166487
1743292800,82216.4666765049,1802.80018965517,85.8333971731257,2.13305504982178,298.529880297155,0.166137221943901,0.266420201594448,217.931285626064,16.4499906052294,0.659487922175427,13.3686253394021,0.23119006051132
1743379200,82461.4496279953,1823.44348568089,83.0473769415028,2.08943001450997,303.059857649099,0.166272475565334,0.263779148034424,215.089552607868,16.7727497469139,0.660803955805248,13.5138155366388,0.238814476923742
1743465600,85226.7137936879,1908.28501987142,84.5935844208521,2.13948290594587,308.754615871013,0.17418323447032,0.272254531969312,217.010472575604,16.9086327485861,0.67834814999224,14.0586669205271,0.237640384264555
1743552000,82555.631296318,1795.48936616014,81.7577834490159,2.02781371718152,294.1622320152,0.164147423491663,0.257790565610428,214.056149656031,16.0591560771211,0.641283419465692,12.9313132207587,0.233478296713035
1743638400,82931.697399474,1813.54323436587,83.2408872673794,2.05755792869663,300.140900094852,0.161390647996954,0.260890131704488,214.798546003192,16.1920098321581,0.648948327061703,12.846375248081,0.237723449533193
1743724800,83774.1797375804,1812.99751081239,84.2116337698624,2.12564976156477,300.939409288401,0.170881962294524,0.259418899670769,215.442730486668,16.2162776302014,0.659961743761857,12.9115443106891,0.238902962292232
1743811200,83302.1715756867,1802.97516072472,82.5035777031022,2.13977463673006,302.857841481425,0.168554841263701,0.251601825078993,212.650812419827,15.8429240385715,0.653789904299798,12.8003661264917,0.237393008547843
1743897600,77949.0884926943,1569.10020689655,69.919054457898,1.90676058980915,270.384058844833,0.148358808193098,0.225774468626053,198.227403699934,14.078529952832,0.570084212787988,11.1994851141862,0.229163584219932
1743984000,79421.8044105786,1560.23826212741,71.0958189109117,1.90395776253846,275.534904148979,0.149540651703049,0.232748723898766,204.311261295163,14.5250796942891,0.585879479186369,11.476732958691,0.228492798951626
1744070400,76351.4295303916,1471.09076125073,69.029370257572,1.79192389486425,268.896885392929,0.141919640251704,0.220890652228612,195.158232006041,14.0543011774962,0.557418138298021,10.8946330810041,0.230239659561878
1744156800,82720.6034891876,1662.90904646406,76.05139256151,2.05243675524111,303.453415462894,0.160703849253795,0.241991297103674,203.117030034766,15.3175661582963,0.633478994211743,12.6626755945332,0.238398888284654
1744243200,79558.9558252484,1522.26864669784,73.7319556923543,1.96719652478044,290.473164666115,0.153708938985406,0.229987515513912,200.965311639422,14.7952104353881,0.608692403663283,12.0656002329628,0.236259630537397
1744329600,83359.8995157802,1565.57072150789,76.1457755991552,2.0202207274554,312.619792418944,0.159909524616969,0.23383412583557,206.615676484627,15.1705065803332,0.623716595241233,12.6446938786747,0.24332631154433
1744416000,85269.2495119813,1646.45040736411,78.5594141511239,2.15623789661325,344.882772607882,0.167735128742978,0.246138561449679,207.489100731703,15.5452417867557,0.659050390379814,13.1572784893466,0.246330439781875
1744502400,83568.9544360023,1593.3115698422,77.6177892832009,2.11158442505137,343.027800597039,0.16248931938137,0.237663039986332,202.938415518432,15.2050952385749,0.636665899694018,12.5822123651538,0.253842202603922
1744588800,84589.0324135009,1623.4533766803,77.2025619072826,2.12922775981618,324.052356114801,0.158832756203076,0.240358951779464,215.219957093729,15.2381444669613,0.635351291952583,12.6333446226134,0.251859869891555
1744675200,83671.3439713618,1590.80377936879,75.624523600894,2.08830137962273,319.463296092289,0.153720596823584,0.235818959217138,215.432477749414,14.8678901937616,0.608924468405775,12.2489043362358,0.250461568325857
1744761600,84151.5357562829,1577.76214319112,74.3179289890398,2.08456460354592,322.771872951049,0.154711563129421,0.235757079345288,218.688866642655,14.8599398308263,0.61051739876731,12.3562631273689,0.247901396760674
1744848000,84940.5838538866,1584.56991437756,74.9560838278057,2.06886081263611,333.698168797434,0.155908118295123,0.239896839156243,216.745710253155,15.0654560701779,0.617851488020674,12.5364964858875,0.247870588590548
1744934400,84434.7727463472,1589.17527673875,75.9611860618623,2.06297526027648,335.516871916507,0.157623932197406,0.239934154473076,215.980277410891,15.4171000915647,0.626993468865735,12.552644689249,0.239900049913632
1745020800,85124.721496201,1614.76228082992,76.2134254844615,2.08473189999469,335.464603839715,0.157256753777459,0.24648143612059,216.28676423481,15.9620310918094,0.628358190164203,12.9522454611045,0.244091574625723
1745107200,85101.7461545879,1585.28322150789,77.8978414168439,2.07402929589587,336.047851511354,0.155059899587302,0.243453874324584,214.630060250445,16.0646525180322,0.620149741263791,13.2856590463755,0.24435176283562
1745193600,87360.7198933372,1576.97164465225,77.767191424532,2.07945305937149,344.711404879992,0.158824727038841,0.249688102163978,215.315849456978,15.5801628020008,0.621839039778714,13.0666864830811,0.246313668610971
1745280000,93495.6106890707,1758.00477177089,83.827678701369,2.21818326562037,363.074575345663,0.178277082423552,0.265964332648431,226.807579402276,16.6858532813336,0.681527395783432,14.1102986079206,0.24800787374816
1745366400,93695.7404772063,1797.82488836937,83.2905820274846,2.22102348929243,358.176839399268,0.178828551637766,0.266750849028462,230.423362341422,16.7937964392818,0.698435823110012,15.0216792057041,0.246377574144853
1745452800,93849.8817790766,1769.47740765634,84.3409088260078,2.20478566910255,355.804590947195,0.182192269081827,0.280376756912845,227.966155076482,16.7418166652657,0.721223342513225,15.0457443923156,0.245561828989529
1745539200,94771.4128007014,1789.56658474576,86.446951178729,2.18293087014603,373.998747976231,0.182098837687487,0.283905048203207,227.893631598795,17.2804746947006,0.713626199859627,14.9464892135207,0.24187192667271
1745625600,94694.5111014027,1820.05065546464,87.0562558941783,2.1928944171823,356.02417958684,0.181766149342599,0.290723739078219,230.354259719188,17.0506356083684,0.707463573616261,14.8745672275694,0.25189619288441
1745712000,93812.876534775,1793.40027907656,85.6058760100395,2.25592632734822,345.828176515248,0.179769686537745,0.284614223783787,233.930539192424,16.5909922618263,0.704884403430079,14.5968576410103,0.245541173405525
1745798400,95066.0211867329,1799.8924050263,85.810702217222,2.29730629779045,361.13117006663,0.178876040264655,0.282853871892638,257.167105462623,16.973674223894,0.704550972155929,15.0507072361205,0.248287637537511
1745884800,94102.8403024547,1792.9466081239,85.2693370652084,2.23453030837869,363.166703418335,0.173926862455715,0.277394601316191,271.59698568703,16.700195344715,0.694154704686696,14.5766981199943,0.243524124161945
1745971200,94236.7325143191,1795.28281034483,83.649767310611,2.1947121317689,366.484363858742,0.172561011783563,0.271577905517304,276.719704488364,16.5315492410109,0.682358797922095,14.3139629884745,0.246837064650181
1746057600,96411.7422635885,1838.20588340152,89.1529780321604,2.21393170357548,361.035804559004,0.180744616407634,0.273976697826339,272.746551251069,16.8989805234964,0.705553320329418,14.7630131582159,0.244611346930295
1746144000,96842.1021057861,1841.31197457627,87.8614614729385,2.20790600651266,381.181254693101,0.181349762979128,0.27401457753234,285.044243085366,17.1900768262693,0.697328297367943,14.6454010800759,0.248157131682235
1746230400,95943.61135301,1835.43869257744,86.7433057118755,2.18929889034188,363.279359028681,0.175798822483209,0.269868047300648,278.12385726574,16.6524033793579,0.701404259953269,14.2696204455922,0.245567708195663
1746316800,94377.7899196376,1809.26886206897,85.1313955411416,2.15699898373434,356.056984083582,0.170519764584507,0.265578786409167,279.640349780212,15.9865004060148,0.675525387375958,13.8678093782898,0.246596181156221
1746403200,94853.7298594389,1822.42831151373,83.6175892142891,2.13815971981165,353.78532029718,0.170943589441095,0.259012856019788,280.821865547098,16.0421377329582,0.664129564914158,13.6667508552443,0.248447122871702
1746489600,96677.9245029223,1814.22681735827,90.1759924215294,2.15229679819242,371.595393718853,0.171871174701271,0.262480267414851,287.370097804927,16.1960767905203,0.676374924784291,13.8035271786313,0.24585209352227
1746576000,97137.3757086499,1814.5519094097,89.6314812113263,2.12886586391828,382.39309535945,0.172242530155241,0.260595264405183,283.380486111626,16.2011603423455,0.67139635666021,13.8442170549099,0.248920229987111
1746662400,103069.539295733,2193.0712805377,94.5611081456959,2.31664389893002,421.971397405649,0.196684925015026,0.289896530874798,298.873937724855,18.5792935192591,0.765122693518931,15.8179535651852,0.256868959954863
1746748800,102940.802949445,2342.20799707773,100.412551153464,2.34298164515913,410.349901462048,0.205012390034221,0.295166485431504,315.350573655809,19.1907108179316,0.77710857638532,15.9989707612158,0.260117858505021
1746835200,104582.821806254,2584.61239742841,105.008610013772,2.46539041698872,430.312695765542,0.248203845895291,0.319145273144827,325.114951516472,20.6622515331014,0.839621933534312,17.3423786237964,0.265438316707609
1746921600,103976.137798948,2507.64435710111,100.005261787413,2.36764057526182,408.260072293333,0.231706009795162,0.306278385266619,332.736895598377,19.9395994979862,0.805021646351748,17.0260796284534,0.265257599439469
1747008000,102920.074689071,2493.58635534775,103.929763005915,2.53786227339751,410.694664178525,0.231792039433185,0.313189183379268,337.129701645326,19.7861720968054,0.819361946831038,16.7512359143836,0.271860620958234
1747094400,104145.711825248,2676.5017402104,103.530631215573,2.59132977271752,411.009377620685,0.240751275230848,0.314763103366049,341.333540259203,20.7167771341301,0.831038902538732,17.4327063569185,0.27103657433294
1747180800,103572.719642022,2603.05951344243,100.956818582728,2.55100214123897,402.196763625407,0.232427465912342,0.303574030800055,339.626015563327,19.8443178711109,0.79797043678341,16.9507781501922,0.27487945538608
1747267200,103716.283947399,2540.68613383986,98.9765429238268,2.37375902506206,394.778506594201,0.218119048590644,0.291472565355825,334.718234957101,18.8445543211355,0.758737463469786,15.9441408599757,0.272747090191363
1747353600,103566.269191116,2546.7049465225,99.6320394212457,2.38445737420366,396.82157803417,0.222219068119706,0.293902287498547,334.252723157892,18.7425231807596,0.760681126470556,15.7964014521442,0.272082851687737
1747440000,103190.041364991,2474.61027878434,96.3534696127246,2.35267848016717,391.793234510597,0.21466799350509,0.286016954842012,335.654773676956,18.123880767465,0.742352078888236,15.3239936706253,0.269519969726108
1747526400,106015.689848919,2465.93426212741,100.120112591306,2.41609051953486,404.905529385035,0.23086794653,0.291655766327818,336.456403502877,18.5401765598011,0.752988187300638,15.7119381705546,0.266810800715971
1747612800,105615.828960257,2526.45705727645,98.3546012530334,2.38074746200782,392.869131175069,0.224159530542918,0.286441212275302,342.713799259117,18.48342343874,0.742437672663386,15.772763389857,0.266591294282963
1747699200,106893.330247516,2525.32290794857,94.3871490943478,2.35754873445691,394.384106800164,0.226414692600132,0.287730338557041,351.207420697411,18.426186012519,0.746318311126763,15.7188608358228,0.26901830737832
1747785600,109704.855619521,2557.99176563413,97.3093675297124,2.40144986606094,407.56985598912,0.234827825578378,0.293872421102797,397.50306667363,19.0448329016299,0.772222313583226,16.1593824659274,0.268606457159207
1747872000,111477.014787843,2657.42359701929,100.334358920655,2.42722374515144,444.308107873071,0.244428553601783,0.303713425356068,388.707838805565,19.6681819533822,0.807495316980156,16.7261044694395,0.27495874856363
1747958400,107291.888969901,2521.84042402104,95.3378237314492,2.298551733538,426.86224219429,0.225610002628277,0.286139814724069,392.770242050821,18.5062255773665,0.74846549760385,15.5670394529359,0.268763667204565
1748044800,107917.328289304,2529.64885359439,95.6679543263411,2.33161974250583,421.548973196168,0.22521607350306,0.285978058160421,403.60068253242,18.398224828917,0.746075217748868,15.3317794278714,0.270471271158204
1748131200,108914.876558445,2546.99536732905,95.6157336769206,2.33994454434866,422.292008240697,0.224405776724959,0.28740233864057,416.651473428524,18.3237094297978,0.7586805654069,15.4914814441742,0.271666070528583
1748217600,109371.985172122,2561.92804529515,94.898123565742,2.30840317111464,415.113238342678,0.225723256623159,0.285357471811961,401.537881325082,18.2073503641902,0.757863205866506,15.4975647808997,0.274142074928832
1748304000,109066.345636762,2661.42436703682,95.8941516826062,2.31875633053067,414.594096507254,0.226014866536737,0.287062044650846,372.634443778092,18.6350104767316,0.757916676132391,15.904995712481,0.27769538190144
1748390400,107895.402399474,2677.11812273524,95.3292475428541,2.27461148250914,419.257255749299,0.220832457679683,0.285008445779601,347.653042080101,18.4046617733468,0.746095807501275,15.6656879542506,0.273563369693056
1748476800,105732.957892168,2633.37122910579,93.4063706440163,2.2493835699839,409.783909774519,0.215617706310406,0.279110459943781,339.15147657192,18.1343226991263,0.724284308696799,15.0887631903462,0.274273767172829
1748563200,103981.302957919,2525.27963413209,85.7125136925307,2.1425657215459,399.888713874984,0.193146559134262,0.26540283536588,325.766263987204,17.0059756367863,0.689240336883312,13.9034770109244,0.267239637424238
1748649600,104708.964150205,2532.55873436587,87.2271879643017,2.17772670429157,414.778282116013,0.192863250007248,0.264439310856147,323.960397347103,16.9610342125457,0.686602694427191,14.0123206667523,0.26577944620629
1748736000,105750.15972443,2539.24056341321,88.5153840508265,2.18139284644406,404.475936689832,0.1939439425838,0.267374859621436,348.245536570946,17.1098777811073,0.685521502357843,14.0743774621736,0.27113738718661
1748822400,105899.696926651,2608.39263530099,89.7455633906985,2.19907114054657,403.864429899938,0.195403091508108,0.271808207268814,357.765231529479,17.5663559841283,0.689875376896568,14.0955872479131,0.268921466235084
1748908800,105483.98555114,2595.07908591467,89.650884165555,2.2493634256931,401.624781387562,0.19328309215014,0.273191675487944,344.57584852146,17.590535168024,0.685216174523303,14.1178367522523,0.270489000565173
1748995200,104782.844900351,2609.93374517826,88.0529796525979,2.20187608092385,401.076341807707,0.188246211708754,0.266735902653426,315.963358028055,17.2770936636197,0.665730737001943,13.8487104384948,0.274411443097405
1749081600,101669.190496785,2421.2568220339,83.6931642328533,2.09654628588572,385.591502804821,0.171780936930379,0.257560029811266,317.828757668473,16.3309933453323,0.627926235097501,12.9218632609034,0.280524965098344
1749168000,104421.051549094,2479.93381531268,87.2191267189163,2.16321656238716,396.457970125766,0.17921104720456,0.263205506754826,322.858421989391,16.7176028166269,0.656027433765767,13.5849288712086,0.277613359341481
1749254400,105685.250402104,2527.09892109877,88.4183676504058,2.17878984234783,409.606158404047,0.184975916595816,0.264976371303788,328.245813932402,17.2333431178686,0.665151323104265,13.8386024386119,0.286814069459746
1749340800,105727.739632379,2509.56872501461,87.2623346141207,2.26400439626796,411.712183217181,0.184247327542836,0.267750775783614,328.941676696836,16.9490328926533,0.669682216047894,13.7088149200653,0.281978401564353
1749427200,110198.15871391,2676.70837200468,90.5175906198408,2.31805091319338,425.797361548916,0.194360227733372,0.274771084476763,333.108248478848,17.8520896768357,0.704294410317495,14.345825586229,0.287278170977886
1749513600,110074.119081824,2806.2143766803,93.2861675610861,2.30508157534839,438.132325320017,0.197741533769401,0.280433189916051,338.414532131337,18.4866437157945,0.716270181748805,15.4114616495224,0.29143429939452
1749600000,108645.785558153,2774.56475336061,91.5321460890236,2.26908055916124,428.777056404964,0.192962205685863,0.277060557453185,329.308117314799,18.083928787864,0.69737644632759,14.8928229643729,0.279108775619762
1749686400,105998.985830801,2652.93859585038,86.5576022349659,2.19454033223037,425.447615040157,0.181776878925571,0.268141461749184,319.271969110992,17.172242540155,0.663942548807217,14.0265499507608,0.272158194050194
1749772800,106024.822087376,2578.02224722385,86.4654871070486,2.14866950931433,449.262155420607,0.179964005373159,0.260915627012767,316.018658034942,16.911438331921,0.641456215669347,13.4241744320319,0.270165086671171
1749859200,105467.108742256,2533.09064056108,85.2329605835689,2.14286909441501,430.795501028602,0.178271836037025,0.256599191641785,312.877804906718,16.6536949581388,0.624849175784068,13.1633185066639,0.271169218630588
1749945600,105512.797437756,2546.5897761543,86.2662189352001,2.16685058857728,461.352744572771,0.175521881781693,0.258658936388659,315.322047453493,16.6635795305282,0.633536528007101,13.2853986693386,0.273877688433992
1750032000,107243.933345997,2565.02230391584,87.3073077481944,2.26020911209485,467.769270605979,0.174390009129195,0.263390839686127,323.266530246261,17.0746863131978,0.636908184074059,13.6998009659555,0.275627990175231
1750118400,104628.396527469,2513.40039538282,84.4232125873529,2.16175365381817,464.711936307602,0.169763942552922,0.252463354308638,320.018046275965,16.5112444194467,0.610781359732615,13.0043506883937,0.271910805283106
1750204800,104813.367028638,2522.49356750438,85.0391378556158,2.17042762236271,459.079802979442,0.170542530430445,0.251793562663735,316.114612248395,16.5248977168192,0.603971696293922,13.0723094014206,0.27318679735102
1750291200,104709.720767095,2523.04524547049,85.1163027459312,2.16557883044584,498.78852957782,0.170996663613341,0.24964240492102,309.305316179012,16.7241087034366,0.602210261430635,13.0839824243891,0.274659383629247
1750377600,103274.958839567,2403.17304178843,82.8265756564495,2.1184596764184,473.850922349935,0.162241376823417,0.241804615753103,311.647349932367,16.0923255230407,0.57637513137982,12.4902348507344,0.27265236424739
1750464000,101548.196381648,2266.03854500292,79.744952033539,2.04493701961634,463.201046608152,0.153143876326901,0.235464944757053,308.080714827042,15.4694090075938,0.55148885314172,11.8931116745478,0.270948247040443
1750550400,100899.234151958,2227.35017475161,80.1222313509843,2.01400882986998,454.548869665184,0.151117283638474,0.228594548765452,297.897209205269,15.1756045353731,0.540710897407071,11.6453449832457,0.263756661228158
1750636800,105496.947495324,2421.45208328463,85.1256969503732,2.16358934543788,463.430556222048,0.164515627735258,0.245863110802014,310.105747655566,16.4202478742686,0.583029661473495,12.8743314027281,0.27309861787713
1750723200,105964.065136762,2443.16771186441,84.7651777936093,2.18706384701437,453.730340748357,0.165414298387766,0.248338351579524,313.726186377429,16.4059195033211,0.58649573345035,13.3837161517733,0.274018359745978
1750809600,107305.065199591,2417.98607714787,84.5915272654152,2.18516691867019,482.094337972674,0.164392362795028,0.24127569637951,311.779491414716,16.2215004348445,0.566485240644411,13.1330048474577,0.27313692155739
1750896000,107012.822824079,2415.25481852718,84.3166226562639,2.1072654961248,488.912132224218,0.160013454945471,0.234302332094979,311.735760422609,16.1286270302547,0.554151002716592,12.9404597505574,0.270966866025917
1750982400,107090.95905114,2422.03759585038,84.8366552159028,2.13826016869937,505.178089502722,0.161008422439227,0.236826673879351,307.289261144713,16.1713170623611,0.558268367730257,13.0536545306423,0.273360443507919
1751068800,107357.617171245,2438.21842022209,86.2900331154926,2.18471598947375,492.275645931054,0.163770188662085,0.239022176462774,310.905374604429,16.2884348219013,0.565703321356972,13.4018096518548,0.274603468118092
1751155200,108360.901696376,2503.22452016365,88.0146603670701,2.20972192763346,504.03145902736,0.169501790668107,0.24074372073355,312.79158703916,17.0144263651521,0.578386305287129,13.7506685282753,0.276591318829002
1751241600,107153.101135885,2488.96316364699,86.1397070706187,2.24147102133291,506.460855456732,0.165174145294419,0.238637081708997,324.492688713537,16.6038978650037,0.572654319638484,13.4013280940366,0.280119239382606
1751328000,105566.356597896,2400.70451081239,83.0816213882215,2.1712501451953,500.930025619436,0.157508733286323,0.224911978479741,311.19921202373,15.9230735254528,0.541557469498819,12.8711924504954,0.278749914346298
1751414400,108927.13451841,2579.95848860316,87.4706816377832,2.23631015399578,510.658222825376,0.169208685728529,0.238728140942733,322.344209142094,16.9969931600082,0.586161648228104,13.5954490925232,0.284801931127987
1751500800,109632.159126826,2590.32040794857,88.9863004503016,2.25713315259092,496.800488812031,0.172079869520591,0.242829386588621,319.870256161561,16.985423283886,0.599313016490992,13.6661606921719,0.286879678765517
1751587200,108081.395758621,2510.08707305669,86.8576968789191,2.2223709529141,484.780208868011,0.162939440756645,0.237949961510611,313.435435971162,16.2860387929842,0.573099193571774,13.1707840587438,0.282428702485729
1751673600,108244.788813852,2518.45863588545,87.5167092186481,2.21820626103518,489.0677689674,0.164342958494657,0.238048638531528,316.332463892698,16.3618532074305,0.576015683571116,13.2279804112572,0.283134872409494
1751760000,109180.005545587,2569.75132524839,87.4292370272344,2.27114323399147,492.724496332978,0.171856537885623,0.24975977155464,319.415737548838,16.6403839667883,0.585600703851914,13.488979029093,0.287260892149791
1751846400,108249.401004091,2542.78128462887,86.1051246096079,2.27477284152382,495.942296831021,0.167718790500814,0.248332301354567,316.062112133521,16.5597200651085,0.579117588757987,13.4076760419197,0.286638356795623
1751932800,108956.631703098,2615.43112594974,87.7103600840591,2.30963814223084,501.232953398825,0.171023202825819,0.259163415417154,316.675142555115,16.9485553316047,0.588298969420917,13.9679797803869,0.287501623191016
1752019200,111416.806720047,2775.83493658679,90.9007006766455,2.40936695631719,515.588069177388,0.181310460849354,0.288022796268495,325.601184326228,17.6997036560378,0.624771314723504,14.2815424761678,0.289978560427449
1752105600,115873.903783752,2950.43276446523,94.7073851392558,2.54369241007577,518.277704022906,0.194380173563235,0.303229594280372,325.821692556839,18.4808018842909,0.675939054352818,15.24383809785,0.293500988078815
1752192000,117618.605087084,2958.64228667446,94.2387079449186,2.73423746138967,532.427862031686,0.201268058509813,0.360136154394428,329.488184717387,18.2712938630918,0.710666587597041,15.2986918422917,0.300927303796834
1752278400,117382.372540912,2940.39548918761,92.7240359681865,2.73653716600696,506.451299081834,0.197000109421309,0.393006828625525,331.699464587465,18.1202322828557,0.707391458481809,15.0715410324669,0.302439320207654
1752364800,118899.737107832,2969.63940093513,94.4914484015003,2.83489400697031,507.810964126312,0.198175498132164,0.474068631763492,335.619021239141,18.4290826842328,0.736711426501348,15.622819476362,0.303049185007423
1752451200,119871.096197838,3011.78428755114,95.4833917772404,2.95356918322755,505.031000972222,0.197241833159521,0.457859751002212,344.172897045855,18.5299445408039,0.733990168934758,15.7706964073944,0.302678254782671
1752537600,117710.89100789,3132.8656157218,96.3340024805013,2.91907294774163,497.316024113063,0.19868236835163,0.451830333883504,334.93449505305,19.0148622641723,0.746404997889447,16.0709474109147,0.300560529536596
1752624000,118730.187791642,3366.30753506721,97.5052403637084,3.03932352322856,499.373336252017,0.212809893654717,0.454230739763392,331.404010406479,19.8786385569579,0.763891879317913,16.6707435599547,0.309392872284846
1752710400,119501.663770894,3489.39637258913,102.09414323665,3.51555444617701,502.120080209846,0.219255071149665,0.50515551335692,337.982799143183,20.3404735066745,0.82857595262782,18.0008104197734,0.316037005795658
1752796800,117958.511213033,3542.33909877265,101.435868337343,3.41097246971905,513.900536555535,0.2353881055872,0.457511954394891,320.487311551549,23.0276213037685,0.814183776979583,17.7809964502167,0.325352982832387
1752883200,117908.52473232,3592.11291057861,113.158879997584,3.42844300147116,513.288004890112,0.241375015472774,0.462081946171593,322.785429039467,24.0498407581418,0.829480527907709,18.3981506620528,0.317793685494714
1752969600,117305.680953828,3755.06715341905,116.952441463211,3.45443496238275,548.116561514807,0.272872521043953,0.461892652859953,325.168667477159,24.6518559762132,0.857810770391874,19.3014684216892,0.313967332941494
1753056000,117432.435634717,3765.90390122735,115.893610179169,3.55443264964159,523.202059600424,0.271364601573221,0.473044211681,320.11840446639,24.0383253305709,0.889309252864869,19.5398399388225,0.314411625414728
1753142400,120068.00578872,3745.90083635301,119.272515984628,3.55084429645131,526.169250745812,0.269906161520572,0.472543355357174,322.991427624338,24.2619750527972,0.902571972655097,19.6454653115947,0.315608106755827
1753228800,118650.587165693,3629.55279777908,112.371442088548,3.18637987166746,512.293673472273,0.241035269242798,0.428111913366223,313.790866329595,22.5670533791396,0.817211788620583,18.2070739765073,0.309729237583391
1753315200,118377.081936879,3709.50907597896,112.322247143984,3.14468604549852,511.889830084971,0.232089926519249,0.424767661018955,324.369304251708,22.2971977008089,0.805363457881892,17.9530325853175,0.314066422815081
1753401600,117520.17335038,3722.55895032145,113.628503874883,3.13908814512779,556.51769121451,0.236309760504926,0.431500887147255,321.577559957917,22.6921458911037,0.815212422230162,18.2833744135251,0.316790626621242
1753488000,117983.204598773,3743.35857714787,114.127191581446,3.17142472172622,560.029651471933,0.235916408275084,0.436465425841407,322.316189082671,22.8413525402878,0.821220504033641,18.4443738650821,0.320099716286882
1753574400,119438.164235535,3863.5014880187,114.554140551335,3.23194918411761,590.56150363071,0.24052923645327,0.443904681295049,324.969583546156,23.2535344073535,0.830150162422258,19.1852619649094,0.320122289517648
1753660800,118022.637320281,3790.9041452367,108.800678776344,3.12447850864745,570.717478367986,0.225900251728928,0.418166383977612,315.867029677701,21.865451943671,0.792348034679856,18.0776965103215,0.321796616513358
1753747200,117871.370895383,3790.87183372297,108.563356874081,3.1289899180298,563.695698358246,0.223615353616109,0.421015778965174,314.63372323999,21.7531407239692,0.78256456532381,17.8137247812991,0.337743059518641
1753833600,117732.643660725,3800.85833167738,110.673826375059,3.09632813063727,590.252530419289,0.219763424936762,0.407534992215243,308.062104354158,21.3931417853041,0.762817527632474,17.7101317945122,0.327625216801023
1753920000,115848.339985096,3701.44796201052,106.345487100426,3.02538978688898,562.338916798866,0.210123333724285,0.402295207470546,305.388377596835,20.6422320802667,0.74047053949835,16.9491984506353,0.325135576122677
1754006400,113282.144336061,3482.30238223261,106.355555057658,2.95721408777958,535.013820773387,0.200752463822396,0.381692588044995,297.265773340757,19.7868812880408,0.713703743483018,16.078769975867,0.323224038884666
1754092800,112545.673659264,3393.52058854471,106.257717640178,2.76523565133844,520.254914768421,0.191026326721824,0.366580747700318,294.794325087789,19.1687966110249,0.696647273370545,15.6294099116794,0.32161869946019
1754179200,114263.693947691,3504.17049064874,110.523401433368,2.94933925625738,544.619303688347,0.199108708398867,0.399692902277665,304.1392172885,19.8950848808447,0.727233806759187,16.3132460400262,0.327670326443544
1754265600,115199.933659264,3719.13207539451,120.997177166278,3.07426617553317,574.371868022825,0.21059134741423,0.414294003587987,305.358160232391,20.9516479653051,0.755228184713827,17.1064530235629,0.332971760727535
1754352000,114111.36101841,3614.08048129749,120.684897364884,2.96557330541412,551.343249622543,0.199800814855816,0.39660179662955,292.592371673742,20.1797560713646,0.7263320509763,16.3911298912166,0.33346316310686
1754438400,115034.678748977,3682.01792606663,119.638591058023,2.99370521662377,571.385166286055,0.205191024747449,0.400388906243167,285.045718536189,20.2870927597327,0.741962387030905,16.6869468019095,0.337285263872775
1754524800,117444.913924313,3904.2433635301,122.312331850597,3.31254062302534,582.028540210003,0.222218586968002,0.438508424221255,266.381020308292,21.4862961642978,0.78585466011668,18.45356034872,0.338409218025978
1754611200,116740.687720923,4016.25586236119,124.103579255306,3.2879565347949,586.941006059466,0.230698745035874,0.450013940670105,273.208403395207,22.4417944845902,0.792167109628448,19.882666574925,0.338238033146143
1754697600,116511.655739375,4261.9204345412,120.543694410951,3.22721626338996,569.331885792216,0.240479030860272,0.447259826803862,274.53058737674,23.6481058646862,0.803673650789315,21.8307085816314,0.33552728797834
1754784000,119189.198160275,4248.71364552893,123.749114737783,3.18229903346809,570.543590680283,0.233719289959024,0.44374810214992,268.243799625491,23.1569726834935,0.801002487725077,22.1065062711701,0.338247203430749
1754870400,118742.043048644,4227.64236762127,120.340880238589,3.13674415999943,579.906655570217,0.222786206100253,0.43128953376108,268.172255084277,22.2805127180781,0.774113115475208,21.1555277535925,0.345210100470806
1754956800,120154.32493507,4599.41391846873,130.65944250903,3.26959273227386,618.867045625746,0.235974880745177,0.44943799796233,252.463855148866,23.6260246604899,0.841113159479401,23.4453755220491,0.352249896057737
1755043200,123442.67982225,4760.82676241964,130.944169653167,3.28466502147177,617.307861792005,0.245551899202734,0.453312282479195,251.263302748985,24.3214321089246,0.909940103610883,24.0131632328951,0.362198788298621
1755129600,118510.27128083,4560.76501022794,121.536792569069,3.08648641438984,593.990152939318,0.223845559865428,0.424083069435509,243.185082022248,22.2454703316887,0.926601321919872,22.5091841653041,0.358257401641179
1755216000,117311.209947715,4429.98655289304,118.947324494107,3.07710541154269,591.70523068993,0.228150271522244,0.429605497250919,235.332460271885,22.1901828061026,0.942398009328641,21.7523764450672,0.352301053003619
1755302400,117462.42684623,4422.6705862069,120.760161545589,3.10518432267171,587.816330144728,0.230651185305465,0.426700264395761,253.508373223873,22.3724884430454,0.920485233615715,22.6574902459145,0.348084669664059
1755388800,117601.952231888,4487.70970368206,121.054060407061,3.09565520647616,583.115300273536,0.235327821497025,0.425728655700707,269.376576489345,22.3011814127137,0.963325836266798,25.6866072842717,0.353863501831545
1755475200,116312.914397989,4321.5258842782,117.769400516186,3.06207584565206,569.83010240176,0.222996649127734,0.414922946146904,281.333475778753,21.5571607754146,0.924820440702454,25.8622824472772,0.350695932277965
1755561600,112886.10147543,4093.51478141438,112.873994229051,2.86611184426648,549.231142254451,0.210182427305944,0.391522032245171,261.186925851974,20.5672343781459,0.847724821666089,23.60381284473,0.348594303131122
1755648000,114277.320860316,4337.65589713618,116.152101800849,2.95487268943734,560.9318382253,0.221697308237192,0.404830660682804,259.50933540448,21.5635944693246,0.882952670874069,26.489866155867,0.354486365942287
1755734400,112347.102298302,4222.5846157218,114.609212645508,2.84972209250461,553.622097519112,0.214829910361495,0.390697171051522,260.068342056389,21.0064437937896,0.850006464443813,24.7524978795371,0.353478706390356
1755820800,116800.977035073,4831.10497749854,122.886565050474,3.07270433230036,600.449639631322,0.240561504618847,0.425169170595884,271.930570957123,24.4937947231477,0.929959889091067,26.7832435408908,0.36643857211397
1755907200,115280.444723834,4778.36752483928,121.352676368913,3.04769622955468,590.990541881011,0.236051019567606,0.416527173012154,265.676589394866,24.2161085801096,0.913864942560809,26.2968368833769,0.362364508331602
1755993600,113516.122474401,4787.25375745178,118.558838979085,3.03040086182941,585.348077212953,0.232208379261368,0.408990214188693,275.657805999683,23.2801666678967,0.912640279394162,25.8831133187026,0.361731017002161
1756080000,110089.533314144,4377.50717007598,109.151949162077,2.85926061449501,543.78629702475,0.209471607610847,0.383716772760218,265.461898740894,21.0759621916095,0.836782557528047,23.3646397895323,0.342611011391062
1756166400,111895.295495307,4601.96733810637,113.559957410248,3.01410442257802,550.175920877408,0.218667520111126,0.394942335101446,279.465136555186,21.6871823156048,0.867363184217017,24.4407688054531,0.352061063347136
1756252800,111252.307236061,4507.0350163647,112.277535341375,2.96935130644276,550.817620416402,0.219463812694838,0.378769909802863,273.92198993374,21.5159266606065,0.851621446785942,23.7983786434208,0.345535332571403
1756339200,112481.152904109,4504.04511922852,113.69047273132,2.96769269194657,557.502360019073,0.224374957604707,0.382108196430849,266.918467484763,21.6946796082664,0.85859714993775,25.169864448622,0.34488380810065
1756425600,108473.330441642,4366.7936899474,109.920086774408,2.82101906958529,531.475569903558,0.213847350300305,0.361203589335707,262.482876619123,20.9337048073026,0.827470103152514,23.4435898201486,0.338905812832505
1756512000,108746.150824851,4372.10783167738,110.76095150966,2.81598977937829,552.842892409523,0.215893064959766,0.35984864208065,258.51810157314,20.937173795111,0.822403174549412,23.4713175447854,0.339068469500667
1756598400,108316.44689481,4396.614606955,109.059483421914,2.77916202112938,544.600143442122,0.213996701180134,0.3530925143344,262.21777782705,20.7291402737078,0.812472680597729,23.3066807265975,0.340918018433534
1756684800,108992.324614863,4300.58149415546,108.226256936952,2.74811486952549,542.782719367604,0.209572556576112,0.354883996449487,259.775836313458,20.4155730823906,0.797672007360082,22.4242919452134,0.336974119104291
1756771200,111140.947159836,4322.33563062536,111.589903065349,2.85827452630355,584.522478532097,0.21477161319658,0.366679072579458,270.019175087494,20.7985020915293,0.833990958929493,23.478690885778,0.337894837654274
1756857600,111780.743587376,4455.87243804793,112.956967875348,2.84490554632338,602.830098391003,0.220659743779439,0.362105465404386,270.018996735918,20.8446500549919,0.837025123473563,23.7000282253085,0.340819055741219
1756944000,110900.633412981,4316.90264465225,111.246879751203,2.80319793694886,587.341794729129,0.212907622943108,0.35325748490231,268.238584400032,20.2332360035681,0.811640120136296,22.404582166397,0.335002345925987
1757030400,110711.229484804,4308.76928550555,112.066565260768,2.81824977940284,607.050356798318,0.218157405551631,0.359773456648391,268.838314582741,20.3837981907217,0.831582125796077,22.3226388906675,0.331266371278968
1757116800,110243.650741672,4277.15637317358,112.112013842171,2.81071769704132,595.006623010243,0.216513812796176,0.356462831715597,268.521664435087,20.2160253898992,0.819058727711405,22.2276782758886,0.31417589061063
1757203200,111307.784421087,4316.10284774985,114.969605055345,2.88335158152407,603.62519885573,0.22858140615271,0.361863568270367,271.485635248057,20.507642289662,0.836794181567705,22.5048895153421,0.331053506194223
1757289600,112112.311575102,4305.11846668615,112.555617643872,2.96883257310875,588.21250540942,0.242305665350642,0.377457460719452,266.723474637837,20.7581028693825,0.864901228220792,23.0320403805953,0.331173158788597
1757376000,111486.396779836,4309.73367562829,111.913436185099,2.94465499435759,579.212156083953,0.240851707593997,0.371633355679358,266.458870442336,20.4742620864174,0.864962166137919,23.0607103368387,0.335075399862303
1757462400,113930.748423437,4348.6037805377,117.20391363774,2.98291047179154,580.778386957439,0.245093161255718,0.383355371104532,268.451083063834,20.9364271398717,0.884221134497491,23.55719261424,0.338622399312286
1757548800,115445.812932648,4461.97569111631,115.917861747089,3.04238368470574,596.359485354203,0.255938764047224,0.395838251202689,270.72554114805,21.4397695450434,0.894222827649541,24.4472438822325,0.346619474419163
1757635200,116149.174031958,4702.87913120982,118.132076717293,3.10635879978404,598.588672727735,0.27571868362309,0.404386513472336,283.789730294801,21.9677368677167,0.915960391191567,25.1351137600762,0.352379357492812
1757721600,115965.627551268,4666.35363763881,119.365468600717,3.12276130775212,598.521730984589,0.289544315238869,0.405043991708032,286.071822712571,22.044843269418,0.929413180922711,24.8696489838469,0.349810207381066
1757808000,115395.933423437,4609.893685564,115.171856008421,3.0322582440592,600.763969317936,0.278568850742997,0.389898105082088,306.188861960058,21.1512935311914,0.888546616765695,24.1200422065286,0.348532491784009
1757894400,115420.931814144,4524.12146668615,113.722760269247,2.99540957607536,593.834549919495,0.268352999460553,0.380413534986379,306.281617588185,20.3528129225307,0.862989968005211,23.5921176715343,0.344772131077054
1757980800,116798.867050906,4506.83149269433,115.114009626797,3.0401807125918,599.048149560635,0.270021241196388,0.384356706649128,319.171192436692,20.5353037764908,0.880844853285228,23.5133159288138,0.342369441616451
1758067200,116575.777628866,4595.04608036236,117.075771578032,3.08243915611462,618.403143908403,0.281888743799206,0.395271987801225,301.147861528476,20.9032023622124,0.91199173027293,24.0126469636228,0.343616905923487
1758153600,117014.426762174,4586.33670105202,118.230816290047,3.07529333587164,624.242837818048,0.278270967304003,0.396499919699927,298.884785437206,20.9879271273046,0.923838036723723,24.6363267619535,0.350340026148992
1758240000,115612.372541695,4463.60009351257,113.877247413034,2.98814493960857,599.967833484691,0.264895075202449,0.387543660137222,294.096269060266,20.1487172276303,0.889710583454166,23.5098937731763,0.343707618510409
1758326400,115753.165960549,4483.94747428404,113.904281551731,2.97623575682082,594.989435953946,0.267465173977339,0.386669554786581,298.797151660508,20.1903960378835,0.893420524319983,23.3387999813648,0.346830335851178
1758412800,115320.858829047,4452.53198918761,114.198245280397,2.97457075465456,594.384075788733,0.261271398279928,0.380203606396159,292.51381046456,19.9181412323351,0.885132678050795,22.9897552620352,0.342888491372432
1758499200,112727.70773813,4204.59655523086,105.853652330009,2.85025565171982,567.48210353687,0.241191544233162,0.368486841930709,289.449052924738,18.6935031962239,0.825569457689484,21.6338222067406,0.339970870125581
1758585600,112052.393282022,4170.44418088837,106.233666381693,2.82801422276588,557.19437800936,0.237798686954058,0.365085837898612,291.506115342462,18.8215137474078,0.808287899178,21.5825157287067,0.336197739973816
1758672000,113324.623592192,4153.13078725891,105.710960952061,2.92971461236565,556.326052859711,0.241017880103086,0.374616001381824,291.80009626081,18.6027966387021,0.81331569295625,21.6153370569879,0.338450471295814
1758758400,109166.347974874,3875.37859468147,102.206345033543,2.7453870558865,536.465699712528,0.222798327589116,0.35074792706056,289.428548554118,17.8907670168135,0.763741966708748,20.1320338430119,0.332201082922389
1758844800,109669.102166861,4031.71004850964,104.578708988097,2.78514097178164,548.274719975578,0.232213600693897,0.361768951772696,287.816573289644,18.3978764186456,0.791458760430402,21.0661270217025,0.338474955301902
1758931200,109644.73069287,4020.11526504968,104.563511124984,2.80979427821951,544.030304158297,0.230946686255806,0.36137219542276,285.724750194051,18.261402129086,0.781839290241872,20.9338484667405,0.3368689451304
1759017600,112170.00778609,4136.4756811806,106.869928919367,2.86478629253727,556.213817930902,0.236987250603784,0.36786413650998,290.103617419966,18.5315193178299,0.808091577650574,21.6641261603557,0.335751000888529
1759104000,114341.141435418,4220.42131589714,106.8209991947,2.8843840474215,561.638602799171,0.235467717512664,0.371852233565618,292.020790121789,18.6663653084828,0.80722266103043,21.7603960308662,0.337099524597718
1759190400,113971.742796902,4141.04144243132,106.846838706926,2.84273461836321,559.220954806704,0.232448078590033,0.364167685578796,295.262232395835,18.4244889577348,0.805689326256376,21.3228721991532,0.333206540520032
1759276800,118393.270386324,4338.2852434249,114.997744519796,2.94421430146357,592.305845797795,0.247749523972549,0.396397344203898,315.013092951165,19.5019595521452,0.848479057557817,22.5535616564472,0.341856254695563
1759363200,120558.594007013,4478.61686469901,119.462655040932,3.03716879588184,595.313209928441,0.261689274295226,0.40760408773561,333.618063916013,20.0116833605775,0.869464513445758,22.7457237673501,0.342948702268416
1759449600,122348.127640269,4519.82290414962,120.579495693975,3.04454604778391,609.267970739483,0.258836861252959,0.407169121947102,325.918475219512,19.9502072398987,0.867586213935796,22.5671615400562,0.341879774109792
1759536000,122379.744317651,4488.74868907072,120.382106681381,2.96975409698609,590.663197501166,0.250855077643256,0.394156302354359,330.05283864319,19.4588714809785,0.840261457415632,22.0373880189486,0.340402028340864
1759622400,123523.768313852,4518.09387872589,118.890489611714,2.97253317381854,594.455115594635,0.253191925378946,0.396755025067284,321.791970568136,19.4435168165666,0.838188699852405,22.0472126486491,0.341424355642612
1759708800,124824.453666861,4695.78451022794,118.4352982647,2.99317927206053,599.818990714509,0.266653356832997,0.409147199335168,310.783480458846,20.0149519229756,0.8722524007232,23.411749834914,0.346334553980347
1759795200,121587.699236704,4464.01253302163,117.067737536537,2.85754257839239,577.076432213001,0.247738107655477,0.384670880133813,318.067187468626,19.0642848786472,0.821119209309209,21.8895738064992,0.338308201983421
1759881600,123390.353094682,4529.19221332554,118.509000225872,2.886535146575,583.330361554581,0.255841031924709,0.388697411296325,333.969985724768,19.6556278950303,0.839073623723362,22.6178399773096,0.342194331904192
1759968000,121603.33278609,4368.90794301578,125.92517428766,2.80572143064751,580.075825245224,0.248464876391551,0.379894050435029,341.55664834731,19.1923503902426,0.815045740033855,22.0068553572561,0.336487974284405
1760054400,113754.852328171,3867.07758883694,98.2562424308566,2.39529945356825,521.047093509484,0.195054486232679,0.322058225706373,294.126099037706,14.5748811137045,0.640710319929044,17.5675062283144,0.320926239139235
1760140800,110940.113648159,3749.88979456458,93.6688881379921,2.39011116505451,502.100978278226,0.18542139947788,0.323479212376795,297.678785041405,15.0663906762276,0.632600237661312,17.2204076216861,0.31469063318227
1760227200,115152.917045003,4147.5814956166,98.6168116154572,2.5283016006319,541.138527439559,0.207284731336463,0.341543706133838,304.743016715552,16.672559222132,0.699548903799634,18.9986895524591,0.32286616880287
1760313600,115332.252929573,4249.54676563413,99.7157864875651,2.60848778184105,547.494997106304,0.214356529331121,0.351914602430452,311.834599559312,17.5264300893043,0.730674741140427,19.9373679359996,0.323114463926007
1760400000,113327.079410286,4135.18015604909,97.5980722528019,2.50804187221714,539.752011315713,0.204751431591013,0.337742301728354,312.096367042137,16.8993909172627,0.6998906462605,19.1231800458486,0.317061451238952
1760486400,110862.872485389,3984.26746230275,95.2461240176318,2.41219389203956,522.522508867759,0.196205887439906,0.324429928677479,317.745285779166,16.2718722955676,0.668504475926228,18.0517870403453,0.319402870369322
1760572800,108135.049605786,3890.10663062536,91.6031292214159,2.32253863186605,504.519185209365,0.188259741835073,0.311398044532665,300.8672326096,15.7967095295318,0.644311246078365,17.3968883400179,0.315458050358206
1760659200,106625.668651373,3838.55720222092,90.2354532133718,2.29942998945356,470.220906286888,0.185046664313441,0.308765436454703,291.681095636234,15.3714101887701,0.625410520555586,16.6106098270915,0.309114809821483
1760745600,107143.913935126,3888.66811747516,91.6743426607864,2.36042385075626,468.059305587629,0.189511820338584,0.31437573420939,307.082344780003,15.4618719646926,0.634044035493267,16.8179728509477,0.313061464313842
1760832000,108706.663763881,3988.23975043834,93.4697492469501,2.39219606390142,473.528016677325,0.195450039583281,0.317965376674755,315.678114985343,15.7848826478733,0.653562423178789,17.3116494577658,0.320500851619002
1760918400,110640.249515488,3982.14718614845,94.4203421409053,2.49133991165355,479.94246377412,0.199995830374664,0.325295628395749,310.742215749359,16.0182792969927,0.66385547284522,18.666318058891,0.322756790790242
1761004800,108700.382071888,3881.40200701344,93.4305420961875,2.4285159199364,482.23489036074,0.194781987588895,0.3162019448882,304.672708897549,15.7578515369531,0.644110333804859,17.6540854078556,0.322230267102671
1761091200,107667.630188486,3799.0574094097,91.8699526344598,2.3616901796896,472.611271471865,0.189764225011623,0.307588586316632,311.714847460691,15.401950238114,0.622803327977884,17.1810833140897,0.321581008598081
1761177600,110060.936797195,3856.09569199299,93.9468279547503,2.39467971536115,480.943866827684,0.194717500717691,0.311309509904332,323.096189691139,15.6717395851279,0.641990563441247,17.393822330731,0.313812830185122
1761264000,111024.94314699,3932.93122939801,96.4355439546627,2.50640301347705,502.615004595451,0.197668579603003,0.319363868965047,325.915256084244,15.9880882796427,0.656379411597991,17.8893242057957,0.303863378577265
1761350400,111614.535857686,3955.02062916423,96.9508632411703,2.59694510231609,508.810461582825,0.196692382213291,0.324789518647669,334.406912207413,15.9932659441751,0.654863521499391,18.0169490439358,0.297367959263826
1761436800,114557.100460549,4166.26219111631,100.042852517194,2.65043167980749,557.883560862802,0.205965011623948,0.331331862932015,347.344154125308,16.6737910704629,0.682797736673697,18.5850062757654,0.300745421004182
1761523200,114087.773805085,4118.91474137931,99.2342189469181,2.6375106787281,555.807276243941,0.200402966252545,0.322823470376779,340.640143664281,16.4941230469871,0.667074913965051,18.2012117355631,0.298187545679742
1761609600,112980.685846289,3984.36764699006,96.8349232182299,2.60831664858768,558.028898865774,0.19368414182005,0.318329904642654,335.971342935393,15.9108916789103,0.646087843520494,17.8432287802491,0.295550212073957
1761696000,110206.347983051,3902.84432378726,98.8143567098415,2.55998935357378,557.901774255331,0.192811234088356,0.31665883549287,338.33398538354,16.0195432971002,0.641623146201754,18.1430521411891,0.296378704264045
1761782400,108019.723841905,3791.08245061368,93.1395787658182,2.43432737520291,540.459907395195,0.182028566095133,0.29800508948626,323.610638318528,15.34735695835,0.599385716249345,16.7659924829378,0.292124776429756
1761868800,109554.239627703,3851.14513091759,95.6008332976069,2.50883819528448,538.205551810338,0.186485428856873,0.305004620814533,334.614336601324,15.8625703002663,0.609138202200988,17.2444139658766,0.296127216045937
1761955200,110005.295855348,3871.69728784337,101.12848947064,2.50304844284168,554.256322168191,0.187116067095626,0.304876011560742,347.880513945157,16.3068749981329,0.611543983845439,17.1051798916093,0.297405461051747
1762041600,110389.168627119,3892.96733927528,99.1577044797374,2.52196942486887,535.293608872269,0.185840306437848,0.304054270472412,346.534988440691,16.2921837768556,0.607677760323016,17.4675459972351,0.297641880802221
1762128000,106495.802789889,3595.6841440678,87.2586518227013,2.3054489635248,504.288542133712,0.166736603460783,0.277511444654513,345.117645716578,14.9470339801147,0.551204888683402,15.2313192439732,0.281136259932498
1762214400,101349.73723232,3282.72106575102,85.4254901824194,2.21104188609256,481.320588469997,0.162668831034538,0.27008732284367,339.232169445061,14.3287523862445,0.521353196908132,14.7326444002762,0.285309177655524
1762300800,103915.88479135,3428.01642314436,89.6414672143571,2.34699107454875,490.012011213238,0.167506345162376,0.280535042784608,345.545464992267,14.6511120415633,0.546425181184152,15.172032476964,0.289038905647545
1762387200,101241.573677966,3303.66692986558,86.7326686883493,2.2065322674653,471.051206535106,0.161038096535907,0.268642614380785,359.163602902553,14.4960347296635,0.529640102214869,14.6575376861939,0.2834431328878
1762473600,103428.471746932,3438.0656233197,102.068972666806,2.31744154931888,511.458029785839,0.178941972854359,0.291721999242363,368.217358354238,17.7988912546683,0.577466734268162,15.8430370214815,0.29237472351459
1762560000,102335.021439217,3405.3028012858,104.042604275301,2.28422688373204,494.862307379344,0.176045089541643,0.283034133342369,366.354495097657,16.3925596289098,0.568111588147876,15.5117940022189,0.291398868850823
1762646400,104685.54544097,3576.40794155465,109.655738941872,2.3624968102138,502.335813978861,0.179129899084291,0.285027321464551,417.694443648561,16.1310858137729,0.577480827272263,15.9109531267945,0.290554567734024
1762732800,106082.478156926,3570.58905815313,104.734960801278,2.52848499479374,515.827398837434,0.182177524992626,0.30085100078096,386.651732413765,16.4926869914767,0.593720749830158,16.3563109185512,0.296007085497555
1762819200,102974.405611631,3419.72296464056,99.8947158311164,2.39334290389937,506.068532472735,0.172304277214885,0.281882282610927,370.740510389543,15.6547122861142,0.557609497898496,15.3332860010532,0.29722444327824
1762905600,101682.126652835,3410.5313264173,97.6416549420624,2.38319089322245,507.319441433633,0.170094549588403,0.277645078952873,387.322720983897,15.2947452779117,0.545789832496712,15.1547615056834,0.2946948704081
1762992000,100035.310145237,3247.69008825248,96.9650404742562,2.33165771944918,509.176597730947,0.164294264823639,0.269279178244803,387.045834102734,15.0979906245542,0.531440796168044,14.6084721372854,0.293098336215213
1763078400,94502.5476025716,3112.32678550555,97.5975628270024,2.24875854234664,480.573006626454,0.157343006771948,0.259488649475313,390.445919321558,14.6976172729479,0.49820725902819,13.8192206294884,0.292236418975036
1763164800,95541.3158389831,3169.92543483343,102.085115669438,2.23616739098125,501.666471078526,0.163361804049896,0.259581097734888,419.869104361522,15.3249442556966,0.503733272924392,14.1173214319746,0.294247129172124
1763251200,94182.3130996493,3090.50758416131,96.0121103876046,2.21581682764985,484.432401476503,0.158685617008405,0.25447316523367,402.14214077589,14.8065401088181,0.484405050674729,13.7530061797359,0.292114563145505
1763337600,91911.4713471654,3018.11872559906,90.9825395667271,2.15779131953986,489.593420515228,0.151721188919329,0.24630871420236,405.250458820335,14.2597768548704,0.463920592087391,13.2766175718259,0.291169407156076
1763424000,92836.4419111631,3117.43951928697,95.6814347028103,2.21418977338945,523.945859904073,0.161583387378777,0.255872471319374,403.630505167782,14.6332896816182,0.474831711563784,13.7957762849912,0.290312064204372
1763510400,91320.4811332554,3015.43288310929,92.7697637829808,2.1081731211382,485.76695424654,0.154325640288376,0.245661469107078,365.699042684517,14.1910257343783,0.462695281684538,13.5063556710952,0.286468466626471
1763596800,86911.2980590298,2844.77433810637,87.704723752469,2.00821086880877,481.408827659986,0.149856833859464,0.237928186201217,340.793411523779,13.5476848477472,0.434088973922225,13.0061887277465,0.280099650132594
1763683200,84948.0463205727,2757.03679748685,82.3818328136436,1.94301536877642,533.849944336647,0.139759199685401,0.230741064108369,335.841948279886,13.5148747796953,0.408059150396368,12.0839782011872,0.276067317005802
1763769600,84775.0015452952,2772.12619257744,82.2446659425953,1.95083038882478,557.562151701471,0.140369381074203,0.230404627088777,369.363258218021,13.5021335097646,0.404944840543313,12.1655047533366,0.274229371751443
1763856000,86872.4546630625,2802.26699941555,83.0664866565048,2.04839129553369,539.308542472549,0.145257634836953,0.24730714302492,388.122692617509,13.5834409214735,0.409284599768625,12.5229011878063,0.274823281142044
1763942400,88377.6024421391,2958.66075715956,85.7711316590189,2.22923978024453,551.535087372377,0.152117447637322,0.255434647923843,386.267784013669,14.1721624770934,0.428329770882266,12.9965748613354,0.274795520138536
1764028800,87434.550610754,2962.53465195792,85.503841525406,2.20286060629024,527.24976022062,0.153634309528182,0.252677500331321,384.950225158857,14.1820194134413,0.42275232319551,13.1073384611193,0.274396253870314
1764115200,90449.2770675044,3024.35795704267,86.9102962675256,2.22383081774388,544.900379357445,0.154749949012256,0.258643954532332,397.787244351216,14.1312474509091,0.435371307135941,13.4427863973138,0.276382746718181
1764201600,91336.2000452952,3015.04006516657,86.6790206754705,2.20176752661806,533.211052227717,0.152709622009107,0.25559574168523,410.37305207211,13.8749483008116,0.433481843568848,13.3500848076396,0.280124225580313
1764288000,90990.1266104617,3035.43157714787,84.4850998584983,2.18240692922137,549.237018959208,0.150379117993834,0.253640077217088,412.401403772188,13.8004263149755,0.420216169934245,13.1538415409774,0.280941739083615
1764374400,90842.0738243717,2991.32805610754,84.0671977459892,2.20246113394555,521.550508469765,0.148503298920797,0.254252583809076,413.829346670827,13.7208925430437,0.41532037641238,12.9978556039877,0.28096706553554
1764460800,90607.7021513735,3002.61025482174,82.9110781966304,2.1669997977882,543.199092419963,0.146957742535618,0.249204338303155,437.957785456034,13.7639948939793,0.417845361507412,13.0652708030401,0.281745628027989
1764547200,86504.6368156049,2804.79124167154,77.7203373358705,2.03429027769302,523.772172117251,0.135948122404143,0.234408054620756,406.141983263414,12.9894807491172,0.386306476456681,12.1092424813361,0.277563019294138
1764633600,91528.0245809468,3003.37940648743,82.8592718096941,2.15913486649075,547.687020223485,0.146328416579202,0.255575642773809,399.750763086596,13.6033157230101,0.435219981456337,13.5289550693935,0.281086037128757
1764720000,93609.0938658679,3189.75251227352,86.0044024103761,2.20199080668314,591.890888682091,0.152037551610126,0.259083316721627,408.705037495323,14.2116054076088,0.450896104031322,14.6664957703864,0.280589145643094
1764806400,92205.5929544126,3136.48043804793,83.6916243303946,2.09686358729234,574.760349168376,0.147563840546125,0.252088714910839,402.746639467414,13.7487211989176,0.439756633380529,14.2635741530326,0.285916580831443
1764892800,89279.8344634717,3021.45198480421,80.3629481369864,2.03431054838159,560.617681507731,0.139417697607731,0.239864687219751,399.48028151749,13.1364155438479,0.415886660890727,13.5949314296652,0.285534479911616
1764979200,89169.5570610754,3036.21572150789,81.5585708481932,2.0299252417924,584.090394760784,0.139476013116416,0.239312585902905,393.218338497739,13.3003510381802,0.412921165016396,13.9070911103504,0.287472034241263
1765065600,90067.847399474,3048.0956233197,81.1853906777012,2.03795451162658,596.888936677659,0.138196945886432,0.236416409425188,362.880128016268,13.0763413957342,0.416513399273021,13.6010923729439,0.286709575494498
1765152000,90673.1444436003,3125.14534073641,83.8816860715633,2.07308927653419,580.533978410085,0.142533985995255,0.240720065691473,373.161645091015,13.4351282254259,0.431796212089021,13.7509613834894,0.28159769750778
1765238400,92808.8518477498,3325.93575745178,86.1655662443328,2.1097734070447,584.598877726994,0.148290408617746,0.253874302565411,387.902369010284,13.9013273995677,0.469382320509803,14.4533882308431,0.282399347850076
1765324800,92102.9300917592,3329.80832583285,84.7107768648697,2.04647664841182,573.769148628755,0.143827039051317,0.250612635200614,401.012574808148,13.7317675648029,0.454398288165645,14.1431825839665,0.280102771731438
1765411200,92623.7198708358,3237.47843424898,82.9609924396908,2.0366744462767,574.931837657459,0.140579805970934,0.246260106775377,409.652136460357,13.2511135195285,0.424739400727768,14.0763392122831,0.280651876587565
1765497600,90331.6083091759,3087.7986767972,81.9782070317073,2.00991318237913,581.268679754585,0.137035297821345,0.238497035797749,404.540738431784,12.9413961404427,0.409335720703017,13.6562458012006,0.27385485398475
1765584000,90245.267264173,3114.86668527177,81.469918247079,2.02239894090826,579.475131068462,0.139062152934929,0.23786757545812,414.296010436288,13.184871731364,0.410494000818064,13.7311195207361,0.271052662569384
1765670400,88096.3826142607,3060.69585388662,78.8032586685688,1.98024998049476,558.088816957954,0.134042849516687,0.229117550062221,408.946165837216,12.7721940904273,0.396400869390232,13.2738780635608,0.277043786704532
1765756800,86352.5802565751,2962.21389070719,77.6105383455731,1.89544861013766,535.409171550517,0.129522046713531,0.220327538207083,409.089998119456,12.353201359999,0.387458642505619,12.8524033731846,0.278302913428581
1765843200,87752.4290336061,2958.2751081239,79.0474891126786,1.92725710627881,546.064051539807,0.131602865813202,0.219108858311792,430.028323411743,12.6553658134697,0.385169530345803,12.9121800432236,0.280343934390827
1765929600,86059.5522241379,2826.68701724138,75.8797837847103,1.86056871773404,546.04393589428,0.12610204949595,0.210001843334381,418.482681410435,12.0346388436852,0.36641342890094,12.2256171095263,0.279206028952209
1766016000,85434.1928673291,2826.57452688486,74.1810161290672,1.80911561527335,565.189497012244,0.122170469733805,0.20688766653236,415.72707097865,11.6283755466671,0.351768632023175,11.9450434025998,0.279313738172883
1766102400,88168.0738325541,2980.4724704851,77.5460935144384,1.90497710621908,624.72800422897,0.132271730776702,0.219035509303889,443.019433517682,12.3582288188733,0.376787434431847,12.5413569935825,0.280136878977704
1766188800,88292.4536373466,2975.45867592051,77.9529480990892,1.93225950582084,592.731249862071,0.131988203644865,0.218295410761053,478.630659894778,12.3635953647132,0.373144136686203,12.5562365318779,0.281074293079737
1766275200,88533.4309830508,3000.9371943308,76.7002965865195,1.92246198760872,589.454093631298,0.130989273685176,0.216389280307411,471.14312082306,12.1959378437043,0.365707634243988,12.4279811603196,0.288253153247261
1766361600,88474.4622331969,3004.76614056108,76.9765389648664,1.90274275396319,589.554228857276,0.13232053382296,0.220289005586125,462.389025554009,12.2539311581531,0.370873026781143,12.5767189206321,0.284290716121807
1766448000,87365.9937872589,2963.25538310929,76.8613558424042,1.87420959822315,572.826522939119,0.129268612750148,0.217012211281828,448.281951862093,12.0593570376964,0.362683661183604,12.378651211975,0.283286595089967
1766534400,87625.6707895967,2946.73151811806,75.7482516332945,1.8614285467632,567.466905291502,0.12855904970966,0.212409466310594,432.992462508995,12.0137143529288,0.356353548115161,12.2769323447045,0.280066627830535
1766620800,87231.3047685564,2905.2144006429,75.7143418709416,1.83485261434693,591.005568184569,0.123634689739017,0.209553204916721,440.421370971468,11.6877347527864,0.343494690056149,12.0690402478793,0.278494762534719
1766707200,87334.8077808299,2926.08538047925,76.7788349517702,1.84294655192373,593.208520133609,0.121942376473358,0.213481248697561,445.595519495781,11.7032036198363,0.349721500902319,12.1713631143891,0.279466006041457
1766793600,87695.4159076564,2942.30547574518,80.0059884598819,1.86783411591929,622.571164431806,0.124052710264755,0.219743652466199,452.247561498015,12.1425005276595,0.367480636515775,12.44502455013,0.284395222032776
1766880000,87747.6491548802,2946.08468264173,78.4644302645912,1.86288286986304,621.255303288134,0.123632396606327,0.219672647306521,453.299448758823,12.1463166996241,0.366803976985578,12.4439781711678,0.284935018420324
1766966400,87133.5103991818,2933.90624196376,78.2545365035001,1.84789809044382,598.198218036209,0.122751090508853,0.215979332085446,437.500417292646,11.9126461194121,0.352818682668729,12.2912670239133,0.284464148406501
1767052800,88428.4922735243,2969.19949064874,78.6631380887861,1.87486799828944,595.666435112189,0.123210844021678,0.210409826016502,439.031863188876,11.8646279614174,0.351071586971275,12.4051637660385,0.286199439877344
1767139200,87516.9780376972,2968.12801431911,76.7422309061316,1.83955487999317,598.68909698561,0.117296605095423,0.200741216692865,433.257567620637,11.4682203143301,0.332678825701787,12.1958883998331,0.284173698390366
1767225600,88684.2178474576,3000.88881268264,79.8001348352409,1.87677245985715,592.388067124275,0.12663305515341,0.208525748567008,419.63040404591,12.05091327488,0.356429464002176,12.5880838163876,0.286321239888746
1767312000,89940.1801671537,3124.26197691409,81.8672064565685,2.00848038147393,608.096042343302,0.142094549825003,0.219211557902331,424.646661148547,12.5234650411047,0.394215351824532,13.278386795104,0.288643710218548
1767398400,90598.1301832262,3125.24571244886,82.1473969538379,2.01678844537752,654.364423170267,0.143133368980481,0.221779867004152,434.048573200631,12.5773873436836,0.389388802544269,13.235655558405,0.295221663123346
1767484800,91359.7636823495,3140.1174465225,82.1367336286869,2.08915575984679,639.37498102555,0.149359452195102,0.232719686133276,419.241115422229,12.8124330693209,0.399792907327882,13.4064876755925,0.293794914490189
1767571200,93948.5821794272,3229.65402805377,83.7202658956061,2.35468536543888,645.49743042727,0.152087139419205,0.252331358686917,437.610221249871,13.325495863369,0.422609796942464,13.9612634805786,0.292188625028981
1767657600,93574.2871122151,3291.03787784921,83.9135640405491,2.3028740097247,638.805947166568,0.150468622458414,0.243571301365502,441.148136824686,13.3466853471409,0.419602137616785,14.0152024021379,0.293950444541637
1767744000,91208.9562606663,3163.42844097019,81.6358990144138,2.16784316558966,629.706748989208,0.146333833968655,0.233934824825441,436.532713395525,12.8686986496942,0.401837036728001,13.4117282998848,0.29783811153123
1767830400,91096.9161554647,3109.10774547049,81.3176050196156,2.12571275465511,632.226224894919,0.142169526037177,0.230487482741047,453.219301703711,12.6220758586994,0.396165875372716,13.2293654092192,0.294774403100459
1767916800,90539.6032288136,3085.00326271186,81.4232979260001,2.09315904381938,633.979294494184,0.140547807811885,0.22806506769758,451.398531856229,12.6050001219239,0.391059925372719,13.1306932921374,0.29772862311025
1768003200,90406.1424114553,3082.05532378726,81.1010092913885,2.08767082381957,642.745897656017,0.139458951709289,0.22609766450314,470.969898452418,12.5246927000688,0.387631247065063,13.125418574263,0.30157297833176
1768089600,90717.2063153127,3112.54671624781,78.8117521533476,2.06745264725369,647.652868464523,0.137493644609936,0.223613002889133,554.826998914393,12.3225453259055,0.389415204070253,13.1568796951076,0.299139484811264
1768176000,91141.1498489188,3091.07288398597,75.979761783849,2.05164078836326,621.321929111275,0.136570820191263,0.219191110336024,629.737266890477,12.2460069545417,0.386207578828313,13.0589409792171,0.299483189196339
1768262400,95304.4982942724,3322.29855201637,78.1106194935828,2.16232362857567,617.242744210099,0.148377462473669,0.237993251047536,679.475057486095,13.3039000245153,0.421361416545343,14.0524818522508,0.3067165290387
1768348800,97043.9927258913,3356.49862828755,76.6542929416812,2.13828926890532,597.309010034299,0.147199975785476,0.236303756824388,716.296491853517,13.1851093404878,0.414095763457361,14.1128276458756,0.304399451140961
1768435200,95546.1397381648,3314.54089479836,72.144545765801,2.07665464260852,590.435592421005,0.139950791823489,0.228004859642363,683.94640912103,12.6261049465153,0.393483319327219,13.7718984988728,0.311512241181921
1768521600,95489.1299602572,3295.41368351841,75.4445660716254,2.06841925706986,599.786498298834,0.138069989160625,0.226264710551137,626.473850077552,12.7674414959536,0.39553376727515,13.7205152402766,0.309665357060039
1768608000,95106.980462595,3306.92532524839,74.7872624297373,2.0626834523896,593.582861259627,0.137779507348605,0.230152674225781,586.835358703305,12.8387267507825,0.396270564205262,13.7264984400759,0.318624442294594
1768694400,94261.3294313267,3301.93096201052,72.9724363978354,2.00744288431851,594.378218780199,0.132967644136375,0.220111668588511,582.891290104545,12.3821952807676,0.381145936252117,13.4622291070173,0.318736493548914
1768780800,92526.2419643483,3185.10260227937,70.70555932732,1.98797039636338,584.239874552688,0.129156660165723,0.21584904680378,625.124176442704,12.0184878938389,0.369950276477307,12.8687518013346,0.311768044486883
1768867200,88236.5631922852,2937.81746171829,67.0589707663825,1.88772433350892,572.918955611323,0.123287274212653,0.206990720004382,505.958742988466,11.5047656136105,0.350582365059177,12.1247560255164,0.296945633241617
1768953600,89599.361874927,2991.97558971362,68.6063674280205,1.94995982472352,585.676735978796,0.126796879963971,0.212901588509045,523.864108970483,11.6758780294289,0.366562695267575,12.4209813536248,0.299128945346924
1769040000,89395.700735827,2947.89295207481,68.0628389511564,1.92067508162188,598.077654118858,0.124148351312951,0.211283551133252,516.467401650605,11.5543341143732,0.358822634673302,12.2367446700508,0.305133445726462
1769126400,89439.7718909994,2951.59461922852,67.9691918498102,1.91913129241015,594.314508981234,0.124525663860458,0.211919312216499,511.955184107847,11.6389862073904,0.360242909611422,12.1992374283556,0.297300791098962
1769212800,89185.0386990064,2950.6620654588,68.0972854007923,1.91370017239235,593.57416668789,0.12413017046165,0.211731323341511,502.137517953041,11.5714271865174,0.358199602698463,12.1978642553531,0.294996149734016
1769299200,86445.6705926359,2806.82564319112,67.0761494491036,1.83092293199989,569.912097082273,0.119143836823328,0.202919535572443,450.14598389972,11.1129778027075,0.338469553935569,11.4792847516331,0.295179285224966
1769385600,88337.4545511397,2930.17946756283,69.7768069577719,1.90438389178639,579.13504821984,0.122391615334832,0.207083189646923,461.091296009424,11.392345157131,0.352347839371561,11.9576307224457,0.296505845427928
1769472000,89260.3805397429,3022.82405873758,70.0800480568557,1.91586832402123,601.030845215398,0.126094468864375,0.208566872229751,470.098161050916,11.5767989094659,0.360866173752729,12.0468334103751,0.294247464423868
1769558400,89177.7892507306,3008.43984979544,69.4216877511173,1.90870255820813,590.28815698606,0.124947449267992,0.210309296987175,468.443209747715,11.5436853757552,0.358416076157845,11.8404186586388,0.294865409744958
1769644800,84520.3973106371,2818.53491466978,65.9903741958423,1.80298720975596,553.932152888434,0.116970748378499,0.19857429775515,459.949168030937,10.7779878752367,0.333793981944221,11.0846254574696,0.294556251382967
1769731200,84017.0340292227,2699.6404661017,65.240095685376,1.73004155356402,551.906540938361,0.115548945742585,0.191268451147238,463.096477472014,10.5618108344307,0.3202213088786,10.757908895657,0.293646553516997
1769817600,78702.38550263,2444.24318264173,59.3567050795672,1.64055541409198,505.000038706183,0.103870373469766,0.180290740712579,462.993705861069,9.73409998706454,0.292892617605943,9.94729234295811,0.28615202806596
1769904000,76911.0523772648,2270.22719140853,58.5077849325467,1.59211049390833,517.152098731288,0.104259649925104,0.175369466611298,407.423359582636,9.5210789857684,0.286294928662773,9.42036960099582,0.284609417942058
1769990400,78716.6018088837,2345.61446464056,59.9609620897854,1.62012953094697,539.621791086165,0.107998575267705,0.178690669064858,385.408802443898,9.81998562349735,0.298994218424091,9.81180149444857,0.283098522072723
1770076800,75684.7660277616,2231.42898305085,59.3340717889649,1.57586756149362,525.247760094427,0.105792311858013,0.17561587273992,372.275971400483,9.55456546172812,0.291214143345471,9.46934989071709,0.285675930319304
1770163200,73095.1914646406,2147.39338924605,58.7899529212861,1.51422788853848,531.330593121743,0.103788636966091,0.1711352348257,383.573311660593,9.33616474230314,0.286236647061006,9.25262376707325,0.282711008823496
1770249600,63494.6884456458,1850.0371659848,51.2610649818667,1.22734717781682,460.068362179959,0.089107172762221,0.147959179885633,295.97531725052,8.10674724500937,0.247614545888786,7.99359380940605,0.269598200779584
1770336000,70647.6982188778,2064.07685622443,55.1108682480743,1.47078181863766,527.189829339544,0.0986299204207609,0.163963285168255,321.490621341201,8.8521663897557,0.27654156046155,8.88441215637063,0.273941980779077
1770422400,69166.2594424313,2086.30893687902,55.1968095896341,1.42198848748195,525.44517251747,0.0981133181247895,0.161533283714506,329.048071856777,8.77270529332551,0.271757530264248,8.89765767528875,0.278073712603966
1770508800,70522.5892393337,2093.81263588545,54.5018157791415,1.43264462947803,527.092523970528,0.0967655394270551,0.161593239769323,317.028134520627,8.57223469025721,0.270406268734736,8.82961962048023,0.27796899579322
1770595200,70244.1017773232,2107.02768497954,54.4885003833208,1.43921270091935,533.332572928627,0.0962655655297572,0.159757776702278,334.64933713131,8.60686657137336,0.270033971398976,8.85116210605095,0.27874245699467
1770681600,68688.793113384,2017.25694389246,53.2913972968388,1.39879031673772,524.066744869572,0.0927152950527073,0.158139765753744,344.344729616708,8.32191224122503,0.261530123688939,8.55376426936297,0.277899524495051
1770768000,66989.7165920514,1940.05835008767,52.1851974848945,1.36591222685324,514.543289902405,0.0908767671484398,0.1542916517597,345.360389276846,8.12995956787352,0.255328182124001,8.30583291538225,0.277632480424737
1770854400,66221.5443115137,1944.85649064874,53.0596194553278,1.36251425488249,502.550709671859,0.0930118935148602,0.15622592431031,334.02748143802,8.23677974522576,0.263729726744503,8.39700971432529,0.279709672216128
1770940800,68860.8411633548,2048.51233459965,55.0837078084337,1.40472751051373,564.277568411572,0.0966220414153416,0.164561848691163,350.607472432465,8.52675130269216,0.272309886602094,8.77383240862789,0.281916764132193
1771027200,69798.0791253653,2086.63942548217,56.0550605948147,1.5077722873757,562.951571526636,0.111027559934413,0.174506121293135,358.709114185485,9.00217399320486,0.295259374234663,9.09199481709524,0.282457076975705
1771113600,68629.9599760374,1960.28208912916,54.8940452595688,1.47054556649136,553.435902230635,0.102399768672995,0.169845386554168,330.619418555892,8.71087161093165,0.281149427884238,8.74976599134866,0.280300997831935
1771200000,68747.4380286383,1996.39197632963,55.0447708438966,1.48617917135298,568.942668921789,0.100880173160618,0.169776094917989,325.905366451939,8.8285048144716,0.285474965935064,8.91889510068518,0.284364796021382
1771286400,67471.0508465809,1992.43069666861,53.9235839145477,1.47386896052928,563.072481610322,0.10060751046904,0.165684732587368,332.763294014361,8.67592340910642,0.2808609856005,8.82889488502348,0.281925180432589
1771372800,66380.7069611339,1951.87398100526,53.2101265602061,1.41719049970698,556.559197121238,0.0983588824850184,0.16116372802003,330.57415721568,8.41659983455221,0.273089176387935,8.58471183048353,0.278550882456625
1771459200,66932.3522118644,1947.86147194623,52.6697309884103,1.40554966885984,560.477608988336,0.0982027193244035,0.158617410785521,337.658031104562,8.26645872052213,0.272543340192785,8.56219348007091,0.284820950128994
1771545600,67977.3092612507,1967.10513237873,55.1967539311228,1.42794107325492,562.093525677363,0.100137765008827,0.162488218570574,332.278036176757,8.75518423941389,0.284872244056729,8.94454872264352,0.285408987800433
1771632000,68020.6677612507,1974.53984687317,54.9517719462578,1.43246060262339,564.538373097048,0.0986421794014543,0.161141413097808,326.353336782679,9.05687558021393,0.280215574135538,8.88169981816849,0.288972522779167
1771718400,67550.0240768556,1952.79213763881,53.3850183041889,1.3918842708731,570.241637511526,0.0953326171647723,0.154787857917302,327.478700899471,8.5134373735338,0.270883155032349,8.66341879571571,0.290368341066086
1771804800,64689.9123308007,1856.81448451198,51.3632102330111,1.35403413567239,497.576922829896,0.0928070974701832,0.151491423582373,307.23715501533,8.36144806352358,0.262843728217439,8.28368444488713,0.281446820803432
1771891200,64123.7510780245,1855.42052542373,51.2041223020752,1.34909444115178,485.058103340061,0.0915163575015874,0.149902489013859,322.170620320248,8.31215051477358,0.258943097686649,8.20843696044053,0.283385927303106
1771977600,68038.5221794272,2057.28647662186,56.6271336924603,1.43330475633361,494.631130002814,0.100902522029142,0.162985923340598,344.046443785634,9.16075835273821,0.297659648881567,9.27223742844252,0.285410659994185
1772064000,67519.2645292227,2028.46234950321,55.6357286110153,1.40138484185071,479.143660387951,0.0969980059249576,0.162190713069404,343.670020383609,8.87082341198742,0.28706096309894,9.10581749713988,0.285672127273545
1772150400,65864.1358170661,1929.70612916423,54.4826832964695,1.35532473150997,460.80800489733,0.0932772561501724,0.158697283614514,337.732745095229,8.63325414214377,0.277474432369381,8.70335165470635,0.282856717643385
1772236800,66965.6353091759,1963.48860958504,54.3932479781263,1.37807889047998,457.263658625192,0.0940236537646634,0.159535454473486,337.318942457888,8.67236743203103,0.281407534250339,8.84379784279019,0.281920379238392
1772323200,65733.5212597896,1938.46658766803,53.2426497385651,1.35124343443143,440.935372190592,0.092067509299941,0.154200299157403,342.144296625514,8.47895197871447,0.273600690786676,8.66871001092128,0.28070581495935
1772409600,68922.6242974869,2033.1883918761,54.5943945601309,1.3922145008451,444.733573021502,0.0936806649665128,0.155617187237887,345.652919094145,8.72734674906122,0.277232469139171,8.96293408034226,0.28333511527854
1772496000,68431.1740306838,1987.20545324372,54.8665230067807,1.36158746342657,445.751492563528,0.0901201897355306,0.151509131027805,341.11443404225,8.50426766876057,0.262880095010649,8.82322833254778,0.280565273687011
1772582400,72667.4630575687,2127.57280157803,56.7779524820327,1.42909933840995,466.899418275054,0.0992770026850288,0.159848047253381,356.324820426391,8.83377226031958,0.275903794981113,9.3517750258076,0.287177031973419
1772668800,70987.427176505,2076.63328696669,55.5463624170996,1.40436658237034,462.393178642934,0.0936353268730126,0.157056988893655,362.487450094745,8.66293270891245,0.269130400890581,9.20628037339086,0.28528486934309
1772755200,68226.7053927528,1982.56379865576,53.8911050319477,1.36406045475808,450.255626508203,0.0912860484367377,0.152246627207887,351.780899230015,8.25282411261552,0.259237474094877,8.79594077513138,0.284655336101099
1772841600,67315.5529135009,1970.38521595558,53.5495788652612,1.35634005828193,449.681953182413,0.0899258842372585,0.150229307609436,346.269128784698,8.11444789868695,0.254594797051777,8.69761965846154,0.286589982635409
1772928000,66202.6978731736,1942.91124810053,52.699188589405,1.34408684975681,443.493059774948,0.0892914460300284,0.148710391066483,336.042261740863,7.99612328419503,0.249828156255177,8.5353090402775,0.289102346292973
1773014400,68528.5384699007,1997.0082761543,53.7499585293665,1.36310182023696,445.537628101576,0.0905073068178198,0.150761260371106,340.874162879955,8.15915804420995,0.25524634869262,8.87597525754382,0.285559109360355
1773100800,69891.8238576856,2034.95413851549,53.8167893164765,1.38637903817392,446.723451510098,0.0945794819462048,0.158877954136903,353.224078092379,8.23693236978382,0.261923467771524,8.98378784000957,0.28593791815001
1773187200,70298.5753530099,2055.76802717709,54.8007389228356,1.38689208506257,455.805909097327,0.0931088025464259,0.159474480535612,352.697296933738,8.29982636220203,0.262988879423334,9.01601598300004,0.290983830531264
1773273600,70538.1074623027,2078.93747136178,54.5835198501751,1.3856686921585,455.741373261441,0.094850762336284,0.160403251958471,351.149355564273,8.27726593919392,0.263634893525522,9.05957129422174,0.289112270245148
1773360000,70930.0132793688,2092.09332115722,55.3061803912406,1.39830247102097,460.739402729984,0.095938456450972,0.163864220552671,358.777460061745,8.48909281341716,0.265635761150872,9.08893327817268,0.293445630606182
1773446400,71136.2179199299,2096.33251081239,54.9064770141371,1.40539254708432,467.13638607029,0.0958624208042034,0.166174763462724,355.786394029492,8.25842397581708,0.262693947279463,9.15226323064406,0.298125089176689
1773532800,72712.1461957919,2177.81211718293,56.1189620438685,1.44648258220994,469.146139552549,0.0972596933664044,0.168927461353756,357.237139658035,8.45909755522512,0.26962861569307,9.46787946815656,0.29878628330748
1773619200,74723.9575534775,2351.36226241964,58.6987564022068,1.54453863384549,479.004667121033,0.103009257225806,0.176092796077565,374.976848119649,9.04530032526124,0.290483323030341,9.92710238364547,0.295681603276568
1773705600,74086.013609585,2323.31525803624,58.1991158108922,1.52162067565625,471.688831646289,0.100371529054866,0.174143069284652,369.118263829502,8.87703352984514,0.289588715431693,9.81576885798387,0.306987783082119
1773792000,71253.9579275278,2200.48282583285,55.9775054272596,1.46325173252424,456.302862073538,0.0950955502266256,0.169760284057869,346.819817422099,8.49321951784202,0.274175393830951,9.22076944292549,0.304417556246973
1773878400,69948.9048267095,2138.02135242548,55.4892366817382,1.44680542659402,455.39327695522,0.0934741503969337,0.165237090134128,339.374956084463,8.33577173454134,0.267157358751022,9.03959155110607,0.303710432132596
1773964800,70510.4196797194,2146.58037960257,56.1460717593682,1.44418506349888,473.670430995332,0.0941127170984735,0.165446867681018,348.050058573062,8.40605452121361,0.265967487914667,9.11212398721079,0.30985996902228
1774051200,69707.285009059,2124.59659760374,55.3265381791412,1.42716511768749,464.950015794133,0.0929153354418413,0.164000087288532,344.472532210326,8.29525254867103,0.262192493109263,8.98726641423094,0.312298135189573
1774137600,68018.1534815897,2058.15253477499,53.5510309545762,1.3870183840334,469.029324102898,0.0903163842384348,0.156331618460832,363.012440259943,8.04733468705465,0.251246838040706,8.70687864064298,0.310640625106685
1774224000,70726.2110461718,2148.12646025716,55.5777618658198,1.42964523512777,476.697320903537,0.0939729192934012,0.166302756857823,350.854780042362,8.56189958014331,0.26123103413842,9.09535803238041,0.307004597035521
1774310400,70610.0187121566,2157.06026037405,56.382792522793,1.41493622586744,477.835421288575,0.0951007674613059,0.174327534906978,340.761511666036,8.65105150589251,0.266142823112459,9.2445984836952,0.306275376381312
1774396800,71281.2973921683,2168.53179485681,56.5946585978778,1.41469494149626,473.227903884516,0.0960691465400206,0.177495445783642,341.189610117733,8.66952954897754,0.270120932446826,9.37353348584897,0.315272004633973
1774483200,68722.9718366452,2059.03193045003,54.5191866155717,1.35948204300768,461.820351126352,0.0919205149010317,0.173995487604305,328.245585282815,8.20319709996022,0.254298394455938,8.91043300888826,0.311183222246363
1774569600,66214.1715134424,1988.89868147282,53.5818890672185,1.32234705491297,472.215449894944,0.0899442229750988,0.167108571175264,324.778208329027,8.08116222523451,0.245774436356728,8.55020034754235,0.310333606264171
1774656000,66351.0725251315,1994.39515926359,53.8310536141064,1.33254931562844,480.952943692663,0.090863541456168,0.168063363687618,331.294822490748,8.03428444999911,0.24593410093182,8.44109387733785,0.316337459152047
1774742400,65966.7523939217,1982.87323611923,53.2347799372507,1.32644378982552,450.757875409186,0.0903375467518228,0.16439252044032,326.858512292145,7.92130759610434,0.239400060473033,8.40545010250295,0.321873125201081
1774828800,66651.2320037989,2022.78023845704,53.2245209387841,1.32243752242029,459.215264262312,0.0907034882642118,0.16731920310478,321.486033639843,8.06262840911447,0.243175131016562,8.60745979863704,0.319311975315672
1774915200,68214.8680388662,2101.43189275278,53.8929032724456,1.33873950375083,466.424900798291,0.0920899016501907,0.167081737536712,332.841169456047,8.17132916434156,0.241252489897758,8.76670514336468,0.31324046533451
1775001600,68116.8167933957,2140.8786440678,53.87609312748,1.34857165436364,454.18389340005,0.0923754917538174,0.169392884044233,336.996964397731,8.19101202254358,0.247891005972683,8.94285222939667,0.315776422876434
1775088000,66908.3179918177,2056.41651402689,52.2339953565686,1.31822452908402,444.556217797817,0.0903540497339173,0.162961552702853,326.235474193077,7.86883974577094,0.239299949078851,8.62492894167826,0.315283021568195
1775174400,66891.7422279369,2051.62035242548,53.1969890924678,1.31637852121114,443.040614369931,0.0914557518066812,0.162766159541631,315.7388972428,8.07834146989439,0.245815396467881,8.65432174238465,0.315324794662065
1775260800,67295.1309137931,2064.24038983051,53.5695183069215,1.31464935779487,441.230341845589,0.091946022019055,0.161798273610876,325.262391072767,8.6460353955035,0.247822808818938,8.68899061036962,0.317574081360357
1775347200,68921.8060911748,2110.88525014611,54.0267519946531,1.32494153020614,427.137305255353,0.0921701999984067,0.162198132607114,331.229963396297,8.76380255690749,0.250057022688773,8.81272416384792,0.318891620717661
1775433600,68742.9133085915,2101.85518877849,53.4815168860581,1.31971874390013,434.976477801913,0.0904660997113522,0.155723358568368,325.550433463274,8.41538775259976,0.245914644450691,8.78645434507006,0.316401604474307
1775520000,72057.1243614845,2247.90510198714,55.4391637381147,1.38365471995597,446.376087850904,0.0953505573052746,0.163758244297721,344.494664596224,8.88392138100546,0.264633061678752,9.32432690149814,0.315542739849086
1775606400,71085.0583702513,2188.63042168323,53.9772838978217,1.34192016252834,441.201007393808,0.0923972789695944,0.157812457291512,325.036842933192,8.42209928592377,0.250702368524664,8.86481798215604,0.317810710524424
1775692800,71788.6797825833,2190.25052630041,54.5448908437545,1.34495620554225,443.517419705331,0.0926473241521593,0.154806833413526,346.13356536201,8.45490907995258,0.254305521496247,8.95982307673233,0.320244275624031
1775779200,72945.0707241379,2244.5331244886,54.9809875468196,1.35642966156807,444.083755409505,0.0936943415426325,0.155181713903893,344.524185434656,8.4959478865489,0.254217068283591,9.09013829040237,0.319298681391207
1775865600,73119.1091168907,2286.84805523086,55.0770827910808,1.3559370775627,437.836068258717,0.0931398403852945,0.153790914411499,338.412698120521,8.43622885964035,0.249651554256846,9.07693895654771,0.318997804452709
1775952000,70685.3697019287,2190.14021800117,53.4678240576881,1.32456365907942,420.855695105711,0.0907222666806938,0.150394456013634,335.580111426862,8.13081435839803,0.23623668241117,8.73057361456001,0.321688598236053
1776038400,74632.7455856224,2373.1848176505,54.6237509511886,1.3777113385475,438.887892205645,0.0941265887179419,0.156190498686358,346.757458377928,8.57089455218889,0.248268241060749,9.37343883796675,0.320815270640097
1776124800,74173.5083603156,2323.2110119813,54.323225658558,1.36275881370153,436.366226551396,0.0930633347934423,0.154865835214875,344.730779060497,8.31695166458358,0.239789939484908,9.02569460638772,0.323756132792158
1776211200,74761.964654588,2356.77637346581,55.1108329644352,1.38999443722292,440.302113277782,0.0948219009511232,0.15756786786959,345.521070132285,8.44139628565774,0.245932610243655,9.24825650309996,0.327253152722797
1776297600,75095.7442159556,2349.62938018702,56.3483800243076,1.45333173599435,454.397681739452,0.0993199378410896,0.169083666254937,343.388201423792,8.74841345715081,0.25948019399262,9.56690773014776,0.327153609916901
1776384000,77114.481438048,2422.26582729398,56.4600818492767,1.47743079482343,453.55279220342,0.0994800354021639,0.17432189295515,348.052152766966,8.78201963585455,0.258780581047805,9.62275069436444,0.327853353921304
1776470400,75792.0637510228,2353.92359760374,55.759151031292,1.43643387666018,444.481656645959,0.0949721666560159,0.170742224194036,349.922712365958,8.51531539274948,0.249784368790723,9.30399993066764,0.329641867746968
1776556800,73905.2041016949,2265.85590707189,54.059904598269,1.39552756105552,435.388258481286,0.0930018416045273,0.166632189602146,348.762891342781,8.2340689893521,0.242291206960999,9.06221820113637,0.32921297840603
1776643200,75814.1453237873,2313.76751227352,55.0149696607432,1.42421368170303,443.936870683501,0.0951914273152196,0.173495970817498,353.395352594239,8.39418087868017,0.248164771271642,9.28752301523224,0.32911277811884
1776729600,76107.4432977791,2323.70637346581,55.4404093759328,1.42879842016751,447.818929364408,0.0949534925545319,0.178639306617832,385.763626452984,8.41598265242077,0.249292696899847,9.37980308033415,0.333020018916387
1776816000,78317.7422720631,2381.7532030976,55.6629981217046,1.43158446876229,461.133894183434,0.0958817261851256,0.176880652665262,368.60285220319,8.47559106880797,0.249061206861191,9.31476735175002,0.329929456335329
1776902400,78233.6837492694,2330.50318468732,56.1948537397033,1.43761180449562,460.370515215111,0.0971910169567701,0.175584997794134,378.968248990729,8.51455268708747,0.249772182285077,9.34275415263597,0.329011932552812
1776988800,77444.269277031,2315.61822472238,56.5054393905318,1.43356029700956,456.240502922687,0.0983190481102637,0.173114789276175,368.290395695441,8.53324007992653,0.250457025473995,9.37889326238658,0.323677067351516
1777075200,77624.7114821742,2319.27642343659,56.0436339875238,1.42421415749739,453.478998556742,0.098043799433696,0.169857002430606,372.893653262362,8.44812135677926,0.250191258589496,9.34322003870293,0.324226578452388
1777161600,78538.7733573933,2368.8221779661,56.2824147719519,1.43047133164952,454.718932128651,0.0992180826758106,0.170904866252081,392.695484408105,8.5264643272329,0.252153074221965,9.4883882660387,0.323638504799735
1777248000,77256.297159848,2297.93676651081,55.4952831456312,1.39963984629865,449.130709039188,0.0989226614629593,0.165879520389709,381.491150970196,8.38381780503854,0.247812278670924,9.29833613676703,0.325218317281562
1777334400,76295.531117183,2287.49049327878,55.6138444959917,1.38025048358799,452.541862112071,0.0992267619320347,0.161830938096378,378.04087461276,8.38667091815056,0.246655734157706,9.23205512894084,0.322908342209834
1777420800,75795.0098530099,2254.10393863238,55.2738930501597,1.36847555332631,447.546455343567,0.103826551553952,0.159629624516845,376.220481529411,8.33283292136771,0.244215282302102,9.11477140751363,0.323136902670278
1777507200,76299.6161285798,2256.61539976622,55.1442152755307,1.36646519779756,441.116188705094,0.106395866410042,0.158407663816885,379.615565225963,8.32982990202436,0.245991765894093,9.10306750721852,0.326428146486716
1777593600,78132.6437852133,2292.81031618936,55.3772141009408,1.38425225129318,450.399393743499,0.108322472552441,0.159514071273042,379.284513777024,8.40287767384912,0.248038672113481,9.08635039346082,0.326746967497242
1777680000,78712.5387317358,2318.91120660432,55.3402559619467,1.39481648184625,445.668596837291,0.108509738394186,0.159961530918563,383.549372691432,8.52512332238631,0.250356879738053,9.18210703455934,0.330078254269432
1777766400,78649.1732893045,2326.03863559322,55.3597911939543,1.38971137306308,443.544037414003,0.108497862304797,0.158160035806134,391.525758269682,8.49301449171671,0.24980320842181,9.14214709239676,0.338407152750044
1777852800,79826.107817066,2347.40537580362,54.9605762514052,1.39156782460128,443.722066447803,0.110139653642679,0.157358556333443,405.197404745548,8.67929882054265,0.249923737004373,9.35471628295396,0.341138856327397
1777939200,80936.7548252484,2360.64430946815,56.3463379857891,1.41283809930677,461.883287298508,0.114920180630583,0.159811069753527,412.270657571829,9.00846756804012,0.262179381183037,9.76524458060526,0.344599063851775
1778025600,81364.6201285798,2348.57684628872,56.6406324028729,1.42383699866187,465.241950014562,0.11234522767403,0.161282612217445,414.103997387876,9.36170581524412,0.266603948353431,9.99310988616679,0.346444575273483
1778112000,79988.9987343659,2290.27787580362,56.4429837511086,1.38670945367462,450.217367285582,0.107740964843346,0.15804002113845,398.640077384748,9.21869723394868,0.262490255607475,9.84994828540583,0.348857920460821
1778198400,80179.6922957335,2306.36417153711,58.2388078744739,1.41739639534263,450.373785492443,0.109392876599094,0.163122185887346,400.989183379317,9.77483318236144,0.273445955040029,10.3241243525581,0.350506239316606
1778284800,80663.6296519579,2326.38885505552,58.0217201704144,1.42026790979141,449.782933767256,0.108717806749567,0.16259434252131,409.921294494977,9.58150585938435,0.270854494910674,10.3711560632838,0.350080148086662
1778371200,82256.781137931,2374.78948042081,60.3156948090244,1.47357382777462,463.586298947355,0.112333781110384,0.16949863027714,410.499701306516,9.98687257546289,0.28280569367004,10.7277630616723,0.35061705157818
1778457600,81714.7420499708,2339.08045149036,58.4926392511836,1.47618513765022,450.219999453419,0.111236488420805,0.168488155825931,417.224458948754,9.77871735741594,0.28032990677044,10.5835714285431,0.35118605025378
1778544000,80525.563024547,2277.51648568089,57.9761736890235,1.43689336907108,439.69265124645,0.110064026792587,0.162525362656056,411.441318268628,9.40593509243791,0.271298893279778,10.2947039093992,0.349270844544835
1778630400,79291.9110017534,2257.2091616014,56.9586166154434,1.42504490991238,433.931150876005,0.113096952727456,0.1589978479154,397.57168971593,9.25321269442838,0.264704333790716,10.2044064337259,0.349670212671261
1778716800,81175.8271116306,2288.82837726476,58.2584850260113,1.48958112126659,435.600555551644,0.115525415553774,0.16255359287547,396.632015141191,9.48828033681676,0.271293869137536,10.5035753051416,0.353655326827519
1778803200,79063.4145756868,2223.05238603156,57.4579633307945,1.4335042214466,426.301123673602,0.113396129075917,0.154579455724355,381.393162590871,9.25020682859854,0.261343631623784,10.0638638147771,0.35188684191193
1778889600,78164.4952711864,2180.49946230275,56.145308376741,1.41388569708992,415.779536019872,0.109352546699542,0.151783042848128,387.976552391379,9.03989141732666,0.254970335064573,9.71921829370831,0.355091483017175
1778976000,77497.697113384,2143.14334921099,54.7676497419554,1.39950219867476,404.087617639948,0.108606720224122,0.149279502138615,390.139445633931,8.85706789853269,0.251410905190331,9.56807314557285,0.35563141826679
1779062400,76975.9111998831,2130.19724284044,54.3367719760237,1.38994848170148,379.499901241989,0.10474091762853,0.147273200083658,383.322524587134,8.9316169271021,0.251495100706801,9.59417297765537,0.35551984155154
1779148800,76807.460956166,2112.00750058445,54.3558612123178,1.36139367694394,369.747015182381,0.103007532108748,0.14357403940939,398.503107169038,8.9606866469822,0.248552244075074,9.45713095172527,0.355999796018335
1779235200,77408.1722089421,2125.16858094681,53.8733027606805,1.36424906701949,372.352695116617,0.103439867658188,0.143487961644841,403.521033795244,8.98199091909286,0.248801437580406,9.60958295824751,0.358903004063519
1779321600,77595.3861717446,2132.1346595938,54.1383764327596,1.3716362108129,380.503296614992,0.105428524809072,0.146462935124326,391.561643910962,8.96920068114756,0.250437806536661,9.7300359572389,0.36491323488656
1779408000,75567.5430431093,2066.76720977206,52.899768579625,1.33555667578869,363.620866946224,0.10270775279759,0.143944687220164,381.057611427173,8.80722777141862,0.243471066638739,9.45718944091056,0.362067416519095
1779494400,76619.8666090415,2116.16834102864,53.4395554309887,1.35782610818712,355.173350387769,0.102976786801184,0.147774352763952,386.555647206341,8.99353088981606,0.245818490801265,9.55626181596532,0.362471602789955
